# Resource object code (Python 3)
# Created by: object code
# Created by: The Resource Compiler for Qt version 6.11.1
# WARNING! All changes made in this file will be lost!

from PySide6 import QtCore

qt_resource_data = b"\
\x00\x00\x01\x15\
<\
svg xmlns=\x22http:\
//www.w3.org/200\
0/svg\x22\x0a     widt\
h=\x2210\x22\x0a     heig\
ht=\x226\x22\x0a     view\
Box=\x220 0 10 6\x22>\x0a\
    <path\x0a      \
  d=\x22M1 1 L5 5 L\
9 1\x22\x0a        fil\
l=\x22none\x22\x0a       \
 stroke=\x22#EDEDED\
\x22\x0a        stroke\
-width=\x221.6\x22\x0a   \
     stroke-line\
cap=\x22round\x22\x0a    \
    stroke-linej\
oin=\x22round\x22/>\x0a</\
svg>\
\x00\x01\xf3}\
\x00\
\x00\x01\x00\x07\x00\x10\x10\x00\x00\x00\x00 \x00=\x03\x00\
\x00v\x00\x00\x00\x18\x18\x00\x00\x00\x00 \x00\x1c\x06\x00\
\x00\xb3\x03\x00\x00  \x00\x00\x00\x00 \x00\xdb\x09\x00\
\x00\xcf\x09\x00\x0000\x00\x00\x00\x00 \x00Z\x13\x00\
\x00\xaa\x13\x00\x00@@\x00\x00\x00\x00 \x00\x17\x1f\x00\
\x00\x04'\x00\x00\x80\x80\x00\x00\x00\x00 \x00Fc\x00\
\x00\x1bF\x00\x00\x00\x00\x00\x00\x00\x00 \x00\x1cJ\x01\
\x00a\xa9\x00\x00\x89PNG\x0d\x0a\x1a\x0a\x00\x00\x00\
\x0dIHDR\x00\x00\x00\x10\x00\x00\x00\x10\x08\x06\x00\
\x00\x00\x1f\xf3\xffa\x00\x00\x03\x04IDATx\x9c\
=\x93\xdf\x8bUE\x00\xc7?3\xe7\xe7\xdds\xf5\xae\
\xeb5+V\xf1G\xb4\xb4\xfe\xc2h)K\xc8\x8cz\
\x8a\x22z\x10z\x8a|\x0a\xa3\xa7z\xa8\x88\x02}\xf0\
\x1f\xa8\xa7(\x88\x0a\x82}I\x82\x15\x1fR+\xa5\xda\
6\xdd0t\xed\x07\xdb\xba\xab{\xdd\xae\xf7\xf7\xafs\
\xe6\xcc\xc4\xcc\xc5\x0e\xcc\x81sf\xbe3\xf3\xfd%\x00\
#\x04\x18\x83{b\x1f\xe2\x08|O\xb8o\xfb\xd6f\
8\x9f\xe5\x86Vo\xb8\xee.\xc6\x17B`\x8ca\xd7\
\xf6\xf5\xbcr\xe4YJ\xa52wjm\xfa\x9d\x06\xb1\
l\x93\xf5{\x04\x81\x05\xf8\x84\x91\xc4\x98\x8c/f\xae\
2w\xad\x8e\xc5J\xbb\xcb\xce\xfb\x22>x\xf3U\xbc\
\xf2AN]\xe8P\xa9VY\x5c\xad3\xf3c\x15\x15\
\xa4|yz\x95\xeb7\xdb|\xf3}\x95\x7f\xd6J\xbc\
w\xf4q&\xc6#w\xb0\x0f\x86\xc3\x8f\xee\xe4\xec|\
\x8f[K\xd3x\xba\xcb\xd7\xa7W8y,b~L\
\xb2\x7fW\xe8x\x18\xd3\xe4\xfcOu\xea\xdd\x06\xd7\x16\
$O\xee+\xb3\xb0\xbc\x82\x1fy\x96\x90\xcf\xc5\xd9+\
$j\x91\xd7\x9e\xcby\xf9)\x8fZ\xbd\xc9;G7\
b|x\xfe\xf0:N\x9d\x1b0\xbei='>\xaa\
\xb0\xa2$\xf7o,\x11\xfa \xa3\x10Z\xed.\x8d\xda\
m\xae\xde\xec\xf3\xc6\x87uf\x7f\xa9\xf1\xe2\xd3>\x81\
\xec\x90\xd0F\xb7j\xbc\xf0\x0c\x8c\x95R\xf6O\x86\x08\
\x04\xed\xae\xc2\x97\xc2\x0d\x9a\xed>I\xa0y\xeb\x88\xe1\
\x81mEFK)\x8d\x7f{\x94\x8b\x0a\xad%\x86\x80\
\xac\xae\xd8\xbd\xcd#\x1bdt\x07\x86L)k \xbe\
s\xcf(\x96*)o\x7f\xda\xc0\xa8\x9cB(\xf9\xea\
D\xc8\xf6-\x1a\xd5\xcf\x88\x92\x94^\xd30;+\xd8\
\xb2\xd9\x03\xa1\xc8\x94vvJ\xeb\xb3\xd1\xb9S\xb4\xd1\
\x0f\xc9\xc3\x02\x9f\x1f\x1f!\x095\xaf\x1f\x87J\xd5\xe3\
\xe2\x9c\xc7\xcc\xd9\x94\xbfn(\xa6\xbf\xed\xe2I\xc8\xf5\
0\x0b\xd2Jl\x8c&M\x15\x13[=\xa6\xdf\x0d\xb9\
ty\xc0\xd4\xb1\x8c[m\xcd\xe5\xeb\x86\x93\x9f\x19f\
~\x95\xfc\xf0\x9b\xa2P\x08\x1c\x05{\xa0A\xe0[\x8b\
\x04\xc3\xa8=1\x01\xef\x7f\xdc\xe2\xe7\xbf\xed\xd5|\xf6\
\xec\xf0\xb8\xf4\x87\xe1\xcc\x5c\xc6#\x0fI.\xfc\xae(\
D\x1ea\xe0`\x0e\xe3\xbb8z\x92\xc07|r\xa6\
oYQ\x884/MM\xf2\xe0\xd6\x16\xab\x95M\x1c\
\x98\x8c8w\xe5;\x928&7\xc6\xf1\xf6}\x9bJ\
\x90\xf6:\x85H\x10\x87\x1eq\x14\x10\x86\x9ar\xb2\x99\
\xc7\x1e>\xc0\x86D\xb0c\x5c1\xb5{\x1f\xa3#\xeb\
\xc8M\xee\xe2;\x12\x07\xae+\x03\x052\xcba\xf9v\
\x97C{b<)H3\xc1 \xcfXXl\x92\x8c\
\x95\x11A\xca\xf2\xd2\x9f\xa4Z\x90kA!\x8a8\xb8\
w\x94\x1bk}W2\xd7%+\xc1\xa1\xbdE\xee\x19\
\x0d\xa9\xd42\x06i\x86'4\x85\xc0FF2\xc8\x05\
\xca\xd8\x96\x06\xdc[.\xb2\xb2\xd6\xe1\xfc|\xddE\xdc\
\xb98,(\x94F$\x1b\x8a\x12)\xec/+\xec\xd0\
\xaa\xbb\x8b\xac\xeaw\xda\x9az\xe7\x7f\x08\xff\x01\xe6\xda\
[\xcc)\xf0\xfe\xc7\x00\x00\x00\x00IEND\xaeB\
`\x82\x89PNG\x0d\x0a\x1a\x0a\x00\x00\x00\x0dIH\
DR\x00\x00\x00\x18\x00\x00\x00\x18\x08\x06\x00\x00\x00\xe0\
w=\xf8\x00\x00\x05\xe3IDATx\x9c\x95\x96k\
l\x5cG\x15\xc7\x7fw\xe6\xde\xeb\xdd\xb5w\xed\xf5n\
\xec]\x83\x9dW\x91\x220\x89@jP\x15P\x8b\xa0\
\x0a\x02\xd5\x0a\x11\x0d\x0aJi\x8a(\xf9\x90\x82\xaa\xf2\
\x81G#*\x81JQ\xfa\x01U\xf0\xa1\x94P\xaaJ\
\x80DT\xb5UK\x88\xaa\xa8*R\x93\xa8u\x13b\
\xd7$\x8ec;nZ\xfcJl\xef{\xef\xde\xbdw\
\x06\xcd\xb5c;\x81/\x8ctwG3g\xce\xff\x9c\
\xffy\xccX\x80feXV\xf4\x8b\xd6\xabK\xff\xd7\
\xb0\x22\x05\x9a\xf5\xc7\x97WV\x94\xdf\xdc\xb8#\xef\xd0\
\xdb\xd3A\xb25\x86\xeb\xd8X\x84H\xa1\x22\x01K\x07\
\xd1\x01c\x846;\x0aj\x8d\x90\x0fgk\x8c\x5c\xad\
q\xbb.{\xfdB_\x97\xcbc\x07\xef\xe6\xb3w\xde\
\x83\xafZ(\x97k,.\x96P\xcd2\xa1_&\xf4\
*\xe8\xc0C\xda\xe0H\x0b\xd7up]\x1b[j2\
\x1d6\x1f\xcd\xcd\xf3\xc4\xb3\x83LN{\xab:\x8dW\
\xc6.\xf2i\xc1\xd1\x1f~\x95\x9eO\x7f\x93\xa1\xb1\x05\
FG/3\xf3\xefY>\x96\xf5\x19\x9b(2=_\
\xe4\x93\x9b\x05\x9f\xdb\x11\xe3/\xaf\xcc\xd1\x12\x13\xb4'\
\x5c\x10\x12,I~C\x9a=_\xdcBBL\xf2\xd0\
\xcf\xdfff1\x8c\xc8\x11\x11KZ\xb3\xff\xde\xcd\xf8\
\x89\x1d\xfc\xf5\xc4{\xbc\xf6\xda\xdf9\x7f~\x88\xb1\xc9\
)2\xf6e\x8e>\xda \xd3\xeaqil\x86\x81\xdd\
\x8a\xce\xf6:\xb5\xea\x12\x0f\xeeo\xa5\xd1(0s}\
\x81\x8b\xe3\x1fp\xec\xd5\x8b\x5c\x1c\xf7ypw.\xa2\
\xd0\xc2B\x98I>m\xd1\x93\xff8o_\x98ad\
\xf8\x9f\xf4\xf7\xd6\xf9\xd4\xe6\x90\x86W\xe1\xc9?\xce2\
x\xfa2\xaf\xbf\x10\xa3\x7f\xabD\xa8*{\xbf\x92\xe0\
\xe1\x03\x9d\xf4\xe4\x9a\x9c\xbfp\x1di\xf9\xb4\xb8\x01\xa3\
W\xc6y\xfe\x95\xf7\xc9eR\xe4\xd2\x0eJG\x1e@\
\xae\xd3e\xa9\xaa\x19\x9f\xf8\x80\xd9\xb9\x05Tq\x9c\x9f\
\x0c\xcc\xf2\xc636\xbf~<\xc3\xf1\xb7\x14Cg\xe6\
\xf8\xd3o\x92t%C\x0e\xee\x8d\xf3\xc8w\xda\xb98\
R\xe1\xf0w\xb3\xbc\xf8L\x0fm-\x15\x16\x96*\x14\
\xea0\xbf\xd8\xa0\xbb\xd3Y\x0br\x22&)\x94\xea\xcc\
]/\x126+\x1c;U\xe7\xf8\xa9i\xbew\xaf\xcd\
#\x0f$xt\xaf\xcb\xd4\x8c\x04\xcf\xa7#a\xb2\xc9\
B\x15<\x0e\xee\x8ba\xbbI\x1exx\x8c\x93\xef\xd4\
\xc8\xb6'\xf0\x9a\x8a\xc5\xb2\x1f%\x81\x19\x91\x07\xb6\x94\
\xd4\xea\x1e\xa5r\x89\xc5b\x0dW\x86Td\x92_\x9d\
\xb4\xb9\xffq\x9f\xd7Oj6\xe6\x03dPB5\x1a\
\xa8\xc0\x07\xdf#!*,L\x179\xf0\xad\x0c\xc7\x9e\
\xdcD_\xb7\xa4\xea\x854\x03\xc3\xbf^\xf3@\xab\x90\
Z\xad\x8e\xe7y\xfct_\x8c\xbb\xfa\x1dr]\x90\xef\
V$\x93u\x90\x1ea\xcd\x1c\x02K\x08\x08m46\
\xaan\xd3\x95\x8d\xd3<S\xe7\xdc\xbbU\xaa5S\x1b\
\xe0\xfb\xcd\xd5b]\x01\xd0\xf8\xcd\x80 \x08x\xf5\xad\
\x05\xde\x19l\x92\x8cC6%\xe8h\x83t\x87\xc37\
\x06\x04\xb9l\x15\x1dH\x94\xb6\x10\xd2F\x85-\x14n\
\x08\xb6|B2|\x5c05k\x82-\xf1\x03\x85R\
j\x1d\x00\x10\x04*\xf2\xe4\xecU\x09\x81\xc9a#\x10\
D\x22\xcf\xff\x18r\xbd\x1e\xc5\x99\x18\xae\x1d\x10o\x0b\
i\xfa\x1a\xe9\x08\x86\xce\x97\xf9\xdb?\x02~y(\xc5\
\xcf~/8=\xec\xdf\xd2*\xa2\x18\x08\x0b\x94\x0a\x22\
\xd4dL\x90js\x91\xc2\x8e\x82v\xfa\xb98\x0f\x1d\
\x089\xf1\xb2\xc3\x0f\x9e\xd2X1\xcd\xd0\x88C\xb1*\
\xf9\xc3\x8b!\xfdw\xc0\xe9\x09\xb8\xfb\xf0<W\xae5\
\xb0\xa5E\xa0\xa2\x12^\x03X\xa6\xc9\xb8\xb5\x5c}\xa5\
JHo\xce\xe1\xec\xef\x5c\xb6e\x02\x0e\x7f\x1f\xee\xfb\
\x85\xc7|= \x96\x11\x1cyVqn\x18\xae,\x09\
\x0e=Q\xe7\xe8\xa1$\xa9\xb6\x16\x96\xaaF\xafF\x19\
\x80[b\x10u@C\x89\xa6V\x0f\xd9\xd9\x1f\xe3\xf8\
\x11\x873\xef\x96\xf9\xd1s>\xd7* \x84`\xfbV\
Is\xce\xe2\xd4p@\xa6Cq\xcf\xaeV\x9e\xfes\
\x1d\xff\x85\x02\xe9\x84`\xb6\xb0\xd2=\x8d~\xd67;\
,\xa4\x80\xa0\xa9\xe8\xebv8r\xbf\xc3cO/\xf1\
\xd2\xb9\x10\xcb\x12$bP\xf3\x14}=\x16g\x874\
^\x18\xf2\xe6\x10d3\xcd(\xc5O\x5c\x08qm\x8d\
\xebH\x82\xd0\xfa\xefnj`\xcd\xa2%\xa0Rk\xf2\
\xed\xa7\xca\x14<\x8bx\x8bM\x18j6eS\xf4\xa6\
\xd2\xf4\xe5\x17\x19\x9d\xd2|~\xeb6F\xaf_\xe5\xb7\
/\x97\x91\xc2\xc1\xb1\xadU\xabM<M\x91\x99\xff\xd5\
\x18hm\x11s\x05\xb6\x80R\x1d\xca\x81\x13)\xd7Z\
D\xd4m\xdf\xb8\x81\x81]\xdb\x91\x896\x96*\x19v\
\xdf\xb5\x87\x8d\x1b\xf2\x04\xdaXka(7\x16\x9a\xb9\
%,\x1c[\x12\xaauA.TC\xd2m\x22B6\
Y\xe0H\x81\xd2\x82@5\xc9\xa7\xf2|i\xe7\x97\x89\
\xa7\xe7\x18\x1f\xf1p\x08\xe9\xe9\x9b\xe4\x0b\x9f\xf9:\x09\
\xdb\x89\xe2g\x14\x8b\x95\xcf\xb5\x05\x89\xb8E\xa9\x16\xac\
\x01\x98\x02I'\xa1\xa7\xd3\x8e\x8aH\x0a\x0b!\x8ce\
\x9a\xf66\x97\xf1\x99<n\xbc\x9b\xfd\x039\xf6\xdd\xd7\
\xce\xb5\x0f\xa7)\x16\xea\xc4c\xb1\x88\x1a#oh\xb2\
\x84MoW\x9c\x98k1\xbd\xb0\x02`\xd0\xcb\x9ef\
\xf0R\x91=\xbbZ\xe9\x8c[\x98\x224\xd5\x8d\xb6Y\
\xa8\x15\x91\xfa_LL\x16\x98XJ1x\x19t\xb5\
\x8c\xad\xa7(y\xcd(\x09\x0c\xc5X6\xd9T\x8c\xdd\
w\xb6\xf3\xdeh\x89F\xb0|\x9bEYu3\xea_\
\xdb\x99b\xc7\xd6V\xde\x9f\xf0\xf8\xe8F3\xea\x8c\x0d\
?D\xa9&-\xb6\xa4\xdd\x0dQZR\x0d\xed\xa8\x1d\
H)\x22\xbe\x13q\x9b\xbe\xeeV\xb6mj\xe5\xdc\xa5\
\x1b\x9c\x1c\x5c\x5c\xbb2o\xbf\xf47np\xd8\xbe%\
F\xdc5;\xa1q%\x92\x88\x84\xc5r\x96D\x97\xac\
%P\x11\xff\x02sI\xd7}\xc1\xd0D\x8d\xa99\xff\
\x964]\x05\xb8\xfd5p\xcbsd\xe5\xbb97c\
\xb9,\xff\xf7\xd3e\xfd\xb3\xe7?a\x87\xc4\xf7z\xce\
\xf1\xdb\x00\x00\x00\x00IEND\xaeB`\x82\x89P\
NG\x0d\x0a\x1a\x0a\x00\x00\x00\x0dIHDR\x00\x00\
\x00 \x00\x00\x00 \x08\x06\x00\x00\x00szz\xf4\x00\
\x00\x09\xa2IDATx\x9c\xa5\x97y\x8cU\xd5\x1d\
\xc7?\xe7\xdc\xe5\xed\xb3\xc2\x0c\x9bln\x80\x0a\x0aX\
\xc1&(-\xa8H\xc1\x8a6\xc4\xa5\xa6\x89K\x1b\xd4\
\x90\xd6%ZmJ\x93\x1a\xed\xa2\x8e\xc6\x96JZk\
\x93\xa6jJ\x97\xd4Z+\xad\xc5\x1a(\xb8\x01\xa2\xa0\
\xc0\xb08\x033\xcc\xbc\x997o\xbbo\xbb[s\xee\
}o\x1c\xa0\xff\xf5\xc2\xcd\xdc\xf7\xde\xb9\xe7\xfb=\xbf\
\xf3\xfb}\x7f\xdf#\x00\x9f\xffq\x09!\x82[]~\
0\xa2>\xec\x94\xd1\xeaC8\xe6\xf3\x1f\xea\x9f\x85\x9a\
\xa3\xfe\xe0\xfbx\xe1$g\xe2p\xda\x94\xea%\x818\
\xe5\x05]\xdd\x1a\xc8\xfa\xdcR\x8e\x1d\x1b\x12T\xa3\x83\
\xdb\x07\xcf\x0boG=\xd7\xe7\x90B\xe0\xab\x7f\xa7\xf1\
\xd0O\x07o\xacv\xe1\xf9)\x16\xcd\x9b\xcc\xb4\xa9\x13\
H\xc6cDM\xb3\x0eVEb#}\x0f\xdf\xab\x81\
o\x87k\x16!\xaa\x90:H\x0d\xd7\xf5(\x94k\xf4\
\x0d\x95\xd8\xb6k\x88\xed{\x86\x032\x9fc\x9c\x16\x01\
Q\xff\xa1-\xa5\xf3\xed[\xe6\xb2\xfcK\xcb\xd0\x9b\xce\
e\xa4\xe01\x92-\x92\xcf\x17(\xe4\xf3\xb8N\x85j\
\xa9\x88]\xb5\xf0\xed2\xb85t#|\xd944\xa2\
Q\x03\xc3\xd0\xd1\xa5 \x16\x11L\xee0\x98\xdc)\xf8\
\xe7;\xddl\xd8\xf8!\xe9\xbc}\x0a\x09\xd1 \xa0B\
\x94\x8a\x0b\x1e[\xb7\x90\x05\x8b\xd6\x90\x96\xb39\xd4}\
\x94\xde\x9e\x1e\xd2\xe94e+\x8f)\x1d\xfa\xfas\xa0\
\xd9\x94\xad23'j,\xbd\xbc\x99\xdfn\xee\xc5\x93\
\x1a\x86\x0e\x9a/0L\x1d!%\x86a\xd2\xda\x94\xe4\
\xe29\xd3\xb8z\x81`\xcf'{Y\xf7\xa3\xbd\x14\xca\
\x1e\xbe\xaf6\x84p\x0b\xa4\x14x\x9e\xcfm+\xa62\
e\xea|v\xf66\xd3sd+\x03\x03\x03d\xb3y\
,\xabD\xb9P\xe0\x91;\x22\xf4et\x9e\xfb\xf5 \
\xaefsr\xd0e\xc5\xf2&\xde\xda\xe6\xb1\xf7\x90\x05\
\xae\xc3\xf5+'\xd1\xdfo\xb3k_\x8eX\xdc\xa4h\
\x15\xc9\xe4rdr\xe7\xf1\xe5\xd9-\xdc\xbej\x22O\
\xbdr<\xc0\xf4=?Xx\x00>\xa3S\xe7\x92Y\
S\xf9\xb0\xbf\x99\xfd\x1f\xef\xe6\xe0\xa1\xc3\x1c\xea>\xc1\
\x89\x13iF\xb2Y2\x96\xc5\xa6\x17\xf6r\xdb\xd5C\
\xfc\xe4\xfb\xad4\x9b>\x07\x8f\xe4\xf0\x9d\x027\xafI\
24\x98c\xe6t\x9duw\xb514\x9c\xa3\xe6\xda\
\x14K\x152\xb92V\xd9\xe6\xdd\x0f?\xe1\xf9\xcd\x07\
Y4\xa7\x9di\x1df\x80\xa9\xb0e\xa3\xd4\xe6\x9d\x9b\
\x22WM\xd2\xdd\x93\xe6\xd8\xd1cd\x87\xd3\xdcpe\
\x84\xc5\xf3t\xfcZ\x89\x5c\xa6\xc8k\xbb\xe1\xf6{?\
a\xc5\x92\x11^\xfaE\x13\x0b\xe6\xc4\xe9>\x94c\xe5\
\x8a(\xf3\xe6\xc4\xd9p\x7f'\x95b\x89}\x9ff\xc9\
g-\x84[\xa39\xe5\xd1\xdb?\xc0\xa7\xddG\xd9\xd5\
\x9de8\xeb2\x7fV\xebh\xa9\xcbF6Nh\x8f\
\xd17\xec\xd1\xd7\x7f\x92L&C:\x93c\x82\xfb1\
]\xdf\x18\xe6\xef\x1b\x93<\xfdp\x92\x9b\xbf\xd2\xc6\xd6\
\x831\x1eZ\x7f\x9ci\xe3\xb3\xbc\xf4l\x8a\xf3f\xc4\
\x90\xd5\x22\xcf\xffx\x1a\x0b.\x95\xec\xd8\x91\xa7%\x01\
w\xdd6\x8e\xcd/\xce\xe4\xfc\xa9\x0e'\x07sx\x08\
\xca\xb6\xe4\xd8\x89\x12\x13\xdb\xcd\xb1z#|\xe1\xfb\xac\
\xff\xda\x14\xf2\xde\x0cv\x1fu(\x16F(\x95+\x8c\
\x0c\x8f0\xbf#\xc7\xfa\xeb\x13\xdc\xb0\xa6\x09&\xc3P\
\x9f`\xdbN8{J\x8c\x8b.\x06j\x1e\xbe#\x11\
\xa6\xc0\xd3\x0c\x0e\x1c3in\xf5\x994+\xce\x93\xdf\
;\xcc\x13\xbf\x1a\xc2\x88\xc7\xf1}\xa5.p\xcd\xc2f\
RM\x82g7\x87y\xa0+\x16\x9a\x00C\xd7\xc8\x0d\
\x97\xc8\x17\xaa\xd8\xd5*\x8eS#\x1a\xd3\xd9\xde\x9f`\
[\x97\xc5\x92?X\xdc\xb9*\xc2\xb5+\x0d\xbe\xbaR\
\x87*xE-\x5c\x85&Q\x92\x006\xb3\xa7W!\
\x16g\xe3\x86#<\xf6\x5c\x1a\xd7\xd0\xa8\xe4\xab\xc4\x13\
j\xdf\x05\xa5\xaaG\x0a\xedL!\x12BP\xaeT\xa9\
T\xcaXV\x99b\xa1\x8c\xc4%\xae\x81\x9eJ\xf1\x91\
\xe5\xf3\xf3\xad0\xe4FY}m\x8ci\x13U\xd6\x0b\
\x84\xd4\xc0\x97\x08!\x83\x82\xf6J\x1e^\xa5\xc4\xda[\
R\xacZ\xdbN\xef\x80\xe0\xcf\xaf\xe6\xd9\xf4r\x1a\xa9\
i\xd4l/\x18\x7f\x0a\x01!\xa0V\xabQ\xab\xd9\x14\
\xac\x0aK.\x8c\xb0vY\x13\xe3\x9a\xaaL\xe8\x84q\
\xed\xd0\x9e*\x13\x8dUA\x96\xa0V\xc0\xafJP\xa0\
\x9e\x0a\xac\x8e\xafH\x04d\x5c4CP\xec\x13\xec\xde\
\x95a0\xe7\xd2}\xc0\x0er@\xa9\x8f\xe3z\xb8\xae\
=\xda>\xf4\x06\x01\xd7u\xb0m\x1b\xc7qqK\x16\
n\x7f\x8d|\x1aD\x1a\xac\x04d\x92\xd0\xd4\x04\xd1\xb8\
\x8f\xab\x19tv\xd8\xa8\xb8+\xc1\x11B\xc5_\xc3\xf7\
5|\xa1#<Ik\x87\xc6\xd6=6\xcf\xfc\xb1\xa8\
\x94\x86\xb6\x94\x89\xe3*\x1c\x0f\xc7\x11gn\x81\xef\x83\
\xedx\x98\xba\xc7?\xf6:\xfc\xed\xfdr@\xd1\x00b\
\x12Zb\x10\xd5\xa1#e\xf0\xc3\xfbL:\xc6\x97\xd1\
\x85\x1b*\x9a\xabF:A\x1f\xd0\xe2.\xfd\x9f\x19d\
25\xba\x1eo\xe7\xaak\xday\xf0\xf1!z\x07\x9c\
@x\x1d\xd52\xc64\x03\xa9\x90\x1b\xda\xec\xban\xc0\
0\x16\x91\xc4cQL\xd3\xc4\xd3u\xca\x9aN\x8f\x05\
'\xbd\x08\xf7\xaf\x8fq\xc5\xe5y\xf4\x08\xf4\x0d&)\
\x954T\x9f\xd3\x0c%h.\xb9!A\xe7\xe4\x12\xcf\
\xbch\xb1zM\x0f\xde`\x96{nL\xe0\xba!\xa0\
\x12\xa0\xb1\x97l4\x045\x89\x22\x80\xearA{\x95\
H\xa1\x115ul\x1b\xa6OL\xf2fW\x94\xeb\x96\
[P\x8c\xf1\xcaK\x11\x1e\xfc\xa9\x8dn\xf8\xd8\x8e\xe4\
\xbd\xdd\x11\xb4\x14\xfc\xe6\xf7\xd0s\xc0\xe1\xdeuq^\
\xdd'\xb9\xee\xd1\x1c\x1b6\xa6\xd1up=\xe5\x0bN\
m\xc7r\xd4F\x08\xd5\xab=</l\x14\x8a\x82z\
\xc9*\xb9\x5c0#\xc6\x96.\x8d\x85\xf3\xca|\xfcv\
\x8c\xbb\x7f\xe0pkW\x89\x8a\xee\x11i\xf39\xd2\xa7\
\xf1\xd0\xd36\xc2\xd3\xc8\x027?P\xe3\xbc\x16\x97\x07\
nm\xc6CRt\x8dQ`\x15\xfe\xb1$dc\xff\
}U\x1d\xc1\xea\xd5\x00\x0fMB\xd1rX<7\xc6\
\xb6\xe7u\xa6\xa7l\xba\x9e\xd2X\xfd\x88\xc5\xc6\xb7k\
\xa8<:g\x92\xc47\x05\xff\xfe@\xf0\xaf\xc3\x0e\xbb\
v\x0a\xe6\xcd6\xd9\xd1\xefs\xd3\x03y\xd6.68\
\xab#\x8a\xa3\x9cI\x10c\x85Qw/c\x09\xa0r\
@}\xab\xfe\xfb^\xe0|\x14\xf8\xaa+R\xbc\xd5\x15\
c\xdf\xfb\x15\xae\xba\xbb\xcaw~W\xe6X\x11\x12Q\
\x0d\xe1\xab^/\x10\xb6\xe4\xf5\x1d^\x90G\xbf\xfc\x8b\
\xc3\xf8f\x03]J\xfe\xf4\x91\xcf=O\xa6q\x1d\x07\
\xbf\x0e\xdep\x00a\x84\xebU \xea\xf5\xa8\xda\xa2\xda\
\x06e\xb7\xcae\x875K[x\xee\x9b:\xdf}b\
\x90\x9fmq\xa8\x00\x11]\xd5\xba\xac\xdb/\xc1\xd4\x89\
\x82b\xbfd\xe7\xfeZ D\xaf\xbd\xe7\xb2\xec\x8b\x1e\
\xa9\x84\x86U\x16\xec<BPU\xba>\xba\xce`q\
c\x1d\x91^\xc7\x0f4%pmA\x8f\x96X\xb9\x02\
\xab\xee/\xf3\xc1q\xd04A4\xa8w\x95\x98\xaa\x1c\
}\x84.\x984A\xf2\xce>\x8fb\x09\x9a\x22>\x83\
\x96\xe4\xd1M\x19\xaa5-\x980\x16\xa9o\xaf\x1f\xd6\
\xbd\x8a\x92\xdaZ)\xc6\xfaM\x11\x9a\x22)%\xba\xf4\
\x022\xa6\x09o\xecRu+\x89\x1a\x22T1!q\
=\x97\xe9\x1dM\xdc\xb7\xfa\x0b\xec\xef\x1e$\xd9\xdc\xc3\
\xbe\xfdp\xe7\x15\x8b\x11\xc9s\xd8\xb4\xe5\x05>\xed\xf7\
1\x14\xbe\xf2\x19\xf5\x06\xd40\xaf\xeaA\xd7\xd4BN\
\x13\x22W\xd5\xa8\xd0\x88G\xc3\xa4P\xaccQ\x89\xef\
\x8du\xc7>\xa6.H\x98\x12\xcfLa4\xe7\xb0\xb5\
8='m\xa2\x9dgS\xae\xb5\xd1\x1a\xd7\xf1p\x03\
G\xac\xc0\x1a\xa0\xa3\x1e\xdd\x87\x88)qU\xc67\x92\
P\x00j\xadV\xc5a\x5c\x93\x16|\xa1\x18\x86\x89\x13\
\xbe\xac>\xbb\x9eCGb\x02\x0f\x7f\xfd\x0e:;r\
\xc4\xa3%vn/\x82\x17\xa1-\xb9\x8f\xa5\x97y\xdc\
\xb4\xfcA\x84\xeb\x84\x8d\xa9\xbe\xeb\xa1\xebQ\xa1\x17h\
R\xd2\x9c\xd4)\x94\x9c\xb1:\xe0\x07\x0fG\xfb\xca\xcc\
\x9cd\x04!WI\x13&\xe5\xe7\x07\x14\x95\xb9\xa9h\
\x847w'8<\x92`\xd9e\x11\xa6\x98\x82e\x0b\
`\xeel\x93\xcdo\x9d\xe4\xe8\xf12\x89\xa8\x19\x8cU\
\xeb\x97uP\xa9It]#\x11\xd5\x994N\xe7X\
\xbfJ\xe9\xb0\xf2\xa4\x8a\xb0\x02\xd8u\xc0\xa2\xadY2\
\xe7,=xY\x1dD\x14kU\x15\x8a\x8c\x12\x8fH\
\xdc\xe3\xa2\xb3S\x1c\xef\x1d\x8f0;\xb8\xf6[\x171\
\x7f\xc9$\x8e\x1e.0^\x1cg\xeeL\x03\xc7S\x95\
\x12\x1a\xdd\x90\x80\x08\xec\xba\xa1\x9b\x5c8=J$\x22\
\xd9\xffY\xb5\xbe(\x1a\xcd\xc8g\xd8\x82W\xb7\xa7\xb9\
\xf1\xca\x0er\x7fM\xd33,U\xa3\xc0U\xca\x88O\
\xc40\xe8\xcb\x0c\xd3\xd3\xb7\x95q\xc92\xef\xee\x1e\xc0\
\x8e\xa4\x188\x9e\xa7P\x84\xce\x96N\xf6\x1c\xf9\x80\x9a\
\xe7`hZ\xe8\xf7\xa4\xc0\xd0u\x22\xa6\xc9\xe4V\x8d\
\xab\x16\xb5\xf2\xf2\x96\x1eJ\xb5Py\x1b\xa59z.\
P\x09\xb7\xe2\xd2&V\x5c\xd6\xc6\xce\x8f\xf2\xec=R\
e\xb8\xe0Rs\xfc\xa0\x8b\xa9^n;6\x86\x14D\
MAg\xcc\xa3\xe2\x0a\xb2U-\x18\x13\xf8|\xdd\x08\
\xadVp0\xd1\x18\xdf\x1a\xe5\x82\xe9q.\x99\x95\xe4\
\xf5\xff\xf4\xb1\xe5\xfd\x91Q\xacS\x08\x8c=\x1f\xcc\x9a\
lr\xcd\xa2\x16Z\xe2\x92b\xd9\xa1RS^\xc1\xc3\
U,FG\xfb\x81>\x04\xda\x11lcX^jb\
\xf5\xbdn\xe8\xc4b\x06\xf1X\x84\xac%xc\xc7\x00\
\xfb{+\xa7\x80\x9fA\xa0Q\x16\x8df\xd1\x96\x10\xb4\
\xa54\x22\x86\xca\x07?\xf0\x8e\xa35=\xb6\xbe\xc7\x1e\
L\xebR\xaf\xfeVl\x18\xc9\xbb\xa4\x95'\x19\x13\xe5\
\xb1\xd7\x19\x04FK\xf74\xcd\xfe\x7f\xaePx\xce<\
\x19\xab\xdf\xfe\x0b\x89\x09}\xba\xcbw\xe0\xa5\x00\x00\x00\
\x00IEND\xaeB`\x82\x89PNG\x0d\x0a\x1a\
\x0a\x00\x00\x00\x0dIHDR\x00\x00\x000\x00\x00\x00\
0\x08\x06\x00\x00\x00W\x02\xf9\x87\x00\x00\x13!ID\
ATx\x9c\xb5\x9a\x0b\x94\x9cey\xc7\x7f\xdfuf\
vfg\xf6\x9a\xecnHBn\x84\x04\x0c\x18\x10\x0c\
\xa0r5\xd5\xa6^9h\x8e\xc7\xea\xa1xAh\x15\
\x14\xf1`\xadP[\xeb\xc1\xd6R\xabV\x11\xadR\x15\
\xe1XDP\x8f\x16\xaa$\x11\x22\x10\x12\x92@\x02!\
\xb7\xcdfw\xb3\xd9\xdd\xb9\xec\x5c\xbe\xf9\xaeo\xcf\xfb\
~3\xb3\xb3ID\xedi\xe7\x9c93\xf3\xcd|\xef\
\xfb\x5c\xff\xcf\xffy\xde\xd1\x00\xc1\xff\xc3Ck{/\
N\xb8\xf6\x7f\xb9\xa1\xf9\xc7\x08\xa4\xe9\x1a\xba\x16\x8b\xa1\
\xb5I\xd4.\xec\xac\x90b\xce\xf5\xf6GK\x01\xd1\xf6\
^\xae+ \x12B=\xc5\x1f\xa8\xa5\xdc\xe3\x15\x7f\xaa\
k`\xe8:\x22\x8a\x08\x1b\x1b\xea\x0d\xcd\xe5w\xcd\xbd\
\x9b\x8b\xc9k-\x8bk'l\xd0&\xb0|\x15\x91\x14\
\xb8\xf1\x1e\x88\xda\xf6\xd4\x0c\x9d0\x14\x84\xbfG\x93W\
T\xc044\xb5\x83.`\xe1\xa0\xcd\xcae\xbd,\x1c\
\xcc\xd1\x9dK\x92N\xd9$\x136\xa6a\xa9\xad5\x02\
t]`\xe8\x02]\xd9_\xa0\x89\x00\x11\xc9\xa7P\xde\
\x13\x9a4q\x18[W\xc8_\xe9\xf1\x9d\xa1\xa0V\x0f\
\x99\x9e\xf1\x199\xe6\xb0w\x7f\x9e\x83\x87+\x84R@\
S\xc3\x0f\xe4j\x7f\x84\x02\xf2\xa2e\xea\x84A\xc4\xd9\
\xcb:y\xcf[\xd7p\xce\x19Ctu\xf5c%\xba\
\x08\x22\x830\xd4\x08\x22\x08<\x9f \xf0\x88\x02\x0f\x11\
\xba\x84\x81\x83\x08\x03\x88|\xc2\xa0\x8e\xaeEH;h\
J\xa5\xf8\xbd\xaek\x18\x86\x81m[\xe8\x86\x86\xa1I\
\xc5CL3\xc4J\x08\x5c4\xb6\xef\xabs\xcf};\
\xd9\xbeg\x1a\xcd\xd2\xf0\xfcS+qJ\x05lSG\
\x04\x11\x1b7,\xe3\x03\xef\x5c\x8bi\x9fF\xd0y\x16\
\xd5 \xcdL\xd5ef\xa6B\xb5Z\xa5Z\xae\xe0\xd4\
k\x04\xbe\x8b[w\xf1]\x17\xdf\xab\x13*\x85\x5c\xb4\
\xc8E\xf8\x1eV\xc2$\x94\xb1\xa2i\x18\xba\x86m\x1a\
\xca@\xa6i`\x18\xa6\xf2\x8e\xa9k$m\x93\xde\xac\
\xc1\xe9\xf34\x96\x0e:\x902\xf9\xc7\xef\xec\xe1\xbb\xff\
\xf9\x22\x91\xa5\xe3\xf9\xd1I\xc2\x9a'jc\x9a\x1aQ\
\x10q\xdd\xd5+\xb9\xee\xad\xe7r\xccYN\xd7\xb2\xf5\
LM\xe59zd\x98\xe9\xa9I\x0a\xf9\x02\xe5r\x05\
\xb7^\xa3\xee8\xd4*5,\x1b<? \xf0\xa5\xe5\
c\x8f\x9c>\xdff\xfd\x15\x03\xfc\xe8\xc1}\xccx\x06\
\x91\x0c%M`\x1a:\x09\xcb@SI\xa2\xab}\x0d\
\xd3$a[d\xd2\x1d\x8c\x97\xe7S\xd4\xce\xe04\xfb\
 \x9f~\xdfbl;\xe2\x1b\xf7\xed\xc3:E8\xcd\
Q@Z'\x0a\x04W\xbd\xb6\x9f?\x7f\xf3\x99\xec\x1a\
\xe9\xa7\xef\xec\x8b\xd8\xf1\xec6\x8e\x1d\x9b\xa0X*S\
*\x95\xa9T*x\xaeK\xad\xe6\xb0t\xc0\xe0\xaa\x8b\
zy\xe8\xe1\x83\x94\xdc\x00i\xa3 \x08T\x18\x15\x0a\
\x0e\x1b\xde\xb2\x90\xdd/$xts\x09\xcd\xd2\x11B\
`\x9b\xe0\x9b:\xb9\xce$\x95Z\x88\x17\xc4\x19oZ\
\x16\xc5\xb2\xc3T\xa1\xc4\xf8\xf8\x04\x17^\xb0\x96\xe2\xde\
=|\xe4\xedC\xec?\x5c\xe0\xbf\xb6N*\x19\x03\xe9\
\xcd\xc6Co\xb7\xbe\xcc\xfe\xbe\xac\xce\x87\xae>\x9b]\
\xfb\xc0\xefY\xc3\xae\x1d\xcf\xf0\xf2\xfeC\x1c9:\xce\
\xd8\xd8\x04\x93\x93S\x14\x0a%J3e\xaa5\x87\xe9\
\xf1\xa3\xbce\xdd\x11\xee\xf8\x9b!\x06\xd2\x11N\xb9B\
\x18\xb8x\x81\xc7\xf0X\x99\xfc\xc4$\xd7\xbc#\xa7B\
\xca\xf5\xea*_\x8a\x85\x0a\xe7\xbe*\xc1_\xde\xb0\x18\
\xa7R\xa1\xe6\xbaT\x1d\x97r\xc5\xa1\x5c\xadS\xaez\
\x8c\x1d/\xf2\xdb\xa7\x9ee\x7fi\x1e\xdb\x9f\x19\xe3\xc6\
\x8d\xcb\xe9\xed\x8c\xbd\xd5\x0e\xcf-\x05\x94f\xa1`\xfd\
%\x83\xe0k\x1c\x17K\x18\x1f\x1f\xe5\xf0\xe1\x11\xc6\xc6\
'\x98\x9a\x9a\xa6\x5c.\xe185jN\x8dj\xb5F\
\xbd^\xe5\xf9\xa3\x1e\x9f\xfb\xec6\xce_|\x84\xaf~\
\xb9\x97+/\xc8\xe1V\x1c\xa2\xd0\xa3V\xf7\x18\x19.\
s\xee:\x93W\xafI\xe1T\x1d\x02\xbfN&%\xb8\
\xf9\x93\x0b\xa9\xccLQ,{\xf8\x81\x8f\x17\x04\xb8\xbe\
\x87\xe3\xbaT\x1c\xf9\xf4\xc8\x97]\xb6<\xfd\x1c\x8fm\
+\xd2\xa9\x05\xac\x7f\xdd\x80\xb2\xbe\x04\x81\x93=\xa0A\
&\x01\x17\xbej\x1e\xfb\xc7tjQ\x82#\x87\x87\x99\
\x9a\xceS,\x16\x98)\x95(L\x16(M\x17\xa8V\
\xca\xb8^\x8d\xba['\x14>?\xde\x95\xe2\xae\xbf\xdd\
\xcb`\xe7\x14w\xde!\xb8\xf9\xba!2&\x94\xab\x0e\
\xf9\xa2\x0fz\x95\xf7^\xd3K\xd2\x0c\xf0\x1c\x87\x9bn\
\x5c\xcc\x82\x95\x82M[\xf2\xcaSA\xe0\x13\x85>\xbe\
\xefQ\xad\xd6\xf1\xfd\x00\xc7\xf58p\xf8(;_8\
\xc0\xc1\xc9\x88\xbd/\x17y\xfd\xf9\x0bH\x19\x8d:\xd1\
\xae\x80\x82\xa2H\xb0p\xbeEO\xda\xe2H\xdeb*\
\x9fg\xe2\xf8$\x85b\x91\xe9\xe9\x22+\x87\xe0s\xb7\
\x9c\xc1\xdb\xaf\xeaf\xd9<\x03Q\xf7(\x17+T+\
5<\xcd\xe0_\x7f\xe9\xf3\xe3\xbbG1\xa8s\xdd{\
\xa6\xf9\xea\x17\x16\xb2ba\x07\xc7\xc6\xcaP\xf5x\xdd\
:\x9bsV\xa7\xb9\xf2\xd2>\xde\xfd\xae$\xee\x11\x97\
\xe1\x11\x07\xc3\x8c\x14zUJ5\x12\x04,\x1cLP\
.\xcf02:\xce\xf8\xf1)\xbc\x10\xf2\x95\x88=\x07\
+\x0c\xf5\xa6\x19\xe85\x88dE\xd5\xda\x92XZ_\
\xe6\xc5@_\x0a?\xd0\x98*\x0b\xea\xd5\xbc\x82K\x15\
2R\xd8\xe9).\xeb\xdc\xcf\x9b\xae]DY\xe4x\
~_\x92\xc7\xb7v\xb2\xe5\xd9\x0a\xbb_\xca3<i\
\xf0\x99\xbb\x0b\x0c\x9dfq\xe1\x86\x1c\xe7\xaf:\xca\xfd\
\xdfX\xc4\xc1\x11\x81\xa8\xc8\x227\xc3\xc7nXJ_\
w\x04\xf5\x12SS}\x1c9\x94'r\x05C\x83\x19\
.Y\x97\xe5\xbd\xd7.\xe6\xe9\xcdy>\xfa\x99Q\x12\
\xe9$\x9an\xa8B\xe7\x85\x82\x91I\x0fB\x8fy\xbd\
I\x0e\x1f\xaf\xb6\xf0\xbf\xa1\x80\xac\xff\x82\xaeN\x93\x9a\
\x13Rq\x02\xea\xd1\x8cB\x99\xaa\xe3\x10\xfa.[_\
\x0e\xb9\xe2\xe3\xd3\xbc\xef\xc2c\xfc\xe9e\xbd\xac;\xbf\
\x9bu\x17D|\xa2(\xd8}`\x80-\xcf\xf5\xf3\xe8\
oJ\xfc\xf3\xb7\xf2|<e\xb1\xf6b\x9b\xc1\xec4\
\x83\xe7e\x88j\xbe\xb2\xd6y+\xcb\xe0\xcbj\xacs\
t\xc4e\xc9\xe2\x1co{\xc7\x00\x97\xae\xb3\x19xU\
\x07/>6\xcdW\xbe\xb6\x07+\x99T\x90+\x1a\xb9\
)k\xc8t9Ty\xd7\x991\xd5u\xad\xa1B\x0b\
F\xe5\xc7t\xd2\xc0\xf5\x02\xaaN\x1d\xc7\x0fq\xeau\
<\xd7\xc3\x93\xd56\x0c\xd8y<\xc3\xc7\x1e\xacq\xff\
\xd3\xd3\xbc\xeb53\x5cqi7K\xce\x81\xb5\xab\x8f\
\xb1v\xb5\xceG7\xf6\xb2\x7ft\x09\x93\xa3\x11N=\
I\x87YA\x94k\xe8\xba\xa1\xdc\x1cU\xeb\x8a>\xe8\
\x9a\xc9\x99\xa7\xfb\xdc{\xf7R\xec\xce\x1a$uv\xfd\
t\x9a\x0f\xdd\xb4\x87}\x05\x8b\x84-T\x95\x97\xf7\xc8\
h\x91\x0aT\xeb\x82\xba\x1ba[\xfa,\xff\x12M\x0f\
4\x92\xc1\xb6\x0c\xfc\x00\x05\x8fN\x10\xe2y\xaeJ,\
\x99d~\x10`[\x10b\xf2\xf8\xb0\xe0\x99\xa3>\x97\
?w\x9ck.Nq\xf1e9\x16\xad\x0e\xd0\x8c\x09\
\x96\xcf\xd3X~Z\x17\xc2s!\x90\x8cTz7\xa6\
i\x92Nh\x92\xb2y!\xb9\x84\x87\xa8C@\x9a'\
\x1f)p\xf3m\xfb\xd9\x9b\x87L:\x22Pu\xc1P\
\x12\xcax\x0f\x0d\x81\x1bD\xb8~\x84\xd1\x82\x9dS\x14\
2Y!%\xd1\xaa\xd7]\xdcP*\xe0\x11\x86\x01B\
HZ\x15\xaa*\xaa\x19\x1a\xe9\x84\xe4&\x1a?yI\
\xb0\xf9\x80\xc3\x1b69\xac_\x97\xe0\x92+s,]\
i\x92\xa8\xbbhz\x14\x87&\xb1\xf5c\x00\x9f\xa5\xaa\
\x910\xc00\x88<\xc1L\xb9\xca\x15o\xeae\xd5\x84\
\xcf\xc8x\xc8\xd8\xa4O\xa9\x16!\xa4\xd7\x84P\x1eP\
\x158\x9a[\x03NR@\xae\x1dH\xc1\xfd\xd8\xe2a\
\x14P\x97a\xe4\xb8\x0dEb\x8e/\x89X:e1\
\xd0o\xd0\x955\xf0\xe7\x1bL$t\x0e\x8f\xebt\x0f\
&\x18\xeaq\x10A\xa8h\x02Z\x08B\xf1\xe3V\x09\
j\xf8E=,Qa\xc3\xc6N6\x5ckB\x98\xc4\
\xab\xd9L\xcdh|\xf3\xeb\x13\xfc\xd37GH\xa5-\
eTY\xa3\x22\xa9\xc1\x09\xf4zV\x01\x89D\xa1\x8c\
{\x9f0\x0c\xd5S\xf2\x9a\x95K\xb2\x9c\xb9\xd4d0\
\xeb1\xd8\x07\xf3\xfbt\xe6\xf5\xdb\xf4uCo\xa6N\
w\xda%\x91\xaa\x83\x11B\x14@-\x8f\xf0\xcc\x060\
4\x83U\x0a\x1f\x131\x0d\x1dM\xd7!\x92a\x15\x81\
i3} \xa2V\xae\xe2U\x8b\x8c\x1e\xad12\xee\
\xf2\xccS\xa1\xea\x09$\xbcGZ$\xf3^\xd5\x07\xd1\
\x08\xc7\x93\x14P\xc5M\x04\xca\xfa\xb2\x91\x88\xa2@)\
s\xf3\x9fi\x5c}\x191z$\x02H\xf8`\xc8 \
\xf5Ax\xea\x1e\xea\x8d\x96DZY\xca\x1aJK5\
\x8a\xbe\xeap\xe4\xef%\x0d\xd0\x11\x92\xbcE\xf2\xba\x81\
\x08\x0d\x85H\xd5\xb2\xe0\xdb_\x1f\xe7\x97OyH\xb4\
\x9c(\x830Ll\xdbPK\x192\x0ai*0\xb7\
\xd3k)\xa0\x1c#\xe3MZ_\xf2\xfc T\x5c\xfd\
\x8b\xf7\x1e\xe1g?\xf5\xc9\xd8\xd0\xd5\xa1\x93K\x1bt\
\xcag\xa7I.\x9b$\x97\xd3\xc8d5\xb29\x81\x95\
\x84@\xd3Y4\xe4(*\x1d\x17\x18\x19>Z#\xfc\
\xa5\x12\x86jfT\x13\xa4K\xc1\x02\x16\xad\x14\x5c\xff\
\xa9A\x8e\x7fq\x86\xff\xf8I\x01+e\xa0\x9b\x062\
\x0a\x95\xfe\xaa\xd5l\x86Q\x0c\xaf\x12\x10\xe6\x86P+\
\xb9$hD1\xf5%b\xc7X\x92\xa7\x0f\xc9/C\
\x0c-\x22\xa1G$M\x9f\x0e\x13:,b\xc5\x92\x90\
4\xa0\xb3\xc3\xe2\xc6\x0f\xe7X\xbc0\x94\xfd\x8cB\x1f\
i\x04)\xbd\xdaV\x93\x89)C\xc0@D:z\xd2\
\xe4\xf0>\x93\x8ed\xc0\xfc\x95\x1a_\xfb\xb7^.\xbf\
<\xcbm\x7f\x7f\x8c\xd1)\x9f\x84\xdc@\xca\xa3\xfa\xe4\
\xb8_n\x0a~\xca\x1cP\x9a\xca>5\x8a\xd4M2\
\xfe\x12\xa6\xc0\xd2d\x07\x16_w\x85\xa0\xeeA\xc1\x8d\
-!\xdbNi\x99\xc1\x5c\x92\xef}\xaa\x93K\xce\xcf\
\xe3O\x87\x18&\xe8\x19I9b\x01\xe4\xe2\xaa\xcd\xd4\
%\x94\x08\x0c[\x86OU\xdd\xff\xe5\x7f\x99a\xd5r\
\x83\xb3\xd7$y\xfb\xa5=\xbcz\xcdrn\xfa\xec\x04\
\xbf\xfem\x09;!\xbd%\xd1(\x22\x94\xa1q\xc2c\
\x0e\x99\x93\x9d\xd1\xac\x02q\xd2\xc5:K\x06%;'\
\x13]7\x15\x0aY\xa6A:i*\x9c>\xeb\xf44\
\xbf\xbc\xbb\x93\xcb\xcf\x9d\xc6=\x16buh\xe8\xe9\x0c\
On\xcdQ\xaaZ\xe8\x9a4\x86\x86a\xeb\x8dT\x11\
\x1c:\x94$p\xe1\xb4\x955:\x97\xe5\xf8\xe8\xddu\
n\xbc\xb3\xc8\x07\xaf;\xc8\xfeM\x07\xb9j\xad4L\
\xb3\xde\xc6\xc6\x15B~\x9eE\xb0\x93`T\x93B\x8b\
Pi\xab\xac\xd6t\x8d\x8ca\x19\xb7\xba|\x95\x8a\xc5\
MI\xb5\x16\xb0nM7?\xf8\xbc\xc5\xe2\xce\xe3\xf8\
EH\xf4\xa6\x98\x1eOr\xcfw]\xb6\x1f\xa9\xf0\xbd\
\xbb4BW`$5v\xedM\xb3|Q\x95\x8e.\
\xd8\xf4t@Ghp\xcd_\x04|\xf8\xdd\x11\xf7\xfd\
\x22\xcd\x13\xc3U\xb6\x1e\xd1xp\x87\x83i:XV\
By\xd7\x92\x06\x90\xf2\x9c\xd8\x0c\x9c\xd8\xd0\xc4\xf5F\
\xfe\xb8\xe1\x81x|0\xabG\x837\xd9\xa6F\xa5\x16\
\xb0\xfe\xa2\x1e\x1e\xba\xd3`q\xc7q\x840\x09\xf5.\
6\xff\xdc\xe2\xd6\xbf\x9d\xe1\xf6\x87j\xe4\xe6kX\xa9\
H\x15 _\xd8|\xf1ku\x86\xc7\x0cHD\x98Y\
\x93/\xfd\xa0\xc6\xa6\x07MrC.\x9f\xfa@\x16[\
\xd3I'5\xea\x9aAMXq\xde4=\xd0\x88\xfe\
\x13\xa7,\xb3(\xa4zn-\x8e\xfdF\xfc\xcf*1\
\x1bf\x86!\xa8V\x036\xbe\xb1\x9f\xbboq\xc9\x18\
EB-\xcb\xfe=\x06?|\xa8\xc2\x03\xcf\xf8\x1c*\
C\x1dX\xb6@\x97p\x86\x99\xd2\xd8\xb1\xcf\xe0\xc7;\
\xea\x5c\xf6t\x82U\x17\xea,\x9c\xaf\xb3;\xaf\xf3\xb9\
\xef\xd6\xb0\xb4$\xef~\xab\xc6w\x1e\xee\xe4\xb1gJ\
\xa4;\xec\x18\x89\x9b)\x1b\xa7P+\x07fGk\x12\
\xd7\xda@\xa8\x99\xedq\xfc7\xdc\xd6\xd0_\xc2\x99\xa9\
G\xd4\xaa\x11\xd7\xbf\xb3\x9f{?\xe3\x90I\xd4)\x16\
\xfax\xe0\xbe\x80\xeb\xff\xa1\xc0\x9d\xff\xed\xb3\xaf$\xc7\
&\xf1\xf2\x8b\x06\xa4\x02\x11\xd8\x06\x8f\xfc:\xa2*\xe0\
\xe1M\x01\xfe\x84\xc9\x82A\x8dl\xdad\xf30|\xf2\
\x9buv\xff\xaa\xc8\xed7\xf4\x93\xcd$\xe6&k\xdb\
T\xac9\x04\xfb\x9d!\x14\xcb+\x07R\xf1k\xd3\x1b\
q\xbf\x1c\xe2\xd4\x22n}\x7f\x0f_\xfdt\x1d\xad&\
xjs\x82[\xef\xcc\xf3\xb1{kl>*\x81V\
*)\x19\xa4\x86\xa9i\x0c\xf5\xc9\xa4\x15\xb8\x15\x9b_\
l\xf5\xd5:[\xf6\x85l\xfdM\xc8\xd0\x80I&c\
\xaakO\x8ej|\xe4\xae\x1a\xdeX\x9e\xa1y\x16\xae\
,\x9a\xcd\xc4my\xbf\x91\xc0\xaa@\x9e\x14Bs\x06\
~\xf1d\xb3\x11:\xaa\x00E!^=\xe4\xf37\x0d\
p\xcb\xfb}\xc6\xb7\x0b\xbe\xff\x88\xc7=\x8f\xbb\xbc\x9c\
\x97\x9c=\x16\x5c\x92/\x95\xf0\x08:l\xe8\xc9i\x90\
\x80]\xbbuv\x0f\x07$,\x8d\xbc/\xb8\xff\xd1\x88\
\x8b\xaf\xd4\xe9\xeb\xd180\x0eIKc\xebQ\xc1\xc6\
/\xe4){\x06\x96e(k+\x16\xd2&\xaf\xaaO\
\xa7,d\x8d\xd8\x97\x83[\xd9@\xcc&m\x1c|\x12\
2\xef\xbcu\x09\x1f\x5c?\xc3\xc3\xdf*\xf1\xe5\x9f\xd6\
\xd9rH\xb1e,\x09\xe7\xf2\x97\x9a\xe4\xf9r\xf8+\
\xd9#d\xd3:\xd9L$G|\xfc\xfa\xd9\x88J\x08\
\x9d\x96\x86\x1fj\xfc|{\xc4m#\xb0dq\x92\xdf\
\xbeP\x8dG*\xa6\xcedUN\xecd\xd5\x96\xf3\xa3\
\xb8z7\xe5o\x0e\x93O\x9d\xc4\x0d\xc3\xab\x1eB\x06\
U+l\xa0\x5c\x8f\xf8\x93\xd7\xa6\xb9zU\x91\x1b>\
q\x8c\xefo\x83\x92\x17\x0b.\x03 j\x08\xae\x12\x5c\
\x8e\x0c\xa51\xa2\x88l\x87NWV\x80k\xb2i{\
\x80\xa5\x9c\xa3\x930a\xb8,\xb8\xffg\x05\xa6\x8e\x1b\
1?j\xe0\xa3\xe4<\xcd\xae\xa1\x1d\xed\x1b\x8eU\xeb\
\xb7*\xb18E%n\xc2d3\xed%\x9d\xb0m\x9d\
\x9d/\x96Yw\xa3\xcf\xbe\xa98\x5clC\x92\x8cx\
\xaa&\x95\x8c='\x01' a\xcb\xeb\x11\x99\x94A\
gNg\xf8\x88\xa6\x1a\xf2lJ\xc3\xf5%E\x87\x84\
\xa5s\xc7}\xae*Tq\xb84\xb8R\x1c\x1b*\x07\
\x15\x03oG?5\xda\x97Q2\x0b\xeb\xad\x8elV\
\xd38\x84b\x176F\xe9\x9a`\xb2\xa23\x16\x18\xd8\
\x86D\xa7\x86\x85\x94\xd5\xe3\x8d-CW\xec\xf5\xaf6\
\x9c\xc7\xb2\xdeN\xf2\x85\x1a\xc5\xf0\x18z\xa6\xc4\x0b\x07\
\x05\x1b\xd6\x9cA\x7f\xdf\x22,{\x15?\xda\xf6(\xbb\
\x87_\xc2\xc5l\x09\xd9\xc8\xb69r4\xa12~\x17\
\xcbd\xe8\xb2\x1fn\xe0\x8e8\x11F%\xce\x0a9`\
50%\x0c6\x04T\xae\xd5c\xab\x09\xcdP\x93\x02\
\xc9\xe7\x9b\x9b\xc8W9h\x0a\x83\x90l\x22\xc7\xc0@\
?\x05?A*m\x22,\x9b\xfd\x87MB\xb3\x83\xbc\
\x97&7t\x09\x96\x96P&0\xe5\x1a4\x85l\x8f\
\x82f\x904\xae\xab\xf0\xd10%S7%\xbdn6\
E\xf1C)\xd0\xacpu_\xd0\x91\xb2\xb0\x8cF\x12\
\xb5\x0e/\xe2\xae9Vh\xd6\x83\xf2\xa3Z \x0aY\
\xd0\x9b\xe2\x89\x17\x8f\xe1[6\xc2\x0e0;\x04\xf5(\
\xc7\xf8\xb8\x0e\xa9\x90\x05K\xcf\xe2\xc0\xd8Qj\xb5)\
z2\x89\x06\xb3\x9c}4\xec\xdc\x0a\xe5\xe6E\xe5\x03\
Y\x83\x0c\x1d\xdb\x06\xc7\x8d'\x1cM\x15b\x05\x1a\xa9\
=]\xf4\xe8\xcc\x18\x0a\x02U1j;\x81\x89\x9fM\
\x5c\x8b\xad$?\x87\x22\xa0\xb7c\x1e\xf7\xdc\xf2\xd7\xdc\
v\xedRf\xaa\x93\xa4\x92\x01\x86\xf0\xd8\xf4\xab<\x9a\
f\xd2\xdfm\x108\xdb9o\xc56\xbe\xfeww\xf0\
\xb6\x8b\xaeG\x84>\xba\xa4\xac\x8d5\x1b\xe0\xdd\xf2\xaa\
2\x8e|U\x14L\xf6\xe1\xbab\xa6\xc5rp\xf2l\
T\x89\xaf\xa3NG\xd2)\x9d\xfeN]\xc5u\x0c\x8b\
\xb3\x880\x1b\x9b\xb3\x9e\x91\xcc\xb5/\x9d\xe5\x89\xed\x8b\
\x18.\xf6\xb0p\xbe\xcf\xc2\xde\x90\xa40x~k\x85\
\x15\x8b\x92\xf4\xa6]\x16\xcf\x9b$\x91\xcd\xf1\xc3G\x05\
\x9e\x93%)\x0fv\xc4,<6CQ2b%\xbc\
LZun\xa0c\x18:\xf3\xba\xe5\x19C\xc8dA\
\x0e\xc9f\xe1\xb4\x05\xa3\xf2\xc6\xd1\xe3!3\xb5\x80U\
\x8b\x93\x0c\xe7\xebx\xa6\xde8p\x8b\x81M\xf1\xa5\x16\
\xcc\xc6\x1b\xa9E,A5\x98\xe4\x07\x8fEl|\xe3\
\x10W\x5c\x1229:C\xda\xea\xc3\xf5]\xba\x07\xbb\
\x19)\xad\xe0\xae\xefOP*\xfd\x863\x86N\x9b\x83\
\xe7Zk:>\x0b\x0c\xba\x14\x5c\x1e\x86\xd8&r\x14\
t\xe6\xe9)\xc6&=\xf23\xb2\xa1k4H\xed\x1e\
\x90\x95\xaf\xea\xc1\x13;\x8es\xd1\xda\x1er\xb6G&\
e\xaa\x84\x96\x1a\xab\x81j\xc3R\xf1\xc1D#\x99$\
,\xa6`~\xbfE\xc6\xd2x\xe4W\x0e[\x9e\xef\xe0\
\xcc\xf3\xfbX\xb2\xd6\xe4\xac7\xccct\xc6\xe6\xdf\x7f\
\xb8\x1dgf'\xcb\xe6;tg\xedV\xbf\xaf\xb5\xad\
\xd9\x14^Z\x5c\xc5\xbce\x90I\xa7\xe8OG\x9c\xb3\
\xaa\x9b'\x9e\xcb+\xba\x22\xe1\xbd\xf9h\xc1\xa8<\x0d\
\x94\xa73\x9b\xb6\x95\xb8\xfc\xc2\xf9\xbcy]\x17\x0f<\
^$\x9bN\xa8c\xa5@\xc1{|\xfc\xd9$~\xb2\
0I\xdb\xd5C\x87s\x97fY\xd0\xbd\x82D\xc7$\
\x86\x18e&\xefq\xda\x86\xabqv\xee&\x9c\x1c\xe3\
]\xaf[\x80S\xeb\xa6#\xb1\x8am#\x81\x1a\xa0\x19\
\xf6,L\xaa\x90\x910.\xcf\xccty\xfc\xa4\xd3\xd3\
\x9d%t*\xbc\xe9\xb2\x1eF\xa7]v\xec\xad\xc5\x87\
\x85r\x5c\xd7\xe6\xbd\xd6'imK\xd7X1dr\
\xfbGV\xf1\xe8\xe3Gyl\x87\x830\x13T\xeb\x01\
\xae\x17\xaa\xf9|\xbb\x05\xa4\x22)K\xe3\xf5\xab\x97\xd1\
\x9d\xb3I%}\xba2\x01\xd9\x8e*+N\xcf06\
Q\xe3x\xc1\xa2ZMR\xae\xa4\xa8\xd5\xb2\xec<<\
\xca\x81\xe9\x03\xaa\xbbk\xe5V#\x07d\xeeu\xa4\x12\
\xe4\xb2\x1dJ\xf8\x8b\xcfJ\xf1\xfau\x03\xdc\xfe\x95\xe7\
\x18\x99\x8e\xd4\xa0\xb7m\xfb\xb9\x0a\xa832E\x11\xe0\
\x9ceI>\xf1\xbee\xbc\xb07\xcf\xcf\x9f,0U\
\xd5qC\xc9eb\x05\x9a\x07\xd2-\x0f\x86\xaa6\xab\
\x13\xc7\x84!\xc8$\x04C\xb9\x88\x92\xa3\x91\xaf\xe9\xb8\
A\xcc\x9dT[\xa8\x0aRcO=\xb6\xbc\x8cyy\
\xf0\x97\xb4-R\x96A\xa7\xedq\xc5kzY\xbd\xba\
\x9f/}{'\xcf\x1fr\x90\xc3\x199\xa9\x10\xaft\
J\xa9\x8eXe\x0b,`\xf1<\x83\x0f^\xbd\x88\x81\
.\x83\xdd/\xcd\xf0\xe2\xb0\xc3D>\xa0R\x17jn\
/\x17S\x0a)4\x99=\xa3W\xbd\x83\x01I3\xce\
-_\x0e\x04\x9aPw\xc2_\x0f\x0cC\x16)M\x15\
\xcal\x87\xc1\xfc\x1e\x9b\xe5\x0b\xd3\x9c}f?\xc7\x0a\
\x0e\xf7<\xb0\x97\xc3\x13\x81\x1cl\xaa\xbd\xc4\x1fzN\
,\xab\xaf\xdcN\x92\xb0\x0b\xce\xea\xe0\xa2s\xba\x18\xe8\
\x96c\x8eP\x8d\x1d%\xef\x91\xd5W\x0e\xc1$\xdd\x9e\
30S\x19*K\x7f[S\xde$\x06\xed\xffQ\xd0\
\xe3x7,]\x9dRZ\x89\x84\x82\xb9\x89\x82\xe0\x89\
\x1d\xd3l{\xa1\x8c\xa7\x18\xc2\xc9\x96\x7fE\x05\xe6\xfe\
\xcd@SB\xca\x1f\xe6R\xd0\x95\xd1U\xad\xb0L\xf9\
\x9d\xa4\x041\xc9\x92\xd1\xd4D\xaaV\xff\xdd\xfc\xdcl\
Y\xdb'\x0c\x8d\xd7\xa8\xf1\x94'\x95UGP\xacD\
\x94\xaa13\xd6\xcdxd\xd3\x1e\xf3\x7f\x94\x02\xad\x1f\
5\xaab\xdc\xa55\xad9w\x91\x16\x9bl\xfb\xbfD\
s\xf1\xe69V\xb3\xbf\xfd\x9d\x02i\x8d{\xe5TZ\
\xe5\xd9\xef\x93\xec\x0fT\xe0T7\xcd\xb9\xfbw\xfd-\
\xe5\x84\xaf\xda\x95\x9as\xa1\xf9\xfe\x7f!\xcc\xff\x00\xbf\
\x0a\xa5\xe7X\xc4\xc2\x14\x00\x00\x00\x00IEND\xae\
B`\x82\x89PNG\x0d\x0a\x1a\x0a\x00\x00\x00\x0dI\
HDR\x00\x00\x00@\x00\x00\x00@\x08\x06\x00\x00\x00\
\xaaiq\xde\x00\x00\x1e\xdeIDATx\x9c\xc5\x9b\
\x09\x98eey\xe7\x7fg\xbb[\xdd[{WUw\
\xf5\xdeM7\x84\xa5\x9b]\x81\x8c\x08\x8a\xc8\x8c1(\
\xa20\xc9\xa8I&N\x1c\x8d2[b\x12\x1f\x1d\x12\
3j\x94\xa8\x93L\xc6\x0d\x0d&\xe2\x0c\x89qC\x10\
\xd9\x97\xc6\x16h\x81Fz\xa3\xd7\xea\xa5\xf6\xaa[w\
;\xfb7\xcf\xfb\x9ds\xaan\x15\xd5\x18\xb3\xcdy\xfa\
\xf6]\xea\x9es\xbew\xfd\xfe\xef\xff}\xaf\x01(\xfe\
\x85\x0f\xe3\xff\xc7M\xff9\xd7b\x9c\xees\x03\x94Z\
x\xfd\xf3\x1e\xd9\xb9?\xf3{\xfc\xc3\x0f\xfb\xe7=!\
\x93C\x04\xca\x1e\xa6a\xe8\xcf\x93\xf7\x0b\x92\xb6\xcb\x9c\
}W-Y\xb1\xb1\xcc\xf2\xd52\x0a\xc8\xceSmV\
\x8b\xe5}\xac\x92\xe7\xf4o\xea\x9f\xd3\x03\x0c\x03,\x03\
l\xcb\xc44\x0d\x88cb}w0\x14\x98f*\xb4\
\xbc7\x16_=S\xc0\xbc\x04\xd9g\xe9G\x22\xc0\xfc\
\xd7\xd5\xcb\x15\x91\x098\x7f~v\x0d+Qz\xa4\x0c\
\xc2H\x11e\x0a\xf9\xa7T\x80A\x22\x5c\xce61Q\
D\x81\xa2\x94\x83\x81~\x8b\xc1\x81Nz{JT:\
\xf2\x94\x8a9\x0a\x85\x1c\xb6ec\xca\x09*\xc60b\
\x0cS!\xfa\xb2MC/V\xcd\x9b6D\xc5\x11*\
\x8a\xb56LK\xae\xaePr\x9e\x12\x0b\xcb\xf7L\xd1\
3q\xfa\x1c\x841\xae\x1b2\xd7\x08\x98\x9cq\x19\x1b\
\x9bcl\xbcE\xad\x01\x86\x03\xca4\xf1\x83\x98\xa8]\
i\xff\x18\x05\x18\x12'\x16\xe4\x1d\x13\x82\x98\xf5\xab\x1d\
^\x7f\xe59\xbc\xea\xc2M\xac\x1d\xea\xa1R*`\x9b\
\x16\xb1\xdcQ\x9b\xd8\xd2\x02*Yt\x1c@\xecc\x10\
\x01>\xe8\xf7\x11\x061*\x0e\x93\xf7*\x9a\x0f\x05C\
\xa4&N\x1ebF\x0c\x0c\xcb\xd4\x0a5,K+\xd1\
L-.\xae\x18\x1b&n\xecp\xa2\x0a;\x9e\x19\xe5\
\xee\xef?\xcf\xbe\x03s\xa8\x9c\x81\x1f\x82\x1f\x892_\
Y@\xe3\x95\x14`\x02\x8ec \xb2Wr\x8aw\xbd\
\xe3b\xdev\xddE\x98\xbe\xc7\xd4\xac\x81\xaf:\x89\xac\
N\xbc8\x87\x181\x8c\xc4B\x11\xbe\xef\x13\x05\x1eQ\
\x18\x12\x06!Q\x18\x10\x85\xf2\xde\xd7\x16\x8f\xa3\x908\
\xf2\xf5\xc32\x95\x0e\xab\xf9\xd4\xa1C\xc9\xc0\x11o3\
\x0d,\xcb\xc4ql,S\xde\xcb\xf7\x14F\x1cb\x1b\
\x019\xcb\xa7\x9ck\xb1\xa2;fh]7t\xaf\xe3\
\xce\xef\xbc\xc4\xff\xfe\xd2\x03L5\xc0\x8fE\x11\xaf\x1c\
\x12\xc6\xe9\x14 \x0b\xca\xd9\x06\xb6\x01\x1b\x86,>\xf1\
\xe1\x1b\xd8\xd0S\xe0\xc5\x97Ztm\xbc\x92b\xffF\
\xbc\x00\xea\xb5\x1ass\xb34\xea\x0d\xdcf\x83f\xb3\
\x81\xeb\xba\x84A@\x18\xf8\x04\xf2\xac\x15\x10\x10\x05>\
Q\x14h\xc1\xd1B\x84D^\x8b\x5c!\xa7\x95'.\
\x9f%Q\xdb\x12\xe1-\x1c\xcb\xd0\x8a0-\x0b\xcb\xb4\
0L3\xf9\xdcq(\xe4\xf3tV\x8a\xf4Urt\
\xd9U*\xf1\x01\xce\xdc\xb6\x9a=\x93\x1d\xdc\xf2\xa1o\
\xb2\xffx\x13\xf1?/8\xbd'\x18\xcb)@\xd6 \
7vL\x83M+m\xbe\xf0'7\xe3O\xccp\xac\
\xb9\x86m\xd7\xfc:\xf5\x86\xcb\xe1\x97\xf6359I\
M+\xa0F\xb3\xd1\xa4\xd5j\xe1\xfb\x9e\x16\xdes\x9b\
:\x07\x88P\xbe\x1f\x10E\x11Q\x94x\x03*\xc0\x22\
f\xa8\xdb\xe2\x9a\xab7\xf0\xe0\x03{\x18\xab*\xc2\xd8\
H\xe2^),Q\x80i\xeau\xd8\x12\x83:w\xa4\
\x9e\xa9\x95`\x92\xb3m\x0a\x05\x87\xbe\x9e.\xce8c\
\x03\x9b\xd6\xaf\xc2=\xf60\x9bW\xce\xd0\xea9\x83_\
\xfb\xc07\xd9{\xcc\xc5\x93\xdc\x11%\x9e\xf03\x15`\
H\x14\x9bP\xc8Y\xf4\x16#\xbe\xfa\xd9\x1b\x89\xa6\xea\
\x1cjl\xe2\xfc\xd7\xff*\x07\x0f\xecc|t\x94Z\
\xbd\xc9\x5c\xadN\xbd^\xa7^k\xe2\xba\x22\xbc\xaf\xad\
\x1e\x87\x1e\xbd\x9dy\x82z\x9d\xd9\xa6G(V\xf0C\
B\xed\xfe\x11\xa6\x8a$\xa5\xb1\xa1\x1f\xbe\xfa\xd7\x97\xf0\
\x85?\xdb\xcb]\xdf\x1a%vl|\xb1\x16I\xd2\x14\
\xe1\xf39\x0bCo\x11&\x86i\xe9P\x93Ej/\
\xb0mr\x8eE\xde\xb1)\x17s\xac^\xb5\x82W\xbd\
\xfa\x12\xfc\x13;X\xdf{\x84\xb9\xf2\x06\xfe\xdd\xfb\xbe\
\xcbx\x1d\xdc &\x8c_nms\xa9\xf0b}I\
xV\x14q\xcbo^J\xd1sy\xfap\x895\xe7\
_\xcbS;\x9f\xe4\xd0\xa1\xc3\x9c\x1a\x9d\xe0\xe4\xa91\
FG\xc7\x99\x18\x9fbzf\x86\x99\xd99\xad\x90F\
\xb3Iuf\x8e7^fr\xeb\xc7\xb6\xb0\xbe\xdf\xc0\
\xaf\xd7P\x91K\xe0\xb9x\x9e\x87\xe7\xfbx\x81\xcf\xf1\
\xd19N\x1d\x19\xe1\xcdo\xed\xa1\x94\x8b\xb5\xf7x\xbe\
\xa7\x15)\xdf\xf1\x03\x1f\xafYg\xeb\xc6\x0a\xab\x87\xf2\
\x89\x97\xb9\x1e\x8d\xa6G\xad\xe1R\xad\xb7\xa8\xd6Z\xcc\
\xd6[L\xcd\xb5x\xe9\xe8(\x0f>\xf0\x08\xf4\x9d\xcf\
\xae\xbd9\x06\x99\xe4\x83\xef\xb9\x10+\x8a\xc99\xa6V\
*\xaf\xa4\x009d\xab\x12_\xb9t[\x17\xd7\x5c\xba\
\x91\x1f>1\xc6\xc0\xd9W\xb1o\xcf\x1eN\x9d\x1ac\
l|\x92Sc\xe3LLL13[\xa5:7G\
\xbd\xde\xd0\xee\xdf\x94G\xb3\x81\xaf\x14O\xfc\xf0I\x06\
\xa2\xa7\xf9\xc4\xe7\xd6p\xede]\xe0\xb60\x95Dd\
\xa8\x05\xf3\xc3\x80\x99\xba\xc7\x89\x91:\xc3g\xc6\x5cv\
Y\x17\xad\xbaK\x1c\x87\x04a\xa0\x9f}\xcf\xa5\xbf\xdb\
\xe0\xd6One\xf3z\x93V\xd3\xd5\x7f\x0b\x82\x10\xcf\
\x0fp=\x9f\x96'\xcf\x01u\xad\x14\x8f\x93\xe3\xb3<\
\xbd\xeb\xa74\xf3k\xb9\xfb\x9e\xbd\xfc\xeb\xcb\x06\xb8d\
['b~\xc9%\xc6+)\xc0\x14\xb7\xb3\x0dr\xa6\
\xe2\x1do:\x97\x17\x9e\x1b!\xee9Wk\xfb\xc4\x89\
\x13\x8c\x8fO211\xc9\xecL\x95Z]\xe2\xbe\xae\
\x13\x9e\xeby\xb4\xe4\xd9u\xb5\x85Z\xad\x06\x8f\x1f,\
r\xfb\xa7\x9f\xa5T;\xc8\xef}$\xc7\x7f\xfa\x0fk\
\xe9-Z\xc4^\x0b\xd3H\xf2A\xa3\xe519\xe9\xa2\
\x82\x167\x5c\xdfE\xa5\xa4\x88dw\x88\x05\x1f\x04\x10\
\xfa\xdc\xf2\x9f7\xd1\xd91\xcb\x9e\x17\xa7Q\xa6\xc2\x0f\
\x02|\xd9]\xc2H+B\xbcE\x14 \x8a\xa85]\
\x1an\xc8\xf1\xb1)\x1e\x7f\xeaE\x0eN8\x1c\xdd{\
\x8c\x9b\xae?\x9b\x9c\x99\x84\xd4RHn.\x05;\x92\
\xb86\xaf\xcb\xb3u]\x17\xcf\x1ep\xc9u\x0fs\xe2\
\xf8q\xa6gf\x99\xa9\xa6\x16o\xd4i6j\xf8^\
S\xc7{\x18\xb8\x04\xdau=\x5c\xdf\xd7\xca\xa8\xba\x8a\
\xaf\xfd(\xc7\xbd_\xdeK<[\xe3-o\x99\xe0\xd3\
\x7f\xb4\x9a\xed[\xbaQ\xae\x87c\xc5\xf8A\xc4\xcc\xac\
\x87\xd1\xf0\xd8\xba%\xe6uW\xf5\x13\xb4Z\xe4\x9d\x98\
V\xad\xce\x0do]\xcf\x15\xd79\xec\xdb\xdd\xe0\xf0H\
\x8d\x98X\x0b\xae\x93i$J\x08\x08\xc2\x10\xcf\xf3\x93\
D\x1bC\xc3\x0dxa\xcf\x01^|\xe9\x04\x93\xad\x1c\
\xbb\x9e\x9f`\xfb\x96\x1e6\xae\xcdi\xe4*F6N\
\xe7\x01\x96\xb8H\x0c\x97n\x1fbv\xaa\xc9l\xd8M\
][i\x8aY\x89\xf1\xb9\x9a\xde\xee\xbcV\x03[E\
X~\x8bVu\x16\xbfY'\x0a\x9a\xa8X\x12\xa0\xaf\
\x17\x15F!\xc7jE>\xf3\x9d&O\x7f\xeb\x08q\
\xd3\xe1\xec\xf5\xfb\xf9\xb3?\xe9\xe1WoX\x8b\x93\xba\
yu\xd6\xd3\x09N5f\xb8\xf9\xc6A\x06z,\xfc\
f\x93\x0b\xb7\xf7\xf2\xfe\xf7\xae@\xd5\xe78|4f\
vN\xae\x1f%[j\x14\x02\x11JE:\xa7\x08\xf0\
\x0a\xe3\x98\xe9\xd9*\xfb\x0f\x1eftb\x9a\x96o0\
:\xe3sd,$n\xf9\x5c\xb8mXc.\xa9[\
\x96\xf7\x00#\xf9c\xde\x86\xb37\xf7q\xecx\x0d\xcf\
\xa8059\xc5\xcc\xcc,\xd5\xaa\xc4z\x1d\xcfm\xe1\
\xd6\xe7x\xcf\x8d\xab\xf9\xec\xa7.\xe6\xbd\xbf\xb2\x86\xcb\
\xcf\xed\xa2\xbfd\x135[x\x8d:q\xe0\x12\xab\x08\
\xc7Q\xec\x1a\xcd\xf3\xd9;\xa7xi\xc7\x14\xca\xe9\xa1\
\xec\xed\xe1\xbf\xfdv\xc4\xad\x7fp&\xabz\xf3\x8c\x9f\
\x9c\xd1\xf0.\xac\xb9\x9cq\xa6\xc9\xd5W\x0e\x91S>\
\x1f\xfe\x83\xb3(\x1b\xa3\x18\xaa\xc4\xfe\xfd5\xed-\x92\
\xc3\x058\x19*\xc0o\xb6(\x10\xb2e}\x99(l\
1>1\xc1\xf8\xc4\xa4\xce\x0dR \xf8Q\xccl\xc3\
g\xbc\x06\xe3\xa3\xb3\x9c\xbde\x10\xdbL\x8d|\xbaj\
\xd00\x14\xa5\x02\xf4\xf7\x14x~\xa4\x81\x17\x9b\xd4g\
fi4Z\xda\xadE\xdbq \x99\xda@\x8d\xdc\xcf\
y\x17wr\xde\x9b\xd7\xf3k7\x9682\x92\xe3\xa9\
\xe7\xfby\xec\xe9\x16\xcf\xec\x9e\xe4\xe8q9O\xac\x1b\
q\xff!\x93\x8d\x7f}\x8c\xf7\x0fna`\xeb\x00\xc1\
\xa9c\xbc\xf1\xea\x15l\x5cw.;\x1e\x1e'\xaa\x07\
\x98\xb6\x89jN\xf3\xcb\xbf4\xc4\x963*\x9c\xb5\xb5\
Ep\xc2\xc5\xa9\xe49|\xb0\x8a#\x1e\x1cx\xc4^\
\xc4\xaa\xa12\xbf\xf8\xaan~\xf9\xe6arq\x9e\xb7\
\xde\xfc(a( \xc9\x12@\xad\x0b\x223\xad\x09\xe6\
Z&\xa3c5\x06W\xae\xa4\x98\x83z\xb4x\xf3\xb7\
\xb3\xf8\xcf*\xb3rI\xbc\xc0bz.\xc27c\x1a\
\xad\xa6Nrn\xaa\x00\x012\x92|\xfe\xf4\xee\x1c\xe3\
#G\xb8\xe6\xbc\xe3\x0cl^\xc9\xfa3\xbbX\x7f\xbd\
\xc7\xdb\xde`0:\xd9\xc7\xae\xfd+\xb9\xff\x899~\
\xf4\xf4\x04\x07\x0eN\xf1\xb5\xc7c*\xf9\xfd\xfc\xfb\x0f\
\x9dE\xcfP7\xc1\xc9Y\xb6\x0e{l}\xf7\x00Q\
\xbd\x89i\x980\xe7\xb1m\x83\xc5\xb6\xad\x0e\xd1\xd8\x0c\
N\xc1\xc6\xad*\x0e\xed\x9f\xc0Q1\xdb~\xa1\x9b\xd7\
_3\xc8\x95\x97Y\x0c\x9f\x99'\x9e\xb3\xf8\x9d\xdf~\
\x82\x9a\x9b\xa0E\xd9\xe7E2S%\xa0I\xaa\xc3\x86\
\x0f\xa3\x93-\xceY\x1fQ\xc8C\xa3\xa9\x96\xf7\x00C\
\x9f\xab(\x15m]\xbc4\xbd\x08\xdf\x0ei5\x9b\xa9\
\xf0\x92h\x04\xda&h\xeeh\x1d~\xff{e\xee\xda\
\xe5r\xf3\xf9#\xbc\xea\xaci\x06\xcf\x1ed\xc5F\xc5\
P\xe7^\xae\xbb8\xe6\xba+VPk\x0e\xf2\xfcK\
\xabxhG\x8b\xfd/Lq\xe7_\x1c\xe3\xed\xffq\
\x0d\xbd]\x10\xd6\x05\x10\x9d\xc24\xed\xa4\xae\x95\xea\xd0\
\x9dC\xb9\x92\xadmp\x0c\xa6'}.\xbcp\x15\x1f\
z\xd3\x10\x97l\x17TX\x03[Q;n\xf3\xc9\x0f\
\xef\xe4\x1b\x0f\xba(\xa7@\x14\xc5\x22\xba\x96$N\x0d\
,I\xd1\x0d\x14\xb35\xa99bl\xa7\xad<O_\
\xda\xed\x0a\x10/\x10\x04(EY\xcb\x0bqC\x97V\
+\xb1\xbc`z)tB\x0di#\x22\x15\x93\xcbY\
<u\xcc\xe6\xb9\xe3&W\xbc\xd0\xe0\xcd?=\xc4\x85\
\xe7t\xb1\xf6\xc2Az\x87\x9b\x98\x8dcT\x22\xc5\xe5\
g\x96\xb9\xfc\xa2\x1eBo\x80\xc3Gm\xe6\xaa\x06\xbd\
=\xb2\xebx\x18by\xb9\xbb\xd4\xba:#I\x8c&\
U\xa1(b\xa0<\xcbG?\xd2\x0f\xe6\x1cj\xa6\x81\
\xea(S\x9f)\xf3\xd9[\x9f\xe2\xf6\xfbZ\xc4vN\
K\x1a+]c&\x82\xc5\x12\x06\x10\x19\x0a?\x8ci\
z\xb1\xbe\xaa \x5cA\x99\xcb{\x80\x91(\xc1\x91\xd2\
\xcf0\xf1\xfc\x08\xd7\xf0\xb4\xfb\xfb\xed\x05\x8d\xce\xf0\xa2\
\x04\x81\x96\x86V\x82\x94\xc2\xf7\xee\xb5\xf9\xf1\xb1\x98\xab\
\x0fT\xb9vO\x95s\xcf\xebe\xd3\xa5\xeb\xe8\x1ej\
\x12\xd7g\x08\xa7N\xe2\xe4'8c\xb8\x03\xcc\x0eT\
3\xf5:\x1d\x93Y9(\x8fH\x8a\xfa\xb4L6u\
\xd5\x17O\xca\x16haw\x15\x99\x99,\xf0\xe7\x1f\xdf\
\xc9\xed\xf7{\x90\xb3\xb0\x0d\xa5\xc9\x10\xf1^]M\x1b\
I=\x11\x0bY#a\x11)\x5c_\xca\xf3X+`\
\xe9a/J\x82\xba\x0aK\xbe%\x89\xc4\x0deo\x0f\
4r\x93\xadM[>\xc5\xf3\xb2\xf5$\xcb\x15To\
R\xc8\xc5\xd4=\x83\xbf\xd9m\xf2\xf4\x09\xc5UG\xa6\
\xb9|O\x95m\x97\xf6\xf1\x0b\xaf\x1e&7\xdc\x809\
\x9f\xa8.ry\x98R\xd8kK\xcb\xfd\xcc\x05JH\
\xff\x97\x81\xf6\x18%\x1ebXX64\x9b%\xee\xba\
}?w\xef\x0c\x127w#<!T\xa4P\x92r\
\xd9\xca\x8a\xa6D\x09\xf2\x1c\xc6J+A\xaf7\xc3\x00\
K\x93`v\xe8\xe5H\xe9)Z\x8c\x05\xa8\x88\xdb\x8b\
\xd5\x13\xf0\x11\xc7b\x1d\xb9\xb5\x90\x1aQ\xb2%\x89S\
\x09%\x15\x89 1\x0e1\x87\xa6\xe0\xf0\x14<\xba/\
\xe2\xa2]\xe3\x9c\xffC\x8b\x0b~q\x80\x0b\xae\xe8\xa2\
\xe2\xccB$\xb5\xaf\xceXI\xec\xebk&\x05\xcf<\
T\xd3A,{\xb3\xb0J\x92\xd1Lr\xc6\x0c7\xfd\
\xe6\x00\xd7\xdd4\xc0\xa9\xd1\x88\x83\xc7\x22\x8e\x8e\xc4\x1c\
:\xd6\xe2\xf0q\x9fC#\x01s\xcdP\xaf'N+\
K\xa1\xec\xe4VR=\xce\x13Q\xea\x15HQ\xa5\x94\
\xb6\xb6PO\xe2\xf2\xa1X^\xa0\xa9\x8a4<\x15\xa0\
\xa3\x04\xc4h\x8f\x88\x13\xf6G\x19\x18\xa6A!\x97\xa3\
\xa3\xdb\xa1\xa7\xcbax\xc0a\xe5\xa0\xc3\x96u9\xce\
\xda\x04\xe5JH\xe8E\x18\xb6\x5c+\xb3|f\xed6\
FDW{i\xe9+dk\x9c(A\xe2\xda\xb2B\
*y\xa8t\xc1\xea-9.\xee\xa8\x80U\x02\xdf\xc6\
k\xd9\xdc\xfa\x91#|\xee+G)u\x88w%\xa4\
\x92(@\xbc@E\xc1\x02iz:\x0fH\x0e\x03\xcf\
\xf5\x08B\xc1\xe5Bz\x8a\xe0\x12C\x11\x1d9\x83\x15\
+\x8a\xf4V\x8a\xf4v9\x0c\xf6\xe7\x18\xe8w\x18\x1c\
,24(\xafaE\xa7GO\xd9\xa3\x5clB\xae\
\x05F\x0d\x82 \xb1z+F\x056\x86!\xb4\x99$\
\xa6\xb4\x00\xd11,\xee\x9b\x10\x17\x92\xb0\x12b$\x0d\
\xdaXi^Q\x96\x1b\xc4y\xf0lZ\x13\x11\xb5\xa9\
Yj\x93'\x98\x1akp\xe2\x94\xcbc\x8f\x1a\xd8\x92\
\x93b\xf1\x9a\xc4\xe2b}I\x88\x92\xc4\xe7I\xa7\xe5\
<\xc0\x98\x7f(\xfde\xcd\xae\xc6\x12\xf3\xb1v\xff\xa2\
\x15\xf1\x85\xff\xbe\x8d\xf3\xb6\x86\x94\xedY\x8aE\x17\x9c\
&XU )\x5c\xf0\x5c\xf0d\x0b\x81\xa8\x96\xdc8\
+2Dh\xe1\xf7LK\x08\xcfT\xf8\x8c'\x97\xa4\
\x97q\xde\xda\x1b\xccy\xafJ\x19\x0aM\x9c\x1a\x05\x87\
\xa3\xfb#\x1e\xff\xee\x11\xaa5O\xa3\xbc\xfd\xa7\xe0\xf0\
$\x9c\x9c\x83V\xe4\xe8(\x12zRh6\xadL]\
\xdc*\x9d\xbcE\xa9\x09\xf7\xb8\x9c\x07\x18\xc9C\xb3\xbe\
\xa1\x9f* \xd67\x16E\xf8\x12\xeb/=\x81;\x1d\
1\x15\xe50\x1dG\xca+\xec\xa2\x85U,\x92+\x96\
\xc8\x95L\x0a\x85\x98\x5c>\xc4)DX\x8e\xc0\xd20\
\x89q}\xd3\x08\xd5\x14+\xa7\x02\xcf[Z2~\x98\
\xe4\x80T\x01\xfa96\x13\x0f\xd1\xf9\xc1\x22j\xb4\xd8\
\xb8\xa5\xc0\xec\xebVr\xeb\xc7Gy\xfc\x05\x17#o\
j\xb6G\x18$9M\xdc\xdeXbeq>)\xa2\
\x96c\x84\xec\xf9W)\x8d,/t\xe2H\xb7\x12\xf1\
\x00y\xdf\x0cb\xdes\xbb\xc1p9\xa0;\x1f\xd0[\
\x84.\x89\xc7<t\xe4\xa1\x983(\x15,\xfd(v\
X\x94\xca6\xc5\x92EG\xc5\xa6\xb3\xdb\xc4t\x0c\x22\
\xd3b\xf3\xc6&f\xdcH\xb4\xad]>\xd5\xbc\x90\x9d\
:\x19\x8a\xbe\xac\x04\x1f\xc8{\xad,\x91\xdf\xc0.\x98\
\xe05\xb8\xe8\x02\x87/\x7f~\x15\x7f|[\x95;\xbf\
3\x85\x957Q\x86E\x10\xb6\x97z\xc9\xb5u\x1e\x10\
\x0f\xc8\xae}:\x05\xa8vWH\xddG\xe2T\x12\x96\
V\x86R\x9c\x9c384\x91dmY\x96\xec\x989\
\xa1\xccm(:\x8ar.\xa4\xe4\x84T\x1c\xe8p\xa0\
\xe4@gQ\x97\x03\x98\x96\xcd\xbb~\xa3\x9f-V \
\x94`\x92\xd9\xb5\x13\xa4\x9d\x8e\xf6\xd7\x89\x16\xb4P\xc4\
bY\xc1\x1e%N\xeeu\x18X\xa3(F\xb0b\x85\
\xc7\x9f~\xaa\x9b\x8b/\xea\xe0\x0f?}\x8a\xb1jD\
\xae\xe0h:<\x8bs\x9d\xa0\x05\x19j%/\xdf\x85\
\xb2\xdb# \xd5\x9b\xb6\xb8N|\xda%\x92\x85\xcaK\
\xa9\xa4\x8a:\xc9$\x17\x97\x0f\x85{\xf7\x22\xa8\xba\x0b\
\x8d\x08\x1d\xb5\x1aU\x1aD\xbeb\xf3\xaa\x12_\xf8x\
\x0f\x97\x9e;N8\x15$\x0d\x10\xbd\xf3\xc5\x98V\xb6\
\xac\xa4\x97\xa0\xf5oF\x0bxMED\xa1\x85\xd3\xd9\
\xe0\xe4\x11\x87\x07\xfef\x86m\x17U\x18\xdcP\xa0{\
\xd8\xe7\xe6_\xafp\xd1\xab\xcf\xe4\xbf~h\x84\x87w\
V\xb1\x8b\xb9\xb4\xa5\x90\x9c\xaf\x0d\x98\x86\xf1rML\
{\x89\xe1\xd3\xeci\xa6[\x88\x9c\x98\xec\xd1\x996\x95\
`t\xd9\xa6\x04\xa4d\xb1\x9d\xfce\xa1W\x88\xd2\x88\
\xb2\xe5\xc6\x9c\xb7\xb1\xc2_}\xba\x93\xb3\xd6\x8c\x12\x8c\
EZ\xf88\x88\xb1K\x02;K\x84\xcd\x10S\xe2\xbf\
\xbd\xf5\x95\x06\xb2`\x0d\xa3\x90\xc7\x14\x00Vop\xe1\
k\xfa\xb9\xe3\xee\x02\xf7\xde>\xcb\xd9\xaba\xcbz\x87\
\x0dg\xcc\xb1\xf9\xa2N\xbe~\xfbF>\xf4\x87\x93\xdc\
\xfe\x8d\x13\xe4\xa5m\x95\xe5T\x91C?/\xe9\xd5\xbd\
L\x01rh\x01\x12VV'\xc04\x04\xb2VV\x92\
E\xe5\x85\xb4\xc8\x04}\xa5m\xae4\xeb$\x0aT\x9a\
Vs[!\xaf\xb9\xb0\x97\xbf\xfc\x1f\x05\x86+'\xf1\
'\x12\x0f2\x05\xd8\xf4\x14\x98\x99\xec\xe4{\xdf\x0d\xb9\
\xee\x0d\x1e}\x15\xe9\x19HBT\x989I~\x10\x85\
\x0a\xb3\xd3`\xd7\xd3y\xd6\xae\x8e\xe8_\xd1\xc02\xa6\
\xb9\xf1\xad\x83\xbc\xed\x83-\x1e=\xa6\xe8{6`C\
_\x95\xb3\xee\xa9\xf2\x86\xcbOQ\x08;42\xcd2\
`b\x96\xe40dWY\xc2\x06-(\xa0\xedS\xfd\
R\x0b\x9f\xe0\xe7\xf6\x8e\xac\xfe\xbb\x08\x9d\x818\xa1\xaa\
\xb5g$\xfb\x8d$\xec\x9c\x0d\xad\x86\xcf\xf5W\x0f\xf1\
\xc5\x8f\x1at\xc5'\xf1\xa7\x0d,Ga\x95m\xddM\
\xda\xf3\x98\xc9\x97\xef\x98a\xca\x80\x7f{\x93M\xdcH\
\x12\x96\xd9\x01\x07\x8fH\xaf\xb1EW\xc9\x05K1^\
\x0d\xf9\xfe\xdfy\xdc\xf2;\x15:\x8a\xb3\xbc\xf6\xd5\x0d\
\xde\xf2\xfa^\xee\xb8gRC\xef\xfd\x13\x8a\x07\x0f\x18\
\xdc\xb5+\xa4\xe6\xcd\x91\xcb9D\x91\xe0\x06CN_\
0`\xd6\xb8]r\x98,mW'\xe5T\xba\x1bH\
}\xb5\xa0\x84\xf6\xef&\xde\x90lc\x02\x9d-\xc3\xd0\
\xc2\xbb\x8d\x80w^\xbf\x9a\xaf\xfd\xb1\xa2\xcb;\x85_\
\x85\x5c\x19\xcc\xae.N\x1c\xed\xe3[_r\xf9\xd4\xe7\
'\xf9\xeaO\x02\x06\xd7\xd8\x98\x05\xa1\xb9\x12Dh\x14\
\xf3|\xe5\xeb\x1e;\x9fV\x98e\x0b\xa4\x09\xdb\x93\xe3\
\x07\xcf\x07\xdcu{\x93\x99\xd9\x1e\xb0g\xb8\xe5]\x15\
\x06\xbb\x1d\x0d\xc5\xf3Nb\xd6\xb1\xbaI\x80\xbd\xa8\x03\
\xb4\xd0i\xce\xea\x83\x97+\xc0^\xf4.\xf5\xe6v\xda\
l^\x83\xe9\xf3\xc25\x16\xba\xf1\xba\xf3k)\xfcV\
\xc8\x07\xde\xb5\x96\x8f\xffV\x13&&\x88,\xc8\x0d\x94\
\x98\x9d*\xf3\xdc\xbd\x1e\x0f<1\xce=\xfb\x15\xfb\xa6\
\x0dj\x91b\xf3pR\x06\x8b\xbe\xed\x0e\x98\x9b\xc8\xf1\
\xbd'\xeb\x98\x86\xc5\xb5\xd7\xe6 h\xb1\xaa\xdf\xe0\xa4\
\xebp\xc7\xe3\xbe\xc0\x0e\xae\xbd\xa1\xc2Y\x17\xcc\xf0\xee\
\xebW\xf2\x89\xaf\x1c#_\xb2\x10\xb6L\xd7/\xa9\xb0\
\xed\xbc\x9f\x0e\x83t\x17[\xce\x03\xecy\xbfO5'\
''\xc9#iS'BgJh\x0b\x93\x14\xb4I\
\xb6\xb7\x8cX\x9a\xc0|\xe4\xfd\xeb\xf8\xddw\xcc\x12\x9d\
\x9a\xc1\xea\xca\xe1\x99]\xbc\xf8\xa4\xe2\x91\x87\xa7\xb9\xfb\
\x85\x90\x1f\x9f\x80\xba'\xd4\xbbB\xd0\xfa\x9a\x95be\
\x01[\x0aJ6;\x1eS\xec\x9e\x8a\x19\xd8\xad8~\
0\xcf\xeaM\xd0\xd3iP\xaeX<5\x02\xe6\xa3\xbe\
\xbe\xdf\x1b\xdfQ\xe4}\xef4\xf8\xdb\x1f\x9682\xde\
\xd2\x84J\x8a-\xdb\xe0n\x02\xab5A\x92\x82\xba\xe5\
\xa6T\xcc%\x9e\x9d\x96\x91\xc9v\xd8>\xa9\x90\xc4\xf9\
\xe2\x19\x0c\xc1\x01\xc2\xf1[\x98|\xfawE\xf8\x09\xe2\
\x99\x19\x8c\xfe^\xc6\xc6{\xb9\xf7\xebun\xfb\xea$\
\x9f|(\xe4\xc1C\x06\xad@\xaa2\xdd\xa3\xa0\xc32\
\x18\x1e\x90\x96\xbb\xd2-o\xe2\x1c\xdf\xbc?)sw\
\x8f*\x1e}\x5c\xd0\xa1Mg)\xa4\xbf\xcf\xd1\xb0z\
\xc7\x88\xc1\x9f?\xe4s\xcf\x9d\x0dzl\x9f\x0f\xfe\xc6\
J\x84 \xd6Up\xb6\xa8EB\xeaZ5\xa5W\xd2\
\x9d\xc0X\xce\x03T\xbb\xe6\xd2$:?s\x22\xee#\
\x9e\x90\xed\xfdZM:\xa3K\xaf\xbf\x94\xb3\xf9\xcc\xef\
\xad\xe2\x1dW\x1d'\xaaJ\x19\xb0\x92\xfd\x8f4\xf9\xfe\
#\xa3|s7\xec\x1dO\xcaR\xcb\x124\x96\x14:\
\xf2\xbe\xabb\xb0\xa2\x1b\x10\x8f(\x1aL\x9e\xb2x\xe4\
'\xae\xb6\xf0\x84\x0b\xf7<\xe1\xf1\xc6\xd79\xf4\x9c\x01\
\x03+\x0a\xf8j\x8e\xa2\x05?:\x06\xad\xfbC::\
&x\xeb\xf5[\xf9_[\xbax\xe1\xc0\x9cn\xa1\xcf\
\xaf\xbfM\x11I\xa6\xd2\x81\xb1\xd8\xd2\x8b\x14\xb0\xe8\xd0\
\x837\xe9\xf9\x0b\xf1\xdf\x9eZ\xa4u-\xe5eoG\
\x81\xbf\xf8h?\xd7]q\x0ao\xb2\xc2\xd8ax\xe8\
\xd1\x09\xbe\xb13\xe4\xc9c\xd0\xf4\x93\xdc\xa0K\xfb\xb4\
\xe4\x15\xbdEJ\xd1\xddi\xd1\xddi\x12\xfb\x0a\xb3/\
\xc7\x8eG\x0c\x0e\xcf\xc4:\xa9IO\x7f\xc7\xc1\x98\xa7\
\x9e\x82\xd7\x9fc\xb0j`\xa1\xbc\x95<\xb0\xeb\x04|\
\xec\xee\x90_\xa9\xefeb\xca\xd2\x8d\xd2y\xec\xdfF\
'd\xb3::\xfa\x97\xcb\x80,\xa3\x80l\x84e\xc1\
\x09R\x0c\x90\xfe]\x90[\xe4{\x0c\xf7\x17\xf9\xca'\
\x86\xb8|\xdb\x0c3\xfb\xca\xec~\xa6\xc1\x9d\x8f4\xf8\
\xf6O\xd1\xddXY\xa8t\x9a\x846K\xaa\xba\xac\xcc\
M\xd6\xd2\xdbiR**\xd4\x9c\xfc\xc5\xe1\xbe\x1d\xbe\
\xd4\x94\xc2\x83j\x05\x1f\xaf)~\xf0d\xc857X\
\xac\x1aJ\xcf7\x0cB%[\xadb\xd7\x08\xbc\xf0\x8d\
\x84\x05\xd4kn\x97?\x03u\xed\xf8v>\xb4O\xa7\
\x00c\x81\x95\x92\xca*Y\xb3\xbe|\x1aII\xb6\x8f\
\x83\x80u\xc3\x9d\xfc\xd5m\xab\xb9`\xd58{~\x10\
\xf2\xedG\xa7\xf9\xfaS\x8a=\xe3r\x9e\xd2\x0d\x88\xa4\
\x14N\xac\x9eT|\xe2\x84\xc2\xd7'\xb7\xeb\xef\x16\xcb\
E\xa8\x1cT\xa7\x1cv\xbc\xd0\xd2\xfd\xbbl\xf5\x02\xe9\
\x1f|!bto\xc4\x86\xb5\x15\xed\xc0\x0b\xc2&y\
#\x85#\xf3@\xa5}B-\xcbx\xba\x1aOK\xe2\
vC.\xeb\x01Fj\x1d\xa1\x8f\xf4\xed\xe6\xa7\xb8\x12\
L%\xd9\xb4\xb3ls\xe7m[\xd9V:\xca]_\
\x9c\xe4K\x8fE<~\x18]\x84\xc8\xbe\x9c\x8c\xa3,\
\xd4\xf2\xd9\xe8\x5c\x02\x91\x05\x09&\xd7\xec\xeb\x16S\xc7\
\x18e\x93\x9f<\x09\x87\xc7b\x0a93\xe5\xf6\x13L\
\xb1gB\xf1\xe43\x0d:6t/\xd4\x06\xf3\xe4i\
6Q\xb2\xc8\xf3\x17%\xb3\xc4|\xc9\xfd5\xef\xf2J\
\xc5\x90\xca\x12~\xea\x06\x09\xbaMrhJ\x5c\xe9\xd7\
\xe2\x9e\x13\xcf\xee\xe2\xbf<\xea\xf3\x95\x9d0\xdbJ\xdc\
=#\x22\xf4 Cj\xa9\xf9\x9b\xa7-)\xf1\x00\x19\
\xf6\xf0\x0c\x83\xee\x8a\x0d\x96\x0ff\x8e\xc7\x9f\x0e\xf1b\
\x83\x0e\x99\xc7\x09M}\x1di\xadI3\xfd\x8e\x87=\
x\xe8\xb0&=\x17j\xfc\xc4\xe5\xb5o\xea0o\x07\
.\x99\x8e\x12\xa1\xb5\xe2\xf5t\xda\xe2\x91\xbc\x97)\xc0\
\x98\xc7\xba\xcc3\xb6\xed\xe5C\xc6\xae\xcc\xd4bn\xbe\
-`\xba\x91\xba\xbb\x95\x0a\x9e\x91\x1b\xa2\x80\xd4\xeaz\
\xaaK4\x1f\xc7\x9af/Hc\x22\xbdVg\xa7\xd4\
\xd2\x0a\x7f\xba\xc0\x13\xcf\xd5u\x1d l\xb3\x10\x17\xe2\
\x052\x16#\xa5\xf6\xdd\xbb\x92\xc5\x89\x92\xa5\xac\xd5\xab\
\xd2\xff\x16\x176\xf3\xe3\x83m\x1e\x91\xf5;\x93u$\
8`\xd1\xbc\x22\xa7\xd9\x05\xa4M\x95\xdc\xaa\x8dJ\x96\
\x10H7\x83\xaa'\x03KBn\xa6\xe8+\x85\xc5Y\
\xbc'7\x96a\x0bS\xd3i\x9bWu\xf1\xee\xd7n\
'\xf2\x5c\x1d&\x87\x8fO\xd3\xdf]\x85\xb2\xcf\xfe\xe7\
m\x06K\x9d|\xf8\xfa-\xf8A'\xb63\xcc\x8f\x0f\
\x1f\xe3\xbe\xdd\x0f\xa54\xb7$:\x01\xe4\xcb\xa0\x98l\
\xbf[\x1a\xffmG\xb6\x16C\x86\x083\xeb\xab\xe5\x80\
\x90J\x9e\x13\x0a\xd9\xd21\xa8\xa7A3\xdc\x9fU\x82\
\xf3\xbd\x9b\xc4\xef\xa5!\xa9\xf9>m\xf9l\xcf\xcd<\
 \xa1\xbb\xb6\x0c\x0c\xf0o.\x91A\x87NL\xabL\
1W\xa2S\x98\xdb\x92L\x9d):\xf3%<U\xa2\
\xe1\xdb\x0c\x0c\xbf\x9a\xcb/z\x13yC:\xc1\x19M\
n.\xca\xea\xfa\xb9M\xf8\x85\xbc\x90\x19b!\x0c\xe4\
Yo\xdbFn\x9e\x89W\xa7C\x82J\xe8\xcdHa\
\xe7l\xcd\xf2\xe8\xb8m\x9f\xe1\xcb\x9cK.,D\xa7\
&;\xd3\xa9\x8beJMy/\xd3\xa5?\xde{\x92\
\xfb\x9e\xaf\x92\xef)px\xcee\xcc\xf3\xc9\x15d5\
E^:\x10\xe2:%FjMZN/5g\x90\
\x1f<v\xafns\xe9\xa4\xb9\xcc5\x17\x96\x91\xed0\
KM\x9b\xee:\xa9\x11\xf2\xb2\xbd\xe8\xa9\x94\x97'A\
\xb3\xdd\x9d\xe4\xb4f+\xc4\xb2\x1d\x8ay\x19*J\xf3\
\xe8|\xad\x9fi7\x11|\xb9\x023\x0b\x19\xbd\x8f\xa8\
\x90\xbe\x8e\x12\x03}%\x9e;8\xcaP\x7f\x0f\xdd\x9d\
JO\x87tt\x17\x08j\x9dL\x8cGt\xf7\x14\xe9\
(D\x9cs\xde\xa5L\x9c:A\xc3\x9bdu\xdf\x0a\
,#\x9c\x1f\xc4n7T\xe6\x95\x0bh/\xb3v\x96\
\x1f\xdab\x1di\xf9\x0b\x9d\x1e\xe2\xfamL\x11m9\
@\xcd?\x0c\xaa\xb5\xa4\xf1\xd9\xdbicO\x0a\x83c\
hN/K\x87\x0b\xf9#!2uE\xb4\xc4\xb1d\
!1!+\x0a\x03\xfc\xe5\xef\xdfB\xa5\xfc,#c\
.3\xf5\x09\x0c\x99\xf0\xccE\xc4\xbe\xcb\x9e\xddB\xba\
\xda\xf4\x96\x14v\x10\xe3\xd6\x1ea\xfb\x96\x95\xbc\xe6\xfc\
W\xd17\xf4Qn\xbd\xed\x8b<\xb0\xfb;X\xb6L\
\xa2\xa6\xa0\xa7}\xb7\x9a\x0f\xcfv\x0f\xc9\xf2\x90\xec>\
B\xdcD\xf4u\xe7i\xb4\xa2D\x01KB\xc0\x9e\xd7\
l\x8a\x92\xaau\xa8\xd6\x5c\x86\x07\x8a\xfc\xe4pU\xcf\
\xe2\x05A\x84iJw%C\x5cie\xa5\xb3r\x96\
\x7f\xdbiU!MbVu\xf7\xb3g\xdf\x05\x0co\
>\x88e\x8d36\xd1\xa0\x9c\x8f\xe9X\x93\xe7\xf1\xfb\
\x8f`\x98>\x9b\xd6\xad%T!\xb6cQ\x9f\xddG\
\xdc5E\xcdx-\xbb\x9e\xecbEe\x83\x86\xd2\x09\
\x05\xdb^\x8a\xb6\x8f\xe7\xa7\xef\xb2\x8c\x9f\x86m6n\
\xeb\x98\x11C\x03\x0ec\x93-dxd\xde^/S\
\x00I\x02\x14\xfc~hd\x8e-\x1b\xbb)<5I\
1\x97\xc3\xf5\x0c\xa41\x13\xcb\xd4\xb7\xf4\xdcRl\xd8\
^u'|~\x9b~\x05\xb7\xdb\x06'&\xc6\xf8\xe1\
\x81\x1c7\xbdq\x0b\xaf\xbb\xfc({\xf7\x8e\xe1z0\
\xd49@\xa5\xe4\x12E\x06M/\xd4\xc5\xd2\x86M\xeb\
8\xe9\xfe+>\xff\x7fF\xa9\x98;\xa98I\x11\xd6\
Nee|\xe7B\x93#\xf3\x80\x04|\xc9{A\xb2\
\x8e$r\xc7\xa23\x1724\x90\xe7\x89\x07&4\x96\
\x91~\xc7\xb28@Ik\x22Vz\xef}j\xf7$\
W^4\xcc\xca\x1e\x13wV\xe9\x0b\xc5*\xd4J\x90\
\x9e{\x92/\x16\x020\xe9\xe3-\xe4\x89\xac\xe1#s\
\x0f\x95\xae\x98\xe6\xf8,_\xfe\x8e\xe2\x86\xab{\xb9\xf6\
\xf2\x88\xb1\xa3\xc7\xf1][O\x9a{^@\xa1d\xd1\
\xb7n=\x0f=\xb3\x82/\xde\xf50S\xb33\xac\xd9\
\xba\x12[\x15\x17\xf3q\x8b\x030\xcdE)v\xc9\x98\
)=cl\x92\xcf\xdb\xbau\xbeae\x8e\x5c\xc1\xe6\
\xc5\x97\xea\xd2`\xd2\x03\xea\xcbz\x00\x1a}\x09\x0do\
\xb0\xf7\x90\xc7\xc9\xc9:W^<\xc0\xc8\xbd\xa3t\x96\
:tk\x5c\x1a\x94\x09\xb9\x9a\x16\x16\xed\x80$\xf3\x80\
\x94\x7f\x93\xa7\x5c>\xa6\x5c\xf1\xe9*\xe4Q\xa6\xcb=\
\x8f\xd4\x09\xbc<o\xff\xa55\x98\xeea\x8c\xb0\x81U\
\xee\x22*l\xe2\xef\xbeY\xe7\xdb?\xd8I\xd1.2\
Pq\xe8+\x85\xb8\x81\x9ehhs\xfddgh\x8f\
\xfdy\xb0\xa3\xa7\xc9\x0d\xdd\xde\x97\xf1\xdar)\x8f\xe5\
Uy\xcd\xa5k\xf9\xe9\xc1\x1a\xa3S\xf1B\xdb\xfc\xb4\
\xdb\xa0\x92qwh\x06\xf0\xad\xfb\x8ep\xc9E+\xd9\
<\x00y3\xa0\x5c\xb4\x91\x92[\x0a\x1d\x1dgm[\
\xe4B,.\x10\x0b\x12N\xf9\x82\xc1\xa6\xd5+\xd8\xd4\
\xb7\x8a-\x03\xfd\x9c\xb7\xae\xcc\xc4\x88\xc7\xa3\xf7\xd51\
W\xac\xa7x\xf1U\xd0\xb7\x99\x1d\xdf;\xc0\xf1\xbdG\
8\x7f\xa3\xcd\xb6\xd5\x0e\xdb\xd7X\x9c\xb3\xd6\xa6\xbb3\
\xa7Q\xe1\x02\x0eIc=\x83\xb6mqo\xa5\xc2\xe7\
l)\xb3;0c\x8f\xf3\xd6\xe7\xd9\xb8\xa9\x97\xef>\
pBw\xdae\x8b_\xfa;$\xbb\xfd\x8dx\x80\xfe\
\xd9\x89m\xb0\xf3\x85&\x8f>s\x82w\xddx&\x9f\
\xf8\xfcs\x90\xef\x92\x12\x85Z+\xc0\x08\x93vY\xf6\
[\x9dl&'3\x95v\x7f\xcb\xe6\xf0\xd8(Q\xb0\
\x8f\xab\xb6\xe71\xf3y\xf2\xf9NJ\x1d2\x85>I\
s\xcc'\xbf\xfa|\xdcS\xf7\xb2a\xc3\x10\xabWu\
\xe1\xd6*\xb8\xad~\xea\xd5\x02F~5\xdf\xdb\xf9\xad\
\xb47\x98\xba|6B\x93\xba{f\x08\x11^@\x93\
\x84joO'6>E\xa3\xc1\xdb\xaf\xdf\xce\xdd\x0f\
\x1d\xe3\xe0q\x9fP%\xd3cK\x0f\xa3}\xedYf\
\x95)\x99\x8e\x82AoA\xf1\x91\x0f\x9cC>\x8a\xf8\
\xcc\x1d\xfbh\x1a\x15\x82\xd8b\xae\x19\xe0\xfa\xd29\xce\
\x06\x104w<\x1f\x01\xd9!#\xb7\xeb\xfb\xcatt\
\xe44\x0fX*(:\xf2\x8a\xceb\xc4`\x8fb\xf3\
\xa0\xe2\xe0\xb8\xc5\xa9\x19\x83F\xcb\xa4\xe9\xda\xb4\xa4\xf5\
\xedJS%\xcf\x89\xd9\x09\x1aa-i\xa6f.\xdf\
Va&\xc2\xcb\x0f*,:\x8ayz\xba\xca\xa8\xa0\
\x81\xedM\xf3\xdewn\xa7\xeey\xfc\xd1\xff|\x8eZ\
(\x89Vi.a\xa9\x07\x18KI\xa2\xac~\x96d\
(\x0d\xcf\xc1\x8a\xe2\xc3\xef;\x97\xb2\x15\xf1\xe5\xff\xfb\
\x12\xc7\xa6Mb+O+P\xb4d\x92,\x8c\x93\x11\
\x94\xb6~\x5cv%\xf1\x05\xf99MvM)Hr\
\x96\x22o\xc7t\x16b\x06\xbb\x14S5\x83j\xcb\xd4\
\xed\xb5 \x12+\xc9Y2vc\xe9\xa4,#9\xd9\
\xc2\xb4\xf0\xe9\xa0\xa3\x08n\xdb&\xc5\x82C\xb9T\xd0\
-;\xbfYee9\xe4\xdd7m\xa7\xe6\x07|\xec\
s?f\xb2i\xd0\xf4\x95f\x8e\x97#D\x8ce\x1a\
\xa6\x0bJ\xd0MO\x83\xae\xbc\xe2\xb7n\xde\xc8e\xe7\
\xf5\xf2\xd0c#<\xf6\x93\x19&\xe6\xc0\x8dLBe\
j\xf2C\xbc+\xf9\xc5V\xda[l\xc3\x16\xf3{v\
z]\xa1\x1b\xf2\xb6xC\xc2#x\xa1\x9c+\xec\xad\
F\x18)\x8f\xbf\x90\x9bt\xb2\xd2\xb1o.\x8aw\xfd\
c\x0a\xd9\xf2\x04\xec\x94c.\xbf`%\xbfx\xc5F\
~\xf4\xec\x08_\xfc\xfa\x8b\xcc\xb8\x06\xcd@&^\xd2\
\x9f\xd8\xbd,\x00X^\x01\xedJ\x902\xb4\xe0\x18X\
\xb1\xe2\x8a\x0b\xca\xdcx\xed\x1a\xfa;m\x8e\x8d\xd4\xd8\
\x7f\xa4\xce\x891\x8f\xe9\x9adl\xb9Q2\x9e&\x1e\
\x91y\xc5|-9\x8f\xdcR%\xe8k'U^\xb2\
7\xb7\x15:\x99\xc62\xa6'\xcd\xfa2\xca\x9f\x00\x1c\
\x83\x8e\x82\xa99\x85\xd5C\x056\xad\xebf\xdd\xfa\x15\
L\xce\x06\xfc\xed\xf7\xf7\xf0\xf8\xaei\xcd%\xb4R\xcb\
\xff\x83~3$G\xb6\x0eYl\xce\x91y\x1di\x81\
\xc3\xb9\x9b\x8bz\x1ep\xdd\xca\x12\xe5\x82|I\xbaG\
\x91\xfe\xb5\x88L#dyAXc\xddeN\xe3V\
\x1fi\x98\xe8\xd6\xd5\xfcpX\x86(\x13t\xd9\xfe\x03\
\xccd\xdbM\x13\x9feb\xe9\x81_\xa1\xd3\x1c\x94\x99\
\xa3\xde\x8a8z\xd2c\xd7O\xab<\xb7\xaf\xae'C\
\xa5g)\xbf\x13\xca<\xf3\xb4\x02\xf23\x14\xd0\xfe\xa5\
\xccu\xc5\xedd.P\xf0\x90\x10\x1c\x1dEy\xc8\x98\
\x9c\x00\x90d\x9b\xd4\xfd\x82\x94\xfa\xca\x90\x5c\xfb\xaf5\
\xf4.\x91^8\xf9<\x1bk[\xfcs\xdb\xf6\x1fK\
&3\x0aIh\x88Ue\xf6\xaf\xd1\x92Q^y\x9d\
\xccQ\xc8\x10\x85\xb8\xbb\xde\xee\xd2]\xed\xef#\x9b\xfa\
\xd9_[\xf8r&L\x86\x03\xe6+\xc5\xa5\xc5h{\
\xa9\xde~\x8dE\x98v\xf1\xf7\x17zy\x0b\x96[\xc4\
H\xb5\x9d\xb6\xc0\xfd'\xa4\x8c\x84\xd1\xdf\xc7\xe2\xff(\
\x05\xb4\x1f\xf3\xe4\xc8\xa2\x924\xfd0\xab[\xdax\xb8\
\xa5\xe7-B\xb8\x99\x02\x96\xd4U\xa7[\xd8\xd2\x04\xb9\
\xf4=\xff\x12\x0a\xe0\xe7\xbc\xc1\xe9\x04\xffY\xc7\xd2Z\
\xf3\x9fz\xc1\xff\x0f\x1a8h\xa4\xc42\x9c\x16\x00\x00\
\x00\x00IEND\xaeB`\x82\x89PNG\x0d\x0a\
\x1a\x0a\x00\x00\x00\x0dIHDR\x00\x00\x00\x80\x00\x00\
\x00\x80\x08\x06\x00\x00\x00\xc3>a\xcb\x00\x00c\x0dI\
DATx\x9c\xe5\xbd\x07\x98dWy&\xfc\xdeT\
\xb9sO\xf7\xe4$M\xd2h4\x1a\xe5\x08\x0aH`\
\x90\x08&\x98\xc5^X\xdb\x18l\xec\xc5\xac\xd7^\x87\
uN\x8bm\xd68\x90\xbc\x0b6\x06cD\x12\xb2\x90\
%\x10 \xa14\x92F\xa3\x99\xd1hr\xe8\x9e\x99\xce\
\xb9\xbbr\xdd\xf8?\xdfw\xce\xb9\xf7Tu\x8f4\x02\
\x1e\xec\xf5_RMUW\xb8u\xef\xf9\xd2\xfb\xc5c\
\x00\x88\xf0\x1f\xfcf\xc8\x7f\xa2h\x89\xd7\xb5\xdb\x7f\xf8\
\x85X\xe2f\xfc\xff\xf4\xba\xe3\x0b7^f\x01\x14\x93\
D-\xcf\xff\xa3\xdc\xfe]2@\xabdB;I\xe3\
\x87\xf8#\x86:\xee\xf9V@~\xc0\x90\x8f\xdf\xcfB\
\xb5\x9e\xf7\x850\xdd\x8f\xf2\xf6ov.KI\x16-\
t\xfc\xb7\xfe\xc6K\x1cC_\xe0%\xbf\xa2\x08\xfd2\
D>\xdfA\x0d\xed=~\xfar\xccp\x01\xe7\xddt\
\xbc\xd6\xe3\xffGe\x00}MX\xa2\xce\xf3\x9e\x22\x98\
\xfez\xb4\xd4w\xb4\x85V\x0b\xa9\x7f\xa6\xf5\xf3K\xda\
\x7fC\xfb\x81\x0b9\xf9\x16b\xd11\x15\xd3^\xe8*\
\xea\x1fS\xdf\xe3c)b\xfc\x88\x19\xc2\xfeQ\x13]\
\xa9S~l!\xb6z\x8f_\x97\xef\xf1\x02\xb7\x12\xf7\
\xa5\x84.\xfe^r\xb0h\x91\xf8\x8b\xf7\x8c\x96s;\
\xaf\x96X\x8a\x18\xe7\xd1\x02\xe7#\xa0\xceC\xea3\xea\
\xb9\xfe\xd8$\x91\xda\xe7\xfe\x9f\xd3\x00\xfa\xe2\x1a\xad\x8f\
\x8a\xf0\xfch\xc04[?\x1f1\x01M\x8dI\xf4\x85\
\x8d\x99I\xff=f\x14\xe2\x14\xc0\xd49K'\x94\xfc\
Q>\xfe\x12\xe7\x1cE\x91\xa6mZu=}K\x1c\
P\x1cA\xbd%\x8f\x15\x19\x08[\xb8B\x11\xb5\xe9\x1c\
\xe9\xf5\x10\x08\xa3\xe6\xcf\xd0\xdf\xf4\x5c=\xb62\x87\xbc\
\x94\x7f;\x0dp\xa1\x9c\xb2\x14\xe1\x89\x90\xe2Q\x10\xdb\
T\xaf\x010M\xc9\x00\xf2}~4\x01\x8b\x9f\x8b\xbf\
\xc5\xba\x0a\xf9`\xa6h\xfa\xb1\xe6\xd5Q\x0c\x16\x7fD\
~Wh\x04\xedu\x1d\x04b\x11\x97\xc8\xdfS<#\
\xd4\x90\x22\x9a\xd2JL\x18mab\x06\x8a\x89\x97\xfc\
\xa6 b\x84\x88\x18%\x8a\x10\x84QLp\xbe\x87\xe2\
\xf8\xa1d\x0eu\xe7\xcf,a\x22\xa2\x7f\x8f\x1a &\
\xbaFx\x22\xb0%\x89N\x8f\xb6e\xf0\xdd2MA\
p^|\xba\xea\x80\xcf\x84\x19C\xaa|\xfa\xbce\x91\
D/6\x0bjqb\xba\xca\xe7\xad\x9af\xc9+m\
V\x10P\x7f\xd3\xe2+\xa2\xc6\xef+B\xb7\xe0\x86D\
\x03h\xdfm\xf9\xbcz\xae\xbfN\xc4T\xdf7LR\
\x1c&3J\x10\x1a\xf0\x83\x10~\x10!\xa0{\x08\x04\
\x11\xc4c\xcb\xb1\xf5\xdf\xfe\x81i\xf6\xc38\x96.\xf5\
J\xdamIx\xba;\x96\x01\xc76`Y&\xcc(\
\x84\x19\x06\xb0\x0d \x9f\x03\xba:\xe9\x9eAgW\x01\
\xed\x9d\x05\x14\x0a\x05dsid\xb3id298\
\xa94\xd2\xa94,\xcb\x82i:0\x0c\x13\x06\x8b5\
\xad\x8a\xcf\x0cB\x7f\xd3b*\xa2\xb3\x06\xa1\xcf\xb3\x06\
1\x13\xe9$*\xf1g\x88\x12>\xc2\xd0\x07\xa2\x00Q\
\x18 \xa4\xd5\x0eC\xfe<}\xd7pl\xc0\x14R\x1a\
I\x194\x98Q\xe9\x18\x16\xc2@0\xacaXB\xfd\
\xb3\xe4\xd2\xc1M~\xce\x84\x0b\x22\xf8A\x80F\xddE\
\xa3\xe1\xa1ZuQ,70?W\xc1\xccl\x05s\
\xb3E\xcc\xce\x96P,\x02\xae\x07\xf8\xa4YL\x03\x01\
,x~\x00\xd7\xa7\xef'L\x10k\x85\x1f\xa2&\xf8\
\x81\x19 \xb1\xe5J\xe2\x05\xf1\x89\xe8)\x1b\xc8\xa4-\
X\xf4\xbe\xef\xa1\x90\x06\xd6\xae\xb5q\xd9\xceM\xd8y\
\xc5v\x5c\xb4i#\x96\xf7\xf5\xa3\xb3\xad\x03\xe9\x94\x0d\
\x8b\x88\x1bz\x88\x98\xb8RV\xa2PH\x17\x11\x87\x7f\
\xcbDD\xea3\xf4\xe8\xa0\xe21\xf2a\x12\xb1B\x0f\
d\x89\xc1\xc7\x08\x10\x05\x82\xc0t\x17\xea\x93\x8eAD\
\xa5U\x15\xbf\xa3[s69\x124\xb2\xd9@ \x98\
K\xfa\x82a\xa8\x18\xc0\x96\x14 \x95E\x1cHLc\
\xc30\x0d\x18\xc4<\xf4\x1a\xab<KH\x00\xdb8z\
\xee\x00\x16}\xd7D\x884\xca\x8d\x10S\xb3u\x0c\x0d\
\x15q\xe4\xf09\x1c\xd8{\x02\xc7\x0e\x9d\xc4\xd84\x10\
\x98@h\xda\xa8\xbb\x01\x5c/\x82\x17$\x1a\x81OC\
R_\x11/\xfaQ3@+\x82\xa6\xeb\xb5-\x92v\
\x13\xb6\x19!\x936\x91MYH\x85.V\xf4\x01\xaf\
z\xf5\x0e\xbc\xe6\xce\xdb\xb0}\xfb6\xb4\xa7\x1d\xb8\x95\
\x0aJ33(\xcd\xcd\xa1R\xae\xa0R\xa9\xa1V\xad\
\xb1\xb4\xb8^\x08\xdfgH\xc5d \xd5HDg\x1b\
\x1a\x84\x08\x99)\xa4tJ\xc9fl\xc0\x04\xa5\xa5\xa1\
\xcf\x07\xe21\x22\xc9\x15\xa6\x88$9dS\xa3\xacs\
$\x98\xc0\x88\xf8}\xfe\x04\xad.\xe8o\xd2\xcf\xc4\x06\
J\xff\x0a\x5c ~'a\x18\xb2O\x8cm\x0c\xa1\xe1\
\xf8\xa8Q\x04\xcb\x8c@d\xa6c;61\x08\xd1\xde\
@:e\x22\x9b\xb1\x91\xc9:h\xeb\xc8\xa3\xab\xaf\x0b\
m\xcb\x96\xc1\xec\xeb\x072\xfd\x18\x1c*\xe3\xf1\xef\x1e\
\xc6\xc3\xff\xf2]\x1c<4\x8d:\x00?\xb2Q\xae\xfb\
\xf0|\xc0\x0f!\xb4\xc2\x12`\xf1G\xce\x00\xca\xde\xb2\
\xd4\x93\x9a\xb7\x80\xb4m \x97\xb1`\x06\x1e6,\x07\
\xde\xf4\xe37\xe1Mo{\x07V\xf7tb~\xe84\
\x86\x07Nclt\x1as\xf354\x02\x13\x91\x95E\
d\xe5a8y\x98v\x06v*\x0b\xc3\xb4aX6\
\xab|\xb2\x91\x82\xd8DTA@R\xbf,\xe1\xfcz\
\x103\x81 \xaeR\xe9\xbe\xa4\x9a\xf8\xae0\x19\xea;\
J\xf5G\xcc$\xcc\x00l\x1a\xc8\x7f \x89\x17\xd7\x18\
{\x1e\x82\xce\x02\xc0\x9ad\x82\x88Y\x04\xc2\xa4\xbfM\
\xd3\x12f\x83\x99\xc1\xe4\xdf\x13\xfc#\x18\x91\xcf\xc7\xf7\
\x10\xf9\x0d\x04~\x1d\x08\x1b\x08\xbd\x1al\xd4\x91\xb6|\
dS@wG\x1a+Vwa\xf9\xc6U\xc8m\xbd\
\x12.V\xe2\xbb\x0f\xed\xc5\xe7\xfe\xee\x9f\xf0\xc2\xb12\
\x5c\xcbB\xb5\x1e\xa2\xe1\x81M\x83\xd2\x08\xb1\xe7\xf0\xa3\
d\x00\x1dd\xd1\xc2\x09\x1b\x0fdS\x06ri\x1by\
\xd3\xc5\xeb\xee\x5c\x87\x0f|\xe8\xbfbMw/\xce\x1d\
\xdc\x8b\xd3\xc7\x8fcd\xb2\x82b#\x03'\xdf\x87\xb6\
\x9e\xd5\xe8\xec[\x8d\x5c{/L'\x03\xc0B@\xe8\
\xd8\x0b\x10\x04>|\xba{\xbex\xee\xfb\x08\xd4=\xf0\
%\xf1C\x04A\xc8\xaf1SH\xc6\x08\x03\x0f\x81|\
d\x99es!\xde'&\x10\xdf\x15\xefGa =\
\x0e\x9d\x99\x85\xf7\xc1L%Q\xa6\x22\xb8\x00\xb4Dp\
\xe9\xad\xd0\xeb\xec\xc5\x98\xe2u\xc28\x0a\xdc\x92V`\
\xdcB\x9c\xc00\x81=\x1b\x05\x8cY;\x05u\x04\xf5\
\x05x\xd5i\xa01\x07\xd3/\xa1=\x1bbe_\x06\
k7\xafD\xef\xd5\xb7\xa3\x12\xae\xc2g\xff\xf6\x0b\xf8\
\xd2=\xdf\xc5T\x0d\xa86,T\x1a\x01\x1a>\x04\x13\
\x84?\x98&x\xc5\x0c`h\x12\xa1P=\x11\xbf\x90\
1\x91K\x19X\xdd\xe9\xe3\x83\xbf\xf26\xbc\xf9-o\
\xc7\xf0\xf3O\xe0\xe0\xde\x17pn\xd2C\xc3hG\xdf\
\x86\x9dXw\xc9\xb5\xe8\xea_\x07\x98\x0ej\xb5\x1a*\
\xc5\x22*\xe5\x22j\xd5*\x1a\x8d\x06\xdc\x06I\x09\xa9\
;\x0f\xbe\xe7\xc1u=~\x1ex\x82\xd0D\x5c\x92,\
R\xd5DpA\xec\x80\xcd\x02\x99\x07\x22\xb0xO0\
\x02\x03?6\x05\xf4\x1aa\x06_\xc6\x01B\x10\xfe6\
\xc9\xc63\x9a\x13\x17&$*q\xe7\x84\xefN\xff\x90\
\xa6 \x06\x90\xc4ef\x10\xaa?vW\xc9M\xb5\x04\
3\xd0Mi\x0b~\x87\xbeK\xa6\xc04a[6R\
\xe94\xd2\x994\xda\x0ay\xe4\xf3\x19dR\x06\xa2\xda\
,\xaa3\x83\xa8/\x9cEg&\xc0\xca^\x0b\xeb.\
\xdb\x8c\x8ek\xdf\x88\xe7\x9e\x18\xc0\x9f\xff\xce_\xe2\xf0\
\x90\x8b\x9ao\xa1T\x0b\xd1\xd0A\xa2\x22\xfe+d\x82\
W\xc4\x00\xadj_I~[\xd6B\xd6\x0e\xb1sC\
\x88?\xf9\xe8\xefbc\xdf*<\xf7\xaf\xf7\xe0\xe4P\
\x15\x93\xe54Vm\xb9\x0eW\xbf\xe6\x1d\xe8Y\xb9\x01\
3SS\x18\x1f\x19F\xb18\x8fZ\xa5\x86z\xa3\x0e\
\xcf%\x94\xec\xc2u\xc5\x9d$\x9e\xa4\xdf\xf7\x05\x03\xd0\
#I>\x11\x94\xa4\x9e\x08\x193C(\xec<\x13\x9d\
\x9eKi\x17\xaf\xab\xd7\xc4\xe7\x99\xf0\xd2\xe6\x13NI\
Y!\x8c\x88\xc0\xa0\xb80?4\xa5\x0bF\xdfU\xae\
\xa7`\x17\xc6\x12JC\xb4h\x03\x15\x9b`F \xa2\
\xc7\xcf\x05\xa8d\x162\xe4g\xe5wlb\x04\x9b\xf0\
@\x9a\x19\xa0\xa3\xa3\x0d+V,\xe7\xbb\xe1\x151y\
\xfai\x14\xc7\x8f\xa0\xb7\x0dX\xb7&\x8b\x0d\xb7\xbd\x1e\
\xa3\xe5e\xf8\x83\x0f\xfd\x05\x9eza\x12\xd5\xd0B\xb1\
J\x9e\x82\xd0\x04\x84\x0d\x94k,\xf9\xe0\x87\xc7\x00z\
\x98U\xd9B\x92\xfe\x94m\xa0-k\x22g\x03W_\
b\xe1#\x7f\xfb'\xc8\xd5\xebx\xf2\xc1\xfb10e\
\xc2\xc8\xad\xc4\x8dw\xbf\x0f\x17\xef\xbc\x11\xd3S\x938\
7x\x1a\xf3ss\xa8\x12\xd8k\xb8h\xb8$\xf1.\
<\xd7C\xbd^\xe7\xd7\x88\xf8\x9e\xe71S\xb0\xe4\xfb\
R\xbd\x87\x01\xbf\x17\x12\x03\x84\xc2\x14\xd0\x993\xe1\x95\
F`uO\x7f\x0bu\xcf\xc1\x15\xd2\x0e\xec\xee\x11P\
\x14`\x91\xcd\x96\x19\xa2=\x13\xa1\xa7=\x03#\xf21\
_n\xa0X\x8f\x18h\xb1G(\x832\x12z\xc2 \
\x06\x90\x92\x9f\x04\xac\x12\x8d L\xa2r;\x05\xf7\xb0\
\xf4KF\x12\xe6Bh\x04\xc5<\x8em\xc1\xb6-\xa4\
\x1c\x0b\x99\xb4\x83\xf6B\x16\xbd=\x9dX\xb7a\x1d\xd6\
\xae[\x87\xda\xecY\x9cz\xee>d\xa39\xac\xee1\
\xb1\xed\xf6\xebQ\xed\xd9\x85\xdf\xfe\xf9\x8f\xe0{{\xc7\
P\x0e,\x14+\x899P\xde\xc1+a\x82W\xc4\x00\
qp\x86\x88o\x19\xc8gL\xb4\xa5\x0d\x5c\xb9\x05\xf8\
\xeb\xbf\xfb0\x8c\xe9i<\xf2\x8d\x87pv>\x8d\xee\
5;q\xc7\xbb\xfe;\xact\x01\x03'\x8eb~~\
\x1e\x95*!\xfd*\xea\x8d\x86@\xfb\xae\xc7\x0c@\x8c\
P\xaf7\x84\xf4\x13\xf1\xe9.\xed}\xe8\x0bL\xc0j\
\x99$; W\x8f$^\x808\xba\xe0X3h\x9a\
\x80%_\x02G\x05\xc6\x08\x95\x0b\xb3%\xc0\xea\xb2L\
\x15\xbf\xfe\xc7\xff\x05\xa9\x5c\x19\x7f\xf6\xab_\xc4\xbc\x97\
E\xd5\x8d\xd0\xf0H\x0bP\xc4N:\x89\xec\x92\x8a\x10\
\xb0\x22<\xaf\x85b\x08\xc6\x00R\xd6\xa5\xca\xe7\xaf\xc8\
0&\xbf#Af\xfcyi*l\xf9\x98N;\xc8\
\xa6S(\xe4\xd2\xe8h\xcbb\xd9\xb2.\x5c\xb2\xe32\
\xb4\xb7ep\xe2\xa9/\xc2\x9d=\x86\xd5=6.y\
\xf5\xe5\x08W_\x87\xff\xf1\xde\x8f\xe0\x89\x03S(\xba\
&\xcal\x0e$\x13\xbc\xc2`\x91\xfdJ\x83<t\xa1\
D|B\xae\xb9\x94\x89M+=|\xe4c\x7f\x0as\
f\x16\x0f\xdf\xff \x06\xa6SX~\xf15\xb8\xe3]\
\x1f\xc2\xf4\xd44F\x86\x0e\xa2Vo\xa0V\xaf\x0b)\
\xaf\xbb\xfc\x9c^#)'&\xa0\xd7\xddX\xfa%\xe8\
c\xa2\x92\xc4\x13\xe8\x13\x80\xcf\x8c\x02X\x06\xbd\xde`\
\x15J\xe7\x16\x90\xcbH\x01\x97\x90\xec\xa1$>\x83=\
\xc5\x0c2\x80Ch\x1f\x11,\x83\x98\xc1`\xe2\xe5\xd2\
&:\xd2\xc7\xd1\xb7\xbd\x03W^\xd1\x87\xef<1\x8d\
(0\xe1KwK\x05_D2I\xa9\xf2d\x1d\xc8\
\x94\x08\x22Z\x08\x98\xb0b\xb5\xe8{\xcc\x04\x8c\x1d\xd4\
s\xa1!\x14\xb3\x10\x03\xd0\xdf\xf4]b\x02\xd7\x0f\xd1\
p}\xd4i=\xbc\x00\xd5\xba\x8fR\xf9\x19l\xdet\
16\xdf\xfc\x1e\x9cz\xe6+\x18\x18\xda\x83\xc6w\x9e\
\xc7\xae\xd7D\xf8\xfd\x8f\xbe\x1f\x1f\xfa\xe9\xbf\xc4\xfe3\
5\xf8\x81\x08/K\xa7&\x09\x1d_\x00\x1e\xb0_\x19\
\xf1ed\xcf\x06rY\x0b\xdd)\x0f\xbf\xf3{\xff\x19\
\x9d0\xf0\xc07\x1e\xc0\xe9I\x1b=\x1b\xae\xc4\xb5w\
\xfd,N\x9d8\x89\xa9\xa9)\xd4%\xc1\x1b\x0d\x22>\
I\xb9\x87j\x8d\xfen\x08I\xf7<f\x0a\x22\xbc\x00\
~>\x02\x89\xe8\xc5\xa3p\xef\x0c\x22>\x02\xa4\xd3&\
\xba\xdbs0\xbc*J5\x1f\xa1A\xc4\x22\x5c\x10!\
\xf4C~N6\x9cn\x82\x19$\x03\xb0\x0d\x0f)\x06\
\xc3\x0b\xe3[&\xaau\x0fs#\xa3X\xb6\xc3\xc7\xed\
o^\x87\xa7\x9e\x99@\x83\xa4>\x22&\xa3\xe3\x1a\x8c\
\x09X\x98\xb5,\x01\x99\xc0P\xd9~\xc2\x11\x1c+ \
\xb5n\x09\xd3\xc11\x0czUD\x08\x058\x13&D\
\x98\x01\xa1\x09,\x0e\x89\x87\xcc\x00\xa6\x19\xc0\xf3M\x8e\
\x1cR\x1c\xa4\xde\xf0\x04C4\x8e\xa2V\xab\xe2\xe2+\
\xdf\x82\x93\x9e\x8f\xb3\xa3\xfb\x10<\xf4\x1cn|{\x07\
~\xfd\x8f\xde\x83\x0f\xbe\xef\x93\x8c]Dl@E.\
/\x8c\xf8/\xcb\x00\x8a\xf8\x22\xca'B\xbb\xe4\xeb\x93\
\xeaOG\x1e\xde\xf7\xbe\xabq\xed\xae+\xf0\xf5O}\
\x1a''RH\xf7\x5c\x8c\xcbo{'\xce\x0e\x0eb\
fv\x96\x09\xce\xc4\xae7\x84\xda'\x94O\x80\xaf\xee\
\xa1\xe15\xe0\x93\x09p\x89\xf0J\xf2\x09\xf0\xf9\x09\xaa\
'\x15/\xed\xbf\x89\x000B\x14\xf2\x01\xfe\xf0\xcf\xde\
\x8f\x85\xe9\xc3\xf8\xdc\xdf>\x89\xc1\xd1\x06\x22\xcb\x84\xef\
\x11\x93\x90{\xaf\xd4?I\xa2\xd0\x04\x02\xc0\x89\xc0\x0c\
\xe3\x043\x82e9\x18\x99*\xa2\xb8\xe0\xc3pC\xac\
\xdf\xec\xe2\x86\x9bW\xe2\x1b\x0f\x9e\x83i\xd8\xe2\xb7\x19\
a\xd394g \xc51\x84\x07\xc4\xd2f\x18\xc8\xa4\
,x\xb5*\xacT\x0a\x91e\xa3\xde\xf0\xd9\xcf\x08\xc9\
\x94\xc8\xe0\x10\xbb\x94\x1cw\xd0\xcd@\x08\x8f\x99\xc1\x82\
\xef\x9b\xf0\x82\x10ib\xe4 \xe0k\xa2GDg\xf8\
\x9a\xd6_\xfe\x06\xbc03\x81\xa1\xb9Q\xec{\xe0Q\
\x5c\xf3So\xc5{\xdfw+>\xf2\xd1G\x11d-\
\xf8\xb4V\xb4\x06\x02\x1e-N//q\x13\xfe\xca\x05\
0\x81\x08\xf6\x80\xdd\x95\x94\x19\xe1\x86\x9dy\xfc\xe7w\
\xff\x14\x9e\xba\xef\x1b86f\xa0\x1c\xb6a\xfb\x8do\
\xc6\xe4\xe4\x14&&'Q*UP,\x95Q\xaeT\
\xf8^*\x95Q,\x96Q,UP\xaa\x88\xc8_\xb9\
Rc@H\xee`\x9d\xee\xa4!\x1a\xca# &!\
\xcd@@\x90\xbc\x02\x97]\xbb\xbc\xd9@q\xdfG\xb0\
\xf5\xda\x06~\xe3\xcf\xaf\xc6\x1d\xb7\xacB.\xac\x22\x9b\
\x0a\x91\xb2HK\xf8l*\x14\xf2\x17\xcc$\x98\x88\xe3\
\x06,a$Y.\xca\xf5\x10\xb3S\x0bBg\xbbs\
\xb8\xf3\xee~\xb4e\x88\xd9\xb5x\x01\xdf\x85I\x12\x1a\
E>r\x1c\x82\x82M\x01\x1c+@\xce\xf6\xf0\xf3\x1f\
|\x1d\xae\xbdz\x1d\xcc\xa0\xc1\xda\x81~\x9b\xe2\x19\xc4\
\xe0\x14\xd9$@\xeb\xfb$\xe9\xe25:\x0f\x92r\xd7\
\x0dX\x00\x5c\x8a\xff\xb3\xd4\xfb\xa8\xd6\x5c\x94ku,\
\x94*\x98\x99+\xe3\xf4\xe9\xb38wn\x04k\xb6\xdf\
\x8a\xb9\xb2\x81\x93c!\x8e=\xf4m\xbc\xeb\xdd7\xe0\
\xc6\xabzaG!\xe3\x1a\xca\xb1\xa8\xecjkQ\xcc\
+f\x80D\xfaE\xb0\x84\xa4?\x9b2\xd1\x93\x09\xf0\
\x81\xff\xfa6\xcc\x9d:\x81\xfd\x87G1S\xb1\xb1q\
\xe7m\x1c\xd9\x1b\x1f\x1fg\xc2\x97J%\x94\xcb\x15\x94\
\xcbe\x94(\xd4[\xae\xa2Z\xa5\xbb\x08\xf9\xd6\xd8\x0c\
\x08\x00H\x9a\xa1A\xda\x80\x08N\x8b\x15\x88\x05!\xe2\
\xbb\xd24\xf0\x82\xb9.\xc6+\x06\x1e\xbd\xef0F\xbe\
\xb9\x1b\xed=\xd3\xf8\x99\x0f\xb6\xe3g\xdf\x7f%\xfa2\
\x012\x86\xcb\xd8\x84p\x02\x99\x0b\x92x\x11p\x11\xe6\
\xc4\x97L@X\xc1\x0b|\xd4}`j\xba\xccqz\
o\xa1\x88\xb5\x17\x87\xb8\xe6\xfa>\x04u\xc2\x18\x22\xca\
\xa8\x13>`\xa6J\x98\x83\xee\xb6\x15\xc1\xf4\xebx\xcb\
\xdb7\xe3\xaew\xf7\xe0\xb2\x9d\x19\xc0s\x11Ax-\
\x22N!p\x09i\xa4@?\x07b\x08\xf9\x9c\xdf\xf3\
Cx^\x80\x061\x031)\x99\xcb\xba\x8b\xf9R\x15\
3\xf3\x15\x0c\x0c\x9eC\xb1\x1a\xc1.\xac\xc4\xf8\x9c\x8f\
\x03\x07'Q\x1b8\x84\xf7\xfe\xd2\xeb\xd0\x9b\x8d\x90M\
\x13\xa6HR\xedz\xb1\xcd+f\x80V\xfb\xcf\xc8\xd9\
1a\x06\x01n\xb9i%.\xdf\xb1\x0d\xcf<\xfa\x14\
\xc6\xcb\x0e\xda\xfa/F\xdb\xb2\xf5\x18\x1d\x1dA\xb9\x5c\
EYJ>\x11\x9e4\x01\xdd\xcb\xd5J\x22\xed\x12\xf4\
1\x81\x99\xf0\x22\xf2\xc7\x0b\xc3\xd2\x22#\x81,1\x84\
\x13\x84\x89\xa8{>Fg<\x8c\xd4\xda\xf0\xdc\x03\xcf\
c\xfe\xd04\x22w\x08\xb7\xbdn\x0a\xbf\xfe\xfb\xd7\xe2\
\xd2\x0dmp\xfc\x1a3A\xca\x8e`\x93\xdbG\x09\x1d\
\x99\x1b\x10\xc0R\x98\x17R\xe3u7\xc0\x0c1\x00\x01\
\x09\xba\xe2\xea\x1c\xde\xf8\xf6u\xe8*\x10x\x93\xe1f\
\x92\xf88\x9e\x90h\x00z\x9d\x88\xef\xd7k\xb8\xfa\xaa\
\xe5x\xcb{V \xac\x1c\xc5\xb9\x13c\x1c\x0c\x12\xee\
\xa7\xd08*X%\x18@\xc4\x19\x846\x92\xef\x87\xc4\
\x0c\xc4\x94\xa4\x1d\xa46\xa0\xbb\x1b0\x16 &(\x96\
\xeb\x98\x9a)bhd\x12\xc5\x86\x89\xaa\x9f\xc2h\xd1\
\xc0\xf3\x8f\xec\xc3\x15\x97t\xe3\xb6[\xd7\xc3!-\xe0\
\x90Y\x114S\xf4\xfb\xfe5\x80\x92~\xce\xf0\x11\x03\
\x18\xe8\xc9Gx\xc7O\xfe\x18\xce\xee\x7f\x11\xc7\xcfV\
Q\xf1RXq\xf1U(U\xcal\xef\x85z\xaf0\
\x13\x94\x8ae\x91\xe4\xa9\x0b\xf5Nw\x85\x03<\x8a\x01\
\xd0\xdd\x13\xae\x1f\x87|c\x17\x90\xb0@ T\xbfZ\
\x10?`\x89\xa85<<y*\x8ds\xb3&\x0e\xdd\
\xff\x18\xfcJ\x17\x82\xd9Q\x5c\xbc\xf6E\xfc\xcf\xff\xb5\
\x0do\xb9k#\xda\x8d\x06\xb26\x9d/i\x03\x05\xd2\
D.@H\xa08v\x10\x01\x0bs5\xa0\x11\xc2\xb2\
-\x04\xf3E\xac\xdf\x1a\xe1\xa6W\xf5\xc3\xab\xd7a\x91\
t\xf3w\x93\xc0\x92@u\x81\x88)D>V\xf4\xa5\
\xf1\xfe_\xbd\x1c\x96{\x12A\xb5\x0dc\xa3U\xf8\x91\
H\x03\x07\x91Fp\x09T\xf9\x91q\x85\xcak\x08&\
\x10\xa6\x81\xce\x8f\xbe\x1b\xc1%M\xe0\x92\x89\xa0\xeb\xf6\
Q\xaa5P\xaey\x18<7\x82\xc3\xa7F\xd1\x08s\
(\xd7\x81\x93C5L\x1c>\x82\xb7\xfe\xa7[\xd0\x93\
\xa3\xec\xab\xd0\xd41\x13\xe8\xb5\x0c\xafH\x03h\xb1~\
B\xab\x8ec\xc0\x8a\x02\x5cwU/\xb6lX\x81\xa7\
\x9f:\x88\xc9\xb2\x85\xc2\xb2\x8d\xb02m\x98\x9f\x9dc\
?\x9f\x89_\x11\xaa\x9e$\xbdN\xc4g Xg\x82\
\x13\x819\xc2\xc7D\xf6X=\xd3\xc2\xb2\x0b\xa8K\xbe\
\x97\xfcM\xea\x9a\x98\xa0\xd1 \xc9h`\xa6d\xe2;\
G\x1c\x9c\x1bqq\xf4\xfe\xc7a\xb6mAP.#\
W\x7f\x0e?\xfbK\x1d\xf8\x95\xffq\x03\xd6\xf5\xd8H\
G\x0d\xc6,\xa4\x09\xc8\x84\x09\xd5(@!\x83\xac \
\xc2\xcc\x5c\x15^\xd5\xe34.{{\xa5\x09\xdc\xfd\xd6\
\xd5\xe8n3a\x11\x8c3\x84\x19![\x9f\xa4\x96\x03\
Nu\x9ba\x0d\xef\xff\xe5k\xb0|\xf5\x1c(m7\
=\xebchx\x1en\x08&\xa6Hb\x89;3\x82\
JhI\x8d\x22L\x81 \xbe\xd2\x04\xc2<\x09\xf0G\
\xcf\x85{(\xce\xb5X\xa9\xe1\xd0\xd1\xe3\x98\x9a\xadb\
\xa1\x1a\xc0\x8f2\x98(\x01\x87\x9e;\x81\x1d[\xfbp\
\xe5\xae\xe5\xb0\xc2\x90\x03t\x8a\x01\xe2\xf2\xbbW\xc2\x00\
\xea\x0b*\xbfO\x8b\x97v,d\xad\x08w\xbc\xee*\
\xcc\x0e\x8d``\xa4\x8aj\x98B\xc7\xf2\x8bP*\x96\
\x18\xd0\x91\xd4WI\xe2k5\xd4\x1a\x84\xfc\xeb1\xfa\
o\x90\xcf\xcf\x12.\xc2\xbd\x01\x83:\x05\xd4D\xa2G\
\xfc-\xec\xa4b\x04\xa5BE\x81\x04IE\xc0\xd6\xfd\
\xd0\x88\x85\xef\x1c\xb71rr\x1e\x03\x0f\xef\x85\xd5\xb7\
UH\xf5\xc8^\xdcx\xf3\x08~\xff\xcf\xae\xc5\xb5;\
\xfb\xe0\xb8U\xe4\xd3&k\x03\x92\x0c\x0e\xd3\xb3\xcfL\
\x84\x00\x8aerCC\x18\xb6\xc9\xd2\x1e\xcc\x95\xb0a\
k\x0a\xb7\xde\xbe\x06\xa1[\x176^\xc6\x10D\xe60\
D*e\xa0Q+\xe3\xae\xbb\xb7\xe2\x96\xbb:\xe1\x0e\
\x9d\x06:zqn\xa0\x8c\xa1\x91\x22\x5c\x22\xac.\xe5\
\x1c\x97\x10\xae\xa8\xca\x5c\xb2\x8bK\xda(\xbe^\xc1\x08\
\xc2\x14\x0a\xe2+\x86\xa0_\xaf\xd5\x5c\x1c;v\x1c3\
\xb3E\xd4\x5c`r\xae\x8aF\x98B\xb5\x01\x0c\x0e\x97\
\xd1\x98:\x87\xdb\x7f\xecjdYS\x0b3\xa0\x04\xf8\
\xa58\xe0%1\x80\x8avq\x09\x97\x11bU\x9f\x89\
\xcbwn\xc1\xb1\x83\xa70[\x05\xd2\x85e\xb0Rm\
XXX\x10\xc1\x9d\x1a\x05xH\xf2\xc9\xd5#\x06p\
e\xa8W\x12\xdfm\xc4h\x9eQz\xe0\x22\xf4]\x04\
\xbe\xcbH[\xa4M\x15#\x08\xfb\xab\xa2|\x0a\xc4\x11\
\x13T\x1a\xe4\x86\xd9x\xec\x98\x89\xddg-\x0c\xec9\
\x83\x89\xa7O\xc1Z\xb6\x8e]\xac`\xf84V\xb6\xed\
\xc1\xef}x;\xfe\xcb{.G\x9b\xd9@\xda\x0a\x90\
ME\x1c\x02\xa6k\xe1\xcc\xa0\x01\x94\xaa\x11\xea\xd5\x1a\
\xdb8:'\xe6\x8a\xf2$\xde\xfa\xce\x8d\xe8i\x17\xd7\
M\xae\x9a\x08#\x87p\xac\x10\xa1\xd7\xc0\xe6\x8d\x1d\xf8\
\xf9_\xbd\x1a\xe1\xd4\x11\x18\x84!\xd2y\x9c:2\x8b\
R\x8d\xcc\x99\x94p\xcd\xd67%\xaf$\x9e`\xd7P\
\xb9\xbb\xd2\x14\xf0\xa3d\x1e\xaa\x1f\xa4\xb8\xc1\xfcB\x09\
GO\x9e\xc2\xec\xfc\x02\xbc\xd0\xe0l\xe0L\xb1\x81\x85\
jH>\x08f\xca\xc0\xe0\xc1S\xb8\xe6\xda\xcdX\xd1\
g\xf29sEV\x0b\xe1\x8d\x0ba\x80\xd6\xa2NN\
\xfa\xd8\x80\x83\x00;w\xaeD\xde6q\xfc\xc4\x04\xca\
\x9e\x85L\xc7J\xb6\xcb\x95Z=V\xf9\x8c\xec\x1b\x8a\
\xf8B\xf2I\xea\x95\xc4S%\x8e\x05\x0f\x8e\xe9\xc3\x8a\
<\x18\x91\x0b3\xf2`re\x0f1\x06\x99\x05\x91\xb5\
K\x5c\xb0\xc4\x0d\x13*2\x84\x1bYh\x84\x16\xee\xdd\
k\xe0\xd8\x8c\x85\xc3\x0f\xbf\x88\xf9\x93\x0d\x98}+9\
\x09\x13\xce\x95`\xcf<\x86w\xff\x9c\x83\xdf\xfd\xc3\x1b\
\xb0yy\x1aYx(d\xa8nA\xc6\x05\x0c\xa0Z\
\x07j\x0b\xc4\x00N\x9c!\x0cfg\xb1n3p\xdb\
m\xab\x01\xaf\x8e\xb4-<\x0b\xdb$\xf5\x0a\xb4\xa7=\
\xfc\xc6\xef\xdd\x82B\xee\x0c\xc2\xb9\x0a\xac\x94\x03 \x8f\
\xd3\xc7\xe78& \x12VzTR\x12\x9f\x99Z\xe1\
\x11Y\xe3\xc0\x9a\x88\x02G\x22\x86\xcb\x81+\xfa\xcf\xb4\
Pw]\x0c\x8f\x8e\xe1\xcc\xd9s,Ttv\xaa\x16\
\xa0R\x0f1\xbd\xd0@`dPj\x98\x18<9\x86\
\xde\xf6\x0c\xb6o_\x093\x8a\x12o\xe0\xfb2\x01\x1a\
\xf1E\xd2\xc7D\xc6\x06\xae\xb8\xf2\x22\xcc\x8e\xcfbx\
\xaa\x0e/J#\x95\xefb\xf5_\xadT\x85\xda'\x0d\
\xc0\x8f5&\xbe\x90z\x81\xf6\xa9 \x82m\xa7\xe9!\
\x13T\x18\xad[~\x05ir\xdd\x9c\x10\x19;\x84M\
\x8b,]8J\xd0pi\x97t\xb7\x84\xc4\x88T-\
E\xbc\xc8&\x86\x91\x89\xd9\xaa\x81\xaf>\x17\xe1\xec\xbc\
\x81\x83\xf7=\x8bF\xb1\x03fw\x17\x95\x17 r#\
\x04\x03{q\xcd\x95\xc3\xf8\xb3\x8f\xdd\x88;^\xb5\x06\
)\xbf\x1e{\x09\x8e\x19\xa1\xd6\x00*\x0bU\xc0J\xc9\
n\x13\x8a \x09-\xf0\xe3\xef\xda\x81\xfeN\x92$\x01\
\xfa8e\xeb\x96\xf1\xd3?w-v\x5cg\xc0\x1f\x1e\
\x82\xe5\xa4\xb8~0\xa8\xa6p\xf6\xcc,\x97|\x09O\
C\xd6-J\x0fD\x94\x9f%\xa6\x845\x8aLG[\
2%\xad\xf2\x04\x04\x8c\xa7gf1<2\x82\xb9\xf9\
\x05\x11Q\xe4\xca(\xaa\x06\xa2\x84\x15\xe1\x82\x10\xc5\x8a\
\x8b\x86o\xa3\xea\x1a\x18\x9e\xa8\xa017\x83]W\xed\
@\x8a\x5cv2i\xba7\xf0J\x18@}C\xa5=\
\xc9\x04t\x14\x80\xad\x9bWa\xe8\xf4(H``\xe7\
\xd9\x16\x93\xafO\xe8_\xa8\xff\x06\xaa\xd5F\xac\x05\x88\
\x09\x14\xe8c\x15\xef\xd5\xd0\xd7\xd3\x81\xdf\xfe\xe3_\xc6\
\x87~\xe1F\xbc\xf6\xd5\xdb\xb0eM'\x0a\x96\x0f;\
\xa8\x22c4\x90\xb1\x03\xa4\x9d\x08)\x0a\x9123P\
\xfe\x9e\xee\xc4\x14RuKI!uH\x15C\xc7\xc6\
\x81\x7f=h`x\xda\xc3\xfe{v#\xb4\xd7\xc3(\
d\xd8^\x9b\xa6\xcd\x84\xea5\x9f\xc5\xaf\xff\xfeF|\
\xe0\x17\xaf\xe1\x10v\xd6\xf2\x91\xcb\x18\x9c\xfd\xab\x16\xcb\
\x80i\xc7\x89\x1cZ\xb4`f\x06\xeb/\xc9\xe2\x96;\
6!h\xd48\xfaI\xda\xe0\xa6\x1bV\xe2\x9d?{\
\x11\x82\xa1# \x98\xc8\xb5\x8a\xd9<\xa6\xc7]\x8c\x0c\
\xcf3\x98d\xbb-\xcf\x91\xd4\xbb\xa82RZ'\xe0\
r12+\xe9T\x04#\xf4\x85v\xb1\xa80\xd4\xc5\
\xdc\xfc<&\xa7\xa6\xb1P,\xb1)\xa0\xb0\xb1\xaaV\
&=\xa1\xbc\x04/\x8c\xb8Ll\xbe\xea\xc3\x0bM\xcc\
W\x81\xd9\x91\x11l\xdd\xbe\x1e\xf9\xac\xac\xa6\xd6\xe28\
\xe7\xe3\x00\xfb\xe51\x00=\x0f\xd0\xdfccYO;\
\x0e>z\x0c5\xdf\x84\xd9\xd6\xc6j\xa9J~=\xa9\
|V\xff\x82\xd8\x22\xf2%\xabw\x02\x91\xc5\xa3\x02N\
\x0at\x5c\xb3\xb1\x82\x1b/}\x11\xb8&\x85\xd7\xbd\xae\
\x07\x0bS\x1d85\x98\xc2\xc1\x17gq\xe8\xc8\x04N\
\x0fNaz\xae\xc2\x84\xa6P)%Y\xe8\x1c\x08\x0d\
{\x5c\xfbG\xa0H\xa4;\xe8?\x8a\xd7\xdb\x86\x89\xdd\
\xa7\x02\xf4\xb5\x9bp\xcc\x22\xda\xee\x7f\x1e\xdb\xdf~\x19\
B\xef\x08\x8cz\xc0\x85\x18\xc1|\x05F\xf5i\xbc\xf5\
]\x97`\xdb\x8e\xd7\xe1\xaf>\xfc\x14\x0e\x1c\x1dGG\
\x9b\x81\x05\x8e\x05\xa8\xe4\x9d\xaa\xb32\x81\xd2 \xde\xf8\
\xb6mx\xf4\x9bG\xb1\xe0\x05X\xd6i\xe2\x83\xbfq\
3\xec:\xb9|>\x0c\xf2\xf7I\xa0s\x05\x9c\xdd[\
\xc6\xdc\xbc\x0f\xa3\x90b\x06%\xe9V\x09\xa0$\x97\x12\
\xc1\xa1X\x0a]\x83\x17\xc0\xf2\x80\xcb.\xe9C\xa5\x16\
\xe2\xe8\xa9\x19\xc6\x0f\x1e\xad\x17De\x11\xddT\xb3\x8b\
\xaaA%\xdcBYJb\x0a\xca\x19\xd4\x1a>\x0a\xb6\
\x89r\x03\x18\x1f\x1a\xc3\xca\xeb/Cg\x070S'\
\xecB\xf9\x8a\x97\xce\x08,\xc9\x00\xcdu\xfd\x14\x82\x0f\
\xd1\xbf\xbc\x93U\xe6\xe4t\x19^h!cg\x85\xe4\
+\xdf^F\xeeb\xe23\xa2\x15\x01\x10\x0a\xaaG\x14\
\xa25M\x0c\x9f\x9b\xc0\xec\xd7\xff\x16\xf6\xdaK\x90Y\
\xb3\x09\x1dme\x5cy\xc9\x14\xae\xbc\xb4\x1d^\xb8\x0e\
g\x867\xe3\xe0\xe1\x22\xf6\xed\x9f\xc4\x91c\x13\x18\x9d\
\x98ct\x9f2\x0c8)\x8b\x0b \xb8o\x80\x12:\
\x9c\xf92\xe0G\xc2e\xfb\xf6\xa1\x08\xfd\xed\x16\xac}\
\xa3h\xefk\xc7\x9aW\xafG8z\x12\x061,\x99\
\x04\xdf\x80\x7f\xfaE\x5c\xb2i\x0d\xfe\xf7\xff\xb9\x1d\xff\
\xf4\xa9\x83\xf8\xd2\xe7\x0f`l\xa2\x0e\x98)\x8e\xde\x19\
R)R\xee#\x98\x9e\xc6\xc6\xedkq\xfbk\xb7\xe0\
k_<\x8a_\xfe\x9d;\xb1fc\x0d\xfe\xe9iX\
fJ\x10\x84>\xee\xe4p\xf6\xe4,\x9f\x9b#s\x0e\
\x1c\xf7\xe7\xba@\xca;P\xee\x9fc\xc3\xb0\x02\x8f\xeb\
\xffv]\xb1\x127\xdf\xd2\x8f\x9b_\xb7\x16\xa7\x8e\x9b\
\xf8\xa9w|\x01\xb6\x95\x8e+\x7fEe\xb2\xa8/\xe0\
*vb .;O\xca\xbfH\x0c*\xf5\x00\xedi\
\x03n`bfr\x0e[\xb36z\xbas\x18\x9c\xa8\
\xca\x8c\xa54\xe9\xe7I\x0e\xd9K\x11^=\x8f\xd3\x9e\
\x11\xb0be\x17\xdcF\x88\x99\xf9\x06\xbc0\x85\xac\x95\
\x8es\xf8\x9c\xc8\x91A\x1c\x15\xc9\xe3 \x0e\x037Q\
\xa9@@\xc76}\xbc0d\xa3n\xa7\xd09v\x04\
\xb3gO\xc1Yy)\xf2\xebV!\x95\x99\x82\xd3x\
\x18\x9bz3\xd8t\xd7\x0a\xbc\xf5\xee\x95\x18\x9b\xda\x80\
\x83\x87\xebx\xf6\xb9i\xbc\xf0\xe20\x86\x86\xa6Qr\
\x1b0-\x03\x81e\xc23M\xb6\x87a@\x19<\x03\
e7\xc4C/\x84X\xd6fb\xdf\xb7\x8e!\xdb\x93\
G\xef\xa5\xeb\x10\x0e\x9fe\xa4\xce\xe9`\xcbA02\
\x82\xb6\xce\x05\xfc\xc2o\xed\xc0\xba\x8b;\xe1\x0f\x1fA\
@\xb1\x00\x169\x22\x9e\xa8\xe3\xe3B\xfd\xd20n\x7f\
\xc3& \xf0q\xdb\xdd=\x08\xce\xee\x87e:\xf2s\
\x96\x8c\x11d1p\xe2\x84 \x12\xd1\x99*\x81\xc9t\
R\xf4\x8c@\x9eW\x87\xe5G\xd8\xb0\xae\x1b7\xdf\xb2\
\x06\xb7\xdd\xd1\x8fM\x1b\xab@\x81~\xc4\xc3\x91G\x9f\
@D\xbd\x06\xb2\xd2\x99OC\xd2$\xe9\x5c\x22s'\
_S\xddB\xa1\xc1y\x037p\xd0\xf0\x0d\xcc\xce\xd5\
`\xa1\x8a\x9e\x9ev \xac&9\x01\x8d\xbe\xd1\x05i\
\x80\xb8\xc1C\xb4m\xd1e\xf6.kCu\xa1\x86J\
\x9d\xb2\x5cYVCu\xb7.\x89O\x91:O\xb8j\
\xaa\x9cK\x12_\xb9?\x04\xea\x02\x84\x18kD\xf8\xa3\
\xaf\xa6\xf1\xde\x9b}\xaciw\xb1pd\x1f\x16\x06\xf3\
\xe8\xda\xb2\x03\xed\x1b\xae\x84i\x8c#\x1c?\x0d#:\
\x81\x15\xb9\x1cV\xbcj\x19^{\xebJ,\x14w\xe1\
\xf0I\x0f{\xf6\x96\xf0\xcc\x9e\xb38v|\x0c3\x95\
\x0a3g\xca\xb1\x11E6?\x9f(\x85\xf8\xe6\x0b\x11\
\xde\xb0\xcb\xc0\x9e{\x0f\xe0\xd5\xcb^\x85|o\x0f\xc2\
\xc9\xe9\xb8Z\xc7\xb4m\x84e\x17\xd1\xe9\xbdx\xfd\x9b\
\xd6\xc2-\xdd\x88\xb08\x07\x9b\x0b\xeb\xe8je\xc5\xaf\
a!\x9a\x99\xc5\xb6u\xc0\xd6\x0fmF4q\x18\x06\
1\x05\x07\x87\x88\xe9B\x98D\xe4\x9a\x83\xe13\xd3H\
\xa7\x09\x5cR\xd8\x9cB\xc1>\xfcj\x03\x9d\x05\x07;\
\xafZ\x8b\xdb\xee\x5c\x83\xebo\xc8\xa1\xa3\xbb\x0cT\x07\
\x11\xf9Y\xb8\xd5mx\xfe\xcb\xdf\xc3\xd7\xbf>\x0a7\
\xcc\xcb\x1c\x83\xeaA\x14\x8f\x84{\x08\x9b\xb0\x04\xf3]\
j\x01\xaeW\x88\xd84\xd6\xa9R\xd860Wt\x11\
\xd4\xe7\xb1\xac\xaf\x0d\x88\xc6e1\xab\xaaw|\x85&\
@\xddTkWgG\x0e\x95b\x05u\x97\xa0\x08U\
\xf0\x1a\x5c\xcaE.\x1eW\xefP\x0a\x93r\xf92\xdb\
%\xaaw\xa5\x7f\xab\x90|\xe0s0\xe6\xe1Ci<\
~\xa8\x817_\x11\xe2mWE\xe80+8\xf7\xd4\
3\xc8\x1e\xe9D\xdfe\x97\xa0}\xe3U0\xbd3\x08\
\x8a\x13\x88\x8a\x030\x8cS\xe8H\xdb\xb8\xe1\xd2e\xb8\
\xe1\x9aU\xa8\xff\xecv\x1c;}9v?;\x8f\xe7\
\x9e\x1d\xc0\xe1#\xe3\x98\x98,\xf1B\xa42\xc0\x89I\
\x13k\x87H\x99\x87x\xfc\x1f\x9e\xc1\x9d\xbft\x0d\xcc\
\xf6:\xa2R-n'\x14\xf5\x81\x16\x823g\x91\xca\
\x8c#\x22-\x12\x90\xca\x14\xb9}!+\x04\xbb\x01\x14\
\xc7a\x9ac\x82\xc9\xe22/A\x083\xe5\xa04\x1b\
\xa24WD>gpL\xc1\x0c\x81\xb5\xab\xdbp\xd3\
\xed;\xf1\x9a\xd7\xad\xc5\x96\xadt\x90q`a\x14\xfe\
x\x00\xa3\xad\x1da~\x17\xf6\xff\xf3\xb7\xf1\xcdo\x8e\
\xe0\xc8TF\x86\x8e\x934\xae\xea3T7%\xfd\xe2\
\xf4\xa9\x00D\x84,H\x03\x12\x16pS@\xa9\xe2\xa3\
Q\xa9\xa1\xa33\x97`\x1a\xad\x96!Z\xc2\x14\xd8\xe7\
\xed\xf4\xd12J\x84P;\xdb\xd2\xa8T\xeap\xc9\xa6\
\x9b\xa2V_\xc4\xec\xa9\x88C$m\xf4H\x16\xd7\xf2\
\xe9\xd5\xbb\x1c\xfc\x888\xdbe\xc1\xc0|\xdd\xc1'\x1f\
\xf1\xf1\xad\x17C\xfc\xe4u\xc0\xcd\x17Ep\xa7\xe6\xb1\
\xf0\x9d\xdd\xe8Z\xd3\x8f\xfe\xcb\xb7\xa2mE/P\x1b\
DX-\x22t#\x84\xe3\xa3@t\x0e\x99\x8c\x83\xcb\
\xd7u\xe3\xf2KW\x00?\xb3\x09g\x86/\xc3\xde}\
E<\xf5\xc4\x10\x0e\x1c\x18\xc1\xc4H\x09O\xbc\x004\
\x1a\x80\xdb\xa8\xe1\xc0\xbdGp\xe5\xbb/E\xe4\x0e\x00\
\x0d\xad\xa10\x12^B\xd8\xa0&\x12\xae\xe9\x8d\xa5?\
\x06\x83,}l<dKY\xb2\xb2\xac\xae3iL\
\x9e\xaabp\xa0\x8aT\x01\xb8\xe1\xaau\xb8\xf5\xf5[\
p\xd3\xad\x9d\xe8\xec\xad\x00\xe5A\x84\xd3E\x84!\xf5\
\x0d\xa4`u\xe6\xe0g\xb6b\xf7g\x1f\xe6\xf3}\xe0\
\xa0\x85\x12\x07t$\xda\xe7P\xb5\xdeX\x1a\xb7\xb0\xc4\
ZAV)2\x03\x10^ \xe0H\xf7\xba\x17r\x0e\
#[H\xc5\x9a\xfc\xe5\xe2\x00\xcd\x0c\xa0M\xe8\xe0/\
\xb2\x1fI\x15\xb4@&\x9bBm\xa6\xc6A\x98\xd02\
D\xec\x9e5\x00\xc5\xe7\x09\xfc\x89(\x171\x81\x08\xb3\
\xca\xeaZ-,\xaa\x02\x1d\x04\x96\xc8\xb0\xa4\xd3\x11\x06\
\xa6\x81?\xbc\x1f\xb8z}\x84w\x5c\x05l]\x0e\x9c\
=1\x81\xb13\x13X\xb5e\x0dV^\xb1\x09\x99\x9e\
*P<\x05\xd4k\xdc4\x12\xba\x01\xa2\x89\x09D\xe3\
\xe30\x1d\x0b\xeb\xdb\x0bX\x7fw\x1f\xde\xf6\xe3\xab0\
=}\x09\x0e\x1e\xaa\xe2\x99'Fq\xea\x85Q\x0c\xcf\
\xcf\xe0\xa1\x7f\x9dB\x98>\x8a\xab\xdf\xbe\x0e\xe1\xc4\x04\
\x8c\x90\x10!1\xa4\x92'\xddY\xd6 \xb7R\x04\xe4\
\xc2\xc5\xadj\xfar\xd2\x9b\x16\x16\xa6K\xf8\xb1\xbb\xb6\
\xe0\xf5?\xb5\x0b\x97]A>\xd89`\xea\x08\x82s\
\x0d\xc0p`Zi\xd1AV\xc8\xc3Ko\xc1\xb3\x9f\
{\x04\xcf\xee\x1e\xc6\x97\xf7\x9a\x98-E\x0c%\x92n\
ai\xeb%!T9\x9ahYK\xcc\x00}\x86\x8b\
^x=e\x02\xc9\x8f\xe06<\xe4r\x82\x01\x9aH\
\x7f\x9e\xca\x90f\x06\xd0\x84CH\xbf\x88\x96\x91\xdav\
\x9c\x14J\xb5\x22\x97JQ9\x94B\xfc\x02\xf5\xcb\xcc\
\x9d\xaa\xe3\xe3Vg\x19\x0b\x97~;\x13\x9f\x12\x22\x1c\
\xc0\x11\x0c@\xe6\xc1\xa0\xd0\xaci\xe0\x99A\xe0\xc0\x90\
\x81Wo\x8a\xf0\x96\xcbM\xf4\x9b\xc0\xb1\xe7\x870r\
|\x04\x1bv]\x84\xfe\x1d\x97\xc0\xe9\x9d\x01JgA\
\xed1\xd4\x94\xc9\x0bE&f\xae\x84h\xae\x0c\xc3>\
\x83\xde|\x16\xb7\xdd\xd0\x8b\xdbn\xebE\xbd|=\xce\
\x9e\x090pt\x01\xc7\x8e\x0e\xa2go\x0d\x1b/\xed\
B8\xbb\x00\x83\xe1{\xd4\xd4\x13 \x16H\xf5\xef\xea\
\xeb\x22\x1a9\xc4\xe7$\xb2R\xedf\xb3\xf3\xd8\xb1=\
\x85+n\xbe\x08\x08\x06\x11\x8d\xcf#pi\xddDg\
\x13}\x96\xdd\xc2B\x0eAf\x13\x9e\xfe\x87G\xb0\xe7\
\x99a|\xf59\x13\x93\xf3\xe4\xeaR\xdc@Ht,\
\xe1\xb2\x0d\x8dC\xc1\xf2U!\xf1\xb2E^j\x09\xb1\
\x9e\xa6\xcc8\x8a\xbf}\xd7G\xca\xb6\x17I\xbd2}\
/\xab\x01\xf8A\xea~\x22\x0c}\x8b\x82\x0a\xa9TJ\
T\xe8\xf2\x8f\xb1\xf1\x91\x9d:R\xf2\xe3\x987\xbd\xaf\
\x15R\xc4\xa5\xda\xaaTK0\x82P\x08\x06\x22\xf2\xb7\
\xe9Dl\xcan\x99x\xe8p\x88\xe7\xcfF\xb8mK\
\x84[7\x99\xf0\x11a\xf6\xd1\x93X~\xe4,6^\
\xbb\x09\xdd[v\xc1\xca\x0f!\x9a\x1f\xa5\xa69Yc\
G\xe7+\xb2y\x01\x81\xbb\xd2(`\x0cs\xff\xdd\x96\
\xb5\x9d\xd8\xb2\xad\x1f\xf0w\xa02\xe7!*\x8fq\x5c\
C\x8e\x91\x10\xb7\xb8\x88N\x1f2\xa0\xa4FE\xf4\x88\
\xe8$y\x01\xbb\xc5\xa2G]\xd4\x0d8\xfe\x10\x82!\
\xa1\x0d\x08\x14R\xfeD\x19a.G\xcb\xa5\xe1\xd9\xeb\
\xf1\xe4\xa7\xbf\x87\x03\xcf\x0f\xe3\xbe\xe7M\x0c\xcf\x84\x8c\
\xb4)\x8e!\x94J\x8c\xf7%\x03H\x91\xe5c\x080\
G`PUB\x13\x1f\xb2\xb6\x90QQr\x89\xbd\xc0\
\x80\xefQ\x8d\xa1lFi\xad\x07XB\x0b,r\x03\
[\x9f\x8b\xa6G\x0a-\xdaM\x9cFI\x9b\xb8\x8aW\
\x16s$\xa5\xd8\x82\xe8\xaa\xa6O<6k\x04V\xb2\
tA\xb2\xdb7\x0cE_\x9em\x1b\x98\xae\x02\xff\xbc\
\x17xv0\xc2]\x97\x1a\xb8b\x9d\x89sc.F\
\xef;\x8c\xd5k\xdb\xb0\xf1\xda\x8d\xe8\xd9\xbc\x0c\x867\
\xc4\xe8\x9dA9\xd3P\x14\x7fp\x071\xe1\x14J\x1a\
MP|~\x1e\x16\xb5\xacY)D\x9e\xe8\xe6e\x80\
\xa7\x0b\xbc2\x98Q\x8b-\xd4\xab\xeb\x14C\xc4e\xa2\
\xb2\xed+\x12\xbd\x02\xd4N.\xe2\xfc\xc4\x0b\xe2\x18F\
6\xc5\x92\xff\xd4gwc\xdf\x9e\x11|\xe3\xa0\x85\xa1\
\xe9@\xe4+\x88\xf2\xdat\x14\x91\x0f\x10\xf2.n\x22\
\x9c\xa4\x8a\xcb\x95f\xa0\xef)0\xa7j\x1f\xb9\x15]\
\x0e\x99P\xee\xdf\x225\xf0\xb2\x1a@\xadE\xcb#\xf7\
\xe0\x9b\x06\x1a\x9eh\xc4d\xf5.\xd5\xbf\xb0\xfb\xb2\xa8\
A\x95?\xc9\x14\xa8(\xec\x94\xd2/[\xae\x9b\xe6\xf5\
\xc8E\x17C\x12D\x0b8\xad-\xc7V,\xe0\xcc\x9c\
\x81\x8f?\x1ea\xc7\xca\x08o\xb8\xd4\xc0E\xcb\x0c\x9c\
\x18(ad\xf8\x05l\xdc\xda\x83\x0d\xd7\xafE\xdb\xaa\
~\xa0:\x82\xb0Tf\x09\x144\xa4\x10+\xad>-\
\xb4\x83\x88\x0cp`s\x81&\xd3^V\x0d\x83\xa5\xbb\
\xc5\xfes\xe4L2\x87\xde\x88\xaf\x042\xee\xbdj\xf5\
\xae\x85\x86\x88\xaf\x8b>\x9bO!\xca^\x84'\xfe\xfe\
\x19\xec\xdb;\x82\x87\x0e\x9987E\xe7$xEi\
\x19\x01\xfa\xb4\x12N\x220G\xbb\x14\xa3%7~E\
\x83'\xaa\x0f\x80\xbc2.e\x0f(|,\xe7 \xa8\
k\xb8P7P\x9f\xb8\xd1\xd4\x0c\xc2\xae\xb1\x22\x9e\x08\
C\xea\xa5[\x9c\xa5\xe3&\xcdH6qhU/\x12\
\x0b(\xd5/\x8e\xa1\xb7-h\x92g\x08\xa9\x10qt\
a\xeb\x88\x9b\x0f\x8cD81i\xe0\xfa\x0d\x11n\xdd\
j\xa0\xdb0\xf0\xdc\xf33\x18<9\x83-\x97\xaf\xc0\
\xfa\x1b.Ff\xf9<\xa2\xe2(\xa2\x9a\x0b\xc3 \x10\
\xc4\xdf\x16\xf0I\xe9UN\xf4\xa8\xaay\xf5\x92\xf6\xfb\
\xbc\x00-\xe7\xa6\x16F\xb5\x89\xc7\x8bE?!\x09\xa4\
\x98\x87r\x03\xf2\xb7\x0c\xc7B-\x5c\x83\xc7>\xb1\x07\
\x07\xf6\x8e`\xf7\x19\x13cs\x11\x87\xa5\xe9C\xb4\xf0\
\xaaZ\x98]:\xf5\xf3\xf1\x99jx V\x11\xd27\
\x90\xfd\x8a\x0a\x14\x0a\x00)\xd6\x97\x84\xd14\xe5,\x05\
\xcd\xa4\xc4|\xf9r&\xa0\x89YdK\x93\xc0\x02\xc2\
\x1d\xa2\xa3\x11\x81\x04\xe0\x93\xf5\xf81\x81E\x16L\x14\
AJbK\x82\xab\xdc\xb7*\x8a\x88\xa5\x88\x11\xb6z\
.\xdb\xab\xa5:\x94C;8\x0e\xe1\x06\x11\x1e=\x01\
\x1c\x186p\xe3E\x11\xae\xddh\xc2-\x03\x93O\x8c\
\xe1\xf4\x91\x09\x5cz\xe3:\xac\xbeb;\xac\xf6)\x84\
\x0b3\x80K\xd8@\x10\x84\xdd8\x05\xf0\x9a\xe2\xa2F\
\xf3jp\xc5O\xd4\xe28k\x9a 6\x01\xd2E\x8a\
WS\xe5\xd4h\xe1\xc9N\x070R\x9d8\xfb\xfc\x14\
\xa6\xa6\xe7q\xa6\x9a\xc1\xccB\x036\x9bN\x81\x7fH\
)Q\xc9\x19\x15\xa2\x08\xa93\x9bz\xff\xc5\xc4\x91H\
\x94+j\x8c\xc0\x85\xe5j]8/ 0@\xec\xb5\
\xcas\x89Y\xf8\x95\xba\x81K\xc1G\x11\x11\x14\x8b\xa9\
\x82\x14\x8c\xfc\xb5\xa2\x07\x91\xdb\x969n9x!y\
-I\x8dj\xa1\x8ex:\x07\xab\xec\xb8\xa5.9\x09\
\xc1D\x89fJY@\xa9\x11\xe1[G\x80\x17G\x22\
\xbcz\xb3\x81\x8d}&fGB\x8c\xdf?\x88\x8d/\
\x8cc\xdb\x8d\xeb\xb1|\xd7\x16 \x9a\x03\xa6\xe7\xb8F\
^\xac\x1eU\xf3\xc8\x0b\x8a\x81\xbe\xa1i\xa0\x16\xf1\xd0\
5C\xfc\x9a\x1e\xa3\x95^\x81b\x0a9PB\xe4\x00\
L\x84\xc5\x19l\xbd4\x8b\xadWl\xc3[\xca>f\
\xe7\x22\x0c\x0f\xfb\x18\x19\xf6pv\xb8\x8e\x81\xc1\x0aF\
\xc6j\x98\x9f\xa3\x84\x9a\x8fJC\x125\x12\x8d#\x14\
|!w9\x09\x0d\x93\xa0\x08\xe2\x13\xe3\x88\xf5Q\xd8\
\x80\x84Eh\xcet:\x8d\xa8J\xc94M\x81\xa9\xc7\
\x97b\x80\x18\xf0\xb60\xbd\xf2\x92(\x83\xc5=y\xc4\
\x95\x92\xdbE\x05\x8b*\xe3\xd2\xbaq\x95\xa4\xc7U/\
J\x85R7nB|e\x0e(\x1f\xaeT\x15\xc5\xd1\
c\xf4Ln\x96<)\xae\xf4\x01\xf5\xf4\x898\xfb\x5c\
\x1dx\xf0\x10\xb0\xa2=\xc2\xd5\x1b\x80R\x1a\x18\x98\xac\
\xe1\xb9}G\xd1\xbf2\x85+\xee\xd8\x80\xad\x5c#7\
\x8e\x88DK'x\x93x\x18\x92\xf8\x9a\xedS\x8b\xc7\
8BG\xcf\x12\x92i\x8c\x22\xfa\xfe$\x83\xf3\xb1\x08\
\xd4\x0af\x0bk\x15\x18\x8d\x0a(.SXmb\xed\
\x06\x8a\x13\xa7\x00\xb3\x0d\xf0V\xa0Zu05\x9b\xc2\
\xd8h\x03\x83\x03\x15\x9c9\xb3\x80sgK\x18<[\
\xc7\xd9\xb1\x1aB\xaaS\x94\x1aA\xfa\x01\x92N\x82\x11\
X\xd6\xe5\xb9(\xf3**\x97\xfc\x97\x9d{\xb8\x88\x01\
\xd8\xa4i\xcf\x93\xd7\x85=&\xb2S\xb4\x89@FD\
eQR\xc2\xe3\xee\x1b\xd5\x92\x15G+D\x1b6\xab\
E\x8aq\xb3\xfam\xd6\x00\x91R\xc5\x12\xad\xb0k\x1e\
G\xbe,\x11\x07gWQ\x98\x1b\x92f*\xe0\xf0\x10\
q\x95Nd\x03\xb3&px,\x8d\xd5+\xb2\xd8\xb5\
-\x87\xb6\xae,\x9c\xac\x83\xd9\x92\x03\xb7\x9eE\x8e\x9a\
<\xe2\xb8\x9a\x86\xf2\x171\x84\xa1\xa1\x7f-&\x10\xf7\
\x85\xc5h\xed<~\xb3\xd0Vj\xac\x1d\x93L.h\
\xe8Q!\x09]?\xf5\x0b\xb8\x80Y\xe1|D.m\
c\xdd\x1a\x13\xeb.J\xe3\xba\xd7\x14\x00\xa7\x1b\xf0\xa9\
\xce\xaf\x0d\x07\xf6\xda\xf8\x85\xf7?\x80\xa9\xf9\x86T\xfb\
\xba'\xd2\x1c\x19\x94\xd3s\xb8@\x86\x84\x92\xb9F'\
\xac~\xce-\xe1\xe0f\x10\xa81A\x93\x1b\xcc\xe6\xd1\
\x15\xedN\xb2YR\xf8\xf9\xe2\xe8,\xf5R\xa2\x95\xda\
\xa7\x95\xa3\x14-3\x00\x83\x12Y\x14\x11\x83j\x15N\
\x95\xd3>\xb81\x824\x8aL\x87\xca\xa4\x5c:m \
WH\xa1\xad-\x8b\xfeeY\xacX^\xc0\xda\xd5y\
\xacY\x93\xc5\xea\x95)\xac^\x91Fo7P\xc8\xfb\
(\xe4\xea@T\x02\xa2*\xe0\x96\x80\xd9\x22\x22O\x14\
U\xa8xZ\xe2c+{\xa9||E{!\xc5\xb1\
i\x90\x0b\xd3\x14\x94\x91L\x12\x9bg.\xdcPC\x22\
\xd4P)y\x1c5\xf8\xd2\x12\xc9#1WH4\x86\
\xf21#\xca,\xa6\x00\xcfDP\x0f\xe1R\x86\xb5T\
D\xaeZC\xca&\xc1\xd1U\x92FO5\x1f\x89k\
\x03\x04\x90\xe4A\x11T|Cy\x18]\x94[\x82\x97\
\xd1yA\xe0R\x81\x00\xfe\x8e\xc9m\xd9T\xab.P\
\xba\xb2\xcf\xd2\xe7\x97\x8fBI\x89\xb6H\xca\x1f\x88\xee\
\x1c*\xedR%^\x22)\xc4x\x99k\x0dM8\x8e\
\x83L6+\x06&u\x15\xd0\xdb\x9b\xc3\xb2\xbe\x02\x96\
\xaf\xc8\xa1\xbf/\x8f\x15\xcb\x1d,\xeb\x8c\xd0\xdd\x01\xb4\
gk\xb0\xd2T\x8e4\x0f\x84S`\x14\xe8\xd6\xc4\xbd\
\xe8#\x9a!PJ\x04\xe1\xf9%\x1c\xe7g{\xca\xe5\
X4\xbb'\xf1\xe9\x93\xe2\x0f$n[\xd3\x85Kr\
\xc7\x00P\x89DBx\xe5\xc3\x89C\x89\xa0T\x0c0\
\x94\x8bK\xcf\xc9\xedKY0Ri\xc0\xa6\xc2\xfd\x0c\
\x10\xdapk\x06\xaa\xd3\x0d\x94'\x17\xb00\xbe\x80\xda\
l\x09\xd5\xf9*\xd2F\x80\xaf=\x0d\x8cL\xa7D]\
\x82\xe6\x80\x18\x9a\x94\x0a\x06\xd0\xb54\x05\x83\x84\xab\x9e\
\xc4\xf4u\x0a'W\xb6\xb4\x06h\xf5\x19\xe39\xbdd\
\xd0(\xe6\x1f\x8a\x0eT\x15\xf0\xd1\x5c<q\x12B\xfd\
\x93M\xb7\x82*\xf2\x8e\x85B>\x87\xb6B\x0a]\xed\
i\xf4\xf6d8\xab\xd8\xd7\x97\xc3\x8a\xbe\x0c\x96\xf5Z\
\xe8\xed\xb6\xd0\xd5e\xa2\xb3\xc3@!\x07\x18i\xaa\xf8\
\xa8\x01Q\x19\xf0F\x81\xfa<P+\x01\xa5\x1a\xa29\
\x8a>&\xc0\x90\xbd\x06\xaeZ!\xff_\x5c\x0a_s\
\x5c\x03\xa5\x826\x8201\x88Wb`\xea\xea^I\
\xbbl\x1f\x96\x8b\xab\xb4\x03c\x179-D\xfc\xaf\x16\
G\xe93\x19\xfdSfD\x86\x9a\xcd\x5c\x0e\xc8\xb7!\
\xa8\x9b\xa8\xcdy(O\xd50;6\x83\xe2d\x09\xb5\
\x85*\xc2\x86\xcb\xdf$\xa5MS\x8d&K&\xceL\
\x89\x92w\xd6\xb6\xecN\x8b\x06S1\xb2N\xba\x7f\xba\
\x8dWP\xc5\xb48:\xcb\x0c/\x95\x98&\xf8K\xde\
\x9a@`s\xbcX[D\x92x\x19\xeeU\x81\x1c\x11\
\x8bN\xdc=U\xed\xca\x93\xd2\xfc\x1a\xde\xfc\xe6\x9b\xf1\
\x9f\xde\xb2\x0a\xed\xd64z\x0a5\xb4\xa5K\xc88\xd4\
\x87\xb7\x00\x18\x93@X\xe7\xcfQ\x9501\x17\x16\x0c\
\x84\xb3\x1aC)\x1c!O%\x99\xcee\xc2PQ\x94\
\xd8$.\xe1\xe0\xb6^\xba\xb4\xe1\xf1\x9a(7\x0fz\
\x0f\xbf\x08$\xa9\xba\xc3D'hp\x9aV\x96\x11\x98\
\xfaq\x85\x03H\xd3\xa8l\xa2h173\x05\x9c;\
\xe1\xe0\xe8cGD)\xbcKesr\xda\x98\x0dB\
\x03\x98\xa9\x9a\x18\x9d5pz<\xc2\x99\xa9\x08c\xb3\
\x11O*Q1\x06\x11#P\xe6G\xd6\x08\xb4\x105\
~$\xd3L\x0c \xe7\x18,R\x00\xaf$\x17\x90|\
Y\xaa\xcb\x90\x0a;\x934\xa9\x18\xcb\x96t\xbe\xf0\xc8\
5\xe9\xea\xe5S\xc0\xcf\xdc\xedc\xc7\xa5\xa3\xc0\xec4\
W\xa7\xd0h4\xb8uDA\x83\xef\x08]>&'\
\xdc5aU\xe5^\xc99)[\xac\xb3s\xf2\x5c\x84\
&\xb4/\xc4S9\x92\x0f\xa8\x0e\xff8\x8a\x17\x13.\
jb\x06!\xf8\xaa\x88S\x16_\xa8\x0f(\xe9W\xd7\
\xcf\x98@?7Y\xe3\xcf\xe1]!~a\xad\x86\xfe\
5\x16\x86Vw\xe1\xf9G\xce\xc1\xce\x01\x95\xc0F\xb9\
\x12\xe2\xf48pv:\xc2\xd4B\x84\x85:\xf5\x06J\
F\xe7\xf8\x80\x88\x09\x888\x80\xacN\xd2\x96\x80\xd7[\
b\x90\xd8\x91a\x5cF\xee9a\x80d\xc6\x91\xba\xbc\
8V\xf5R\x81 \x9d\x09\x92\xb5\x17\x8bIM\x1c\x1c\
\xea\x8d\x07\x19'\xcc \x22w\xa1H\x92\x98\x01\x1aa\
\x06\xa7\xbe\xfdm\xf4\x1d\x07\xc6K\x19X\xe9\x0cR\xf9\
\x0c,'\x0d'\xdf\x83T\xce\x81\x93\xb5\x91\xceZp\
\xb2!\xact\x04\xd3\xa1\x08\x96\x0b\x18\x0d\xb0lD\xae\
\xd4\x12.\xe05(\xc6)\xf8+h\x09\xd4\xa9+c\
\x9d'\x13CDBF\xbbI\xf4R\xa8p\xa9\xd6%\
\xf1\x0d\x1d\xf4\xc810\x09\x82V2\xd7l\xfb\x05S\
(\x8d\x93\xcc\x03\x12zXD\x1e\xf9P\xa4\xb1\x02\x1f\
ic\x017\xbe\xa9\x1d+\xb7\xec\xc4\x9f\xff\xc9i<\
\xfbB\x19V\xd6\xc4L\x95z\x1c$\x98\x94\x84'w\
\xcf\xa3`P\x5c\xfb\x97lF\xa0G\xf4T\xf5\xb2`\
\x86\xa4\xf0TEQ\x19\x85\x91Bn\xa9\xf9V\xdf\x0a\
/\xa4*X\xfc\xa0lR\x90h]\xd5\xac)\xb5/\
\xb1\xbf\x04\x82\xf25*\xa9\xaf\x87xf\xa8\x80\x1b6\
\x96\xe1\xd5\xea\x08\x1bu\x94\x08\xb3\xb9\xb2\x80A\x8e`\
\xa1\xf5\xb3S4-\xcb\x86\x9dM#[\xc8 \x9dK\
!SH#\x95kG\xa6\xc3A6k \x95\x0d\xe0\
\xa4C\xd8)\x1f\xa6A#b)\xcfNL\xd2\x10\x8c\
\xe2\xd3\xa0]9\x1d\x94\xb5Q\xe2\x8d\x8a\xc1\x8d\x0a\xcc\
5]\x1d\xe2\xab\xa3\xf3gZ\xd0hX4'z\xe4\
gU\x84M,\xa24\xb0\xec\xde\x0a\x11\x14QRI\
x\xa5\xce\xb8\x1e\xd0D41\x83\x0d\x1b\x0b\xf8\xf0_\
]\x8c\x7f\xfc\xbbq|\xee\xab\xe3\x1c\xd4\xa2\x9eK\xea\
r\x8a\x87>2\xbd\xc5\xb1\xf5\xc4\xa4\xee\xc1$nf\
\x12\x94\x13^\x00\x81E\xf1\x5c\x14\x90kp\xa4\x95\x0b\
\xa2\xf3\xc4\x01b\xdb\x22\xd9M\xb51\xb0\xbdS3h\
b\x7fX@S\xb1\xd0j\xd1\xa9\xce^H\xda=\xbb\
\x0d\xbcp\xcaFO.D\x7f\x1bu\xd3\x80\xbbW\xdb\
\xd2@\x9a\xd2\xcb\x5c\xa5K\xc8\x87$\x81\xb4\x8b\x0b\xd7\
/\xf1|\x1e9\xd3\x196u$\xd1\x00\xca\xac\x85T\
\xdaF\xa1#\x8dB{\x9a\x19\xa4\xd0\x91C&\xdb\x8e\
t\x9b\x8141I\x0epR\x11L\xaa\xb5'\xfbi\
\x91\x99i\x00\xf3\xe4\x0a\xaa1\xe0\xfaB\x88\xebHl\
\xbd\x5ct\x99\x0b\x10\x93<\xd4\xd74\xdb+S\xbd*\
E\x1b3\x83\xe62*\xf4/\x926\xc4T&\x82\xd9\
2:\xb2U|\xf0\x7fvc\xc3\xb6<>\xfa7\xe7\
04\xe3\xf1\xc8\x1bj`\xa1\x98\xaf\x1cR\xab\x99\x9e\
f\x9e\xd5\xfb\x16\x14e\x9bxZ\xe5Q\xe4\x5c{%\
\x08M\x1f\xd1\xf2\x0dM\x0c\xb0\xc8[\xd0\x82`\x89\xcf\
\x994(\xc4}m2\xf4K&@\x84$Ed\xa2\
\x1c\x00\x8f\x9f\xa0\x8b\x11\x85\x8d\xd4d\x99\xb6\x22d\x1c\
\xa0-\x05td\x0dP\xe9ZG\xc6@\x17=f\x0d\
\xe4\x1d\x1a<E\xd1>Q\x86F\x08\xc1\x0d\x80\xe2\x82\
\x1c\xf00L\x12/\x85+\x12\x19C*\xc2\xcce\x89\
Il\xe4r\xc4(\x0e\xd2\xd94\xaa\x81\x01;\x97\xc7\
Mw\xf4 c\x9c@\xa4\xf4\xa1\xaeK\xe5\xad)\xe2\
\x1b\x9b\x17\xc1\xe0\x09\xc8T\x1a#\x09\x90\x88\xb2m\x19\
\x90i\xf2\x14E\x09<y,b\xba9\x81>\x13\xa1\
\x17!\x9c\x9c\xc1\xdd?\xde\x81]W\xee\xc0\x1f\xfe\xd1\
 \xbe\xbb{\x0e\x85\xac\x85\xbaG\xa5\xdd\xc9\xa8\xb7\xb0\
I\x0b\xe8\xb0Oz\x012z\xca\xdaM\x0f\xaf\xf1,\
\xa2d\xdcm3\xb0_|k\xd6\x00-\x1fL\x5c\x0d\
Q\x1d\x1c\xbbD\xf2\x83\xea}1\x8dS\x99\x06\xe2B\
q\x15\xd4RN\xc9\x22\x11\xb2\x14\xc4\xa4;u\x16\x9d\
\x9bKJ\xa0\xc5\xf8\xb9\x88\x09J\x0cB\xa1S\x1a?\
\xd7\x9e!\xc6\x00\xf2)\xf1\x9c\xee\xe4e\xd0(\x14:\
\x1f\x97z\xfb\x02`\xa6\x18!\x98\x97\xad\xe5a\x03\xb5\
j\x19nh\xe2\xa7?\xd0\x85\x943\xc1xS\x8c\x98\
\xd7/N.\x99r\xe3$.P\xe0*^7u\x8e\
41$\xd6\xbd\xd2\xd6\xc7KL\xe4R\x89\xa7\x10\x81\
\xd1\x83\xd0\xcc!\xd5[\xe7n\x22\x82\xfe\xa1Dy4\
H\xca\x9f(auo\x0d\x9f\xfc\xd8z\xfc\xc3\xe7\xba\
\xf1\x89O\x0fp\xfc\xc2\xb1\x1d\xd4\xdcD\x88\x92lI\
\xf3\x1eIM\x04R\x0f\xb17K\x11T\xc5\xc4K\xc7\
\x02\xce\x1b\x08zI\xbfQ\xc6\xe7U\x02B\x85\x80\xd5\
\x80\xc4$k!\x1e9^@\xe5JA\x0c]\x9b\x90\
\xb8\xaa9T\xe7G\xc7\xa5YwT\xd9;WM4\
\x0e\xdd\xd4p\xc7\xb4d\x10\xca\x07\x90)!\xc6\xa0\x11\
\xf4\xacU\xd2\x06\xb7m\x13\xc2^\xbb\xb2\x0d\x1f\xfa\xd5\
\x8b\xb0~\xcd \x82\xc9\x05&N\x12>\xd3\xaf\xd0H\
\x00\x96\xba|\x89\x07\x9a\x8c\xad\x92\xac\xf8\x9b\x02\xc0\x88\
\xcb\xa6P\xb7\xac\xdd\xe3\x84Y@u\xeax\xfc+\x13\
\xe8\xed\x02V\x5c\xda\x89\x9e5\x05\xd8m\x84\xee\xaa@\
\xbd\x01\x93j\xf8\xca!\xcc\xf4$\xde\xfb\x8b=\xb8\xf4\
\xb2\xcb\xf0\xa7\xff\xeb\x14\x0e\x9e\xaa \x97I\xa1N\xfe\
\xa1\xcc\x04\xaa\xc8+\x1b\x1b\x15[V\x82\xa7\xd9l\x8a\
\x15\xa8\x1aG\x81\xceZM\xfa\x92N\xc0\x12&`\x89\
\xc8Q<sO\xed\x92\x15Gb\xf4`D\xb3V\x10\
H\x9c\xa8,\x16E\xd8\xb6\x84\x00\x22)\xb4\x04\x98\xd7\
\x9e+W[\x9dS=\x00d\x01/&)\xa4 \xdd\
5\xca\xa8\xb6e\x0c\xf8\xf5\x107\xee\xea\xc1\x87~w\
\x1dV\xb7\x1f\x81?V\xe7q-\xcd\x08\xa7\xd9\x89\x80\
B\xf5\xad\x18Qe\xfb\xe2Zj\x09\xac\xb4e\xa4B\
\x16*<\x11\x84 \xd0H\xa5\xef\x80\x1d\x8da\xdb\xb5\
}\xb8\xefS'\x90yv\x02\xabW\xa5\xb1bC'\
Vl\xed@\xd7\xaa<\xecN\x1ad\xe5\x81\x86\x14y\
cS\xb8\xee\xfa6\xfc\xfdg/\xc5\x9f}x\x18\xf7\
?4\x824u*\x1bT\x80\xa3\xc7\x22\x16\xdf\x94i\
P1\x19&=yj\xdcK\xb9\x88\x87\xbf\xff=\x83\
\xd4\xac\x5c=\xf3\x14\xbf'\xdd@~.\xe3\x04\xca\x16\
%'\xa9\x88 \xee\xaa\xe0Q~R#\x86vqz\
4\xb3e+\x1a>\xa26\xbb\x90\x06@4\xaa!\xee\
\xba}5\xfe\xf7\x9f,C\xbbq\x10\xfe\x8c/\x88/\
\x90\xabLDi\x84o\xfa+\xd2\x9e%\xbdxq\xde\
\x82\x7fX\xfa\xd6\xcaC\x88]FY\xb1\xcbZ\x81J\
\xbf#\x04\x95:Vm\xf1\xb0\xf6\xf2>\x0c\x1d\x9b\xc4\
\xe4\x9c\x8b\xf1\x89\x09\x1c\xda3\x81\xeee)\xf4\xad/\
`\xc5\xe6v\xf4\xae\xeb\x84\xd3M\xaa\xaf\x81\xde\xaeY\
\xfc\xc5_\xae\xc2\x15W\xb4\xe3\xaf?6\x88\x91Y\x17\
\x8ees\xfd\x80\x9a4\xda|\xeeZ\x95pL\x0bY\
\xec\xa41F\x02^[\xc2\x1e\xad\x0c\xa0\xcbH\x93\xe9\
P\xfe\xa8\xbc\x8b\x1fP\x8c S\xbfr\xd1\xb8\xce\x8d\
\xfdt\xb5\xa0\xa2\xdc+\x91/\x952U9\x03\xf5<\
9\x0b\xa5Gb\x05\xa1E\x5c\xe3\xf3\x93\xf6\x8e\x87W\
\xd9\x06\x8a\x0b!\xde\xfd\xf6\x8b\xf1\x91\xdfoC\xaa|\
\x00~Yn\xf8\xc0\xd5\xb6*\x8c\xdb\x1c\xbd\x13M\x97\
!W;Q\x16M\x8f\x80*M\xa5\x97\x04$\x85B\
\xe2{I\x0f\x81\xf4\x08h\xb6\xa0\x16C\x88J\x93\xb8\
\xfe\x8e\x8dx\xe0\xe19xf\x80\x8bW\x98\xe8\xef\x88\
0=\xefbj\xef,\x0e\xee\x99EGO\x1a\xeb\xb6\
vb\xd5\xb6Nt\xadt\x90*T\xf0\x9f~\xa1\x0d\
\x97\xed\xda\x89\xdf\xfa\xad\xe3\xd8{\xa4\xc4\x93D\xc9\xb3\
\x12 6)\xd9j1\x5c\xfc \xe4R\xd4n\xb0\xe3\
\xa6\xad\x97\xfeq\xdd3XZ\x03h\xab-\x92W\xe2\
\xa0\x9cq\xe2x\x87\x9c\xa7\x1fW\xfd&\x084\xe62\
\x95\x08\x89\xe1\xb1NM5C;f\x93\xf8\xfd\xa6h\
\x9d~\x01\xf2\xebJ\xfa\x15`$\x17\xea\xbf\xff\xc2%\
\xf8\x9d_\x8e\x10M\xef\x87_\x97#[\xe5.\x0a\xba\
\xc4$\x91\xb4\x10V\xde\x04\xb2+\xe1-T\xa9\xb2?\
\x89\x0c\xea\xd80\xfeBR\x18\x1c\xb3\xaa\xdaJ&\x95\
\xe3DOX\xae6\xa9\xeb\xa0\xe2\xa1w\xf5<\xae\xb9\
}=>\xfc7'\xf1\xc20\x8d\xd3\x8f\xb0\xba\xcb\xc0\
\xfa>\xe0\xa2~\x83\x87f\x9c\xdc7\x81\xa3{'\xd0\
\xd6\x9d\xc2\xaa\x8b\xbb\xb0r\xb3\x8b\xed;\xdaq\xcf\xbd\
\xb7\xe0\xc7\xdf\xfa,\x9e=0\x01\xd3vD%v\xdc\
.\x16\xcbK|K6\xad\x12[\xec\xf0\xe5\xb6l\xaa\
\xc5\xe7v\xbel`\xab\x8diV\xb7\x22j\xc6sw\
\xa5\x0b\xa8\xd4\xbeP\x8f\xfa\xb6\x15\xcd\x96Rm\xbe \
\xd4\x982\x05\xeas\x0aY'\x0b\xa7z\xdf\x84\xf6i\
\xde\xdcQ\xf5)\xd0\x10$\x1a(a\xf8\x11~\xfb\xd7\
v\xe2\x03\xef\xa9\x22\x189\xc9)U\xae\xa3\x95!\xe5\
\xf8\xa0\x5cuE\xe7\x1f\xc2\xcc\x02f\xcfr\xcc\x8eu\
\xe0\xdeO\xcf\xe3\xb5\xafOa\xcd\x0a P\xf4\x8b\x1d\
\x83\x04\xbc\xea\xa9\xf8\xf8\xd4\xe9\xeft\x84\xd9\x85v\x0c\
\x1c\xf2p\xd5\xed\x06\x82\x85\x92\xd0\x0c23\x18N\x8f\
\xe3]\xef\xd8\x86G\xbf\xd7\x8e\xddG\x8b\x98\x88\x0c\x1c\
\x1b\x8f\x90:\x09\xf4\x16\x80\xb5\xbd\xc0\xe6\x95&6-\
\x07Ru\x17\xe7^\x9c\xc0\xc8\xd1\x09\xb4?\xe6`\xd5\
\xf6q\xb8^\xb5i\xfa\xb8\x8eU\xb4P\x80\x16\xf4\x92\
))-\x98\xd9Z\xd4\xd4z[\xd2\x04\xe87\xe1\xe6\
Q-\x9bH3\xf2\x0fp\xc9w\xcb\xdek\xb1zL\
\xd4z\x1c\x96U\xa1W\x15\xa2U\x7f\xc9\xfcxR\xb0\
\xd1\xbc\xd0\xf1\x94m\x01!yQiT]\xda\x0c\x90\
wL\xfc\xd1\x1f\xec\xc2;\xdf0\x05\xef\xdcY\x98\xb2\
\xac\x9cOC\x1f\xee\xcb\xe7\x13\x22r\x22X\xcb:\xe1\
6Vc\xcf\xd7\xcbx\xf8\xc1\x01\x9c\x9a\xf1\xf0\x13?\
\xd5\x9b\x84%\x13\x04\xdb$^V\xc6\x94UE\xcdX\
\x88\x98\xdeN\xfb\xf8\xeaW\xe7\x10z\xed\xb8\xe6\xcd}\
\x08&\xc6\xb9\xe9\x84*s\x82F\x88l\xfb\x18\xde\xf3\
\x93\x1b\xf0\xcco\xbe\xc0\xfbE\x11,\xa1\xb8\x14\xb9\xc1\
\xd4\x15\xf5\xe4\xc9\x88\xe3 \xeb\x96\x01\x97\xaf3p\xf1\
*\x03\xdb\xdb=\xfc\xd3\xe7G\xb0\xef\xb0\xcd{\x0cQ\
\xe7\xaf^\x16\xd6\x84\xf0\xe2\x9dMdH\x98\xbb\xb9\x85\
\x81\x92\xe1\x8afz\x9e\x8f\x01t\xfb\xbf\xe8\x0bLu\
\x91\xb4I\x00^\x92\x93T\xe9\xe0$t\xa6\x1fE\xa6\
0%7\xa9t\xa6\xc2\x03\xb1\xec\xc7\xa5b\x8a\x09\xe4\
\x0e\x9f\xf2zy\xa4:\x8d\xaa\x83\x87\xae\x5c\x0a\x1f\xfd\
\xd3\xabp\xe7M\x83\xf0\x06G\xb9\x8bW\xc4\xd14\x80\
chv\xbe'\x0bdV\xe3\xe4\x9e\x10\x8f}c\x00\
'\xcfUqh\x12\xb8|G\x1e\x85v\x92\x5c\x05B\
\xf5\xe5\x11\xc0\xce\xcc\xa41:\xb5\x1c}\xbd\xd3\xb0\xc3\
\x8a\xac5\x90\x18\xc1\x03\x0a\xb9\x08m\xfd\x19\xdc\x7f\xef\
,l\xa3\x17W\xdc\xb1\x0caq\x92m6m\x19C\
\xf3\x86n\xbf\xa5\x17w\xdc\xd8\x87\x7fy|\x12\x91e\
p\x0b\x17}\x9f\x82]t\x9b\xae\x00\x13E\xe0\xb9\xd3\
\x11\xda\xb3\xc0\xfa~\x03#\x0b\x04(\xa9\xfd\xbd5H\
\x95\xac'\xa3*\x8d_)\x19\xc4\xef\x8b\xa9\x1eM\xa0\
\x0f\xafhD\x8c\x06\x88\x04\xd2\x96\x13+\xa4:T\xae\
\xa0\x8a\x026\xf9j\xea\x9bK\xfb-J\xaee\x84L\
T\xc4*\x95\xcb\x1e\x83\xdc\xbaM|F\xee\xc6e\xd2\
0f\x03\x0e\x5c\xac]\x96\xc7g>~=\xee\xbc\xee\
\x04\xdcS\xa3T\xf6!\x92P\xba\x07\xc1\x0b\x14\xc2\xcc\
\x1b\xb0V\xae\xc6\xcc\xf8Z|\xf3\x13\xd3\xf8\xfa?\x9c\
\xc6\x89\xd1*F\x5c\x13\xfbG\x80\xeee\x0e\xd7\x1fp\
HZ\xcb\x1f(5\xc4%\x06\x99v\xfc\xc3\xdf\xcd\xe0\
\xdc0\x85)UQ\x89\x90\x04\xce}e\x01\xa7\x90\xc1\
p\x15\xb8\xf7\xfei\xecy\xc0\x87\xd9\xb3\x02\xb0eY\
\x13\x05\xc2\x82!|\xe0g\xd7\xa3+\x9f\x8co#v\
%M@\x811\xa2\x1b\xef4g\x03\x15/\xc2\xc1s\
\x11\x8ad\x928\x9e\xa2\x17~\xa8\xda\xd5\x16\xf8\xaf\x1b\
V\xc6fI\x14\xb1\xe9\xbd\x0ba\x80X\xe25\x9a\x09\
-*\xe6\xf6'\x9a')\xefVu\xf7\xb1\xeb\xa7\xa3\
\xf8\xa6\x83k\x1b15\xa1\xfa$\xb5\xaa6e`\xf0\
)\x07(\xe5(\x02\xe4\xbb\xb8xm\x17>\xf7\xc9\xab\
p\xdd\xe6}p\xcfN\xf1\x9e\x01\x89\x08(uO\xc0\
,\x84\xb5\xaa\x1f\x0ds;\x9e\xf9J\x88\xaf}\xfc\x04\
\x8e\x9c\x98C\xc94\xb0w\xc4\xc0\x03\x87\xa9K\x19\xd8\
\xb2\x81\xbe/\xc3\xcb|~\xf2\xac\x88@\x84\x17\x0a\x0e\
\x8e\x1fu\xf0\xc8\x9e2\xf6\xec\xa6\xde\xf3\x9c\x94@M\
\xd9\xd9>*\x86\x8d}g\xa8b\xd5\xc4S\xbbg\xf1\
\xd4\x97k0\xdbV\xc1p\xc4z\x05\x0be\xec\xb8\xbc\
\x84\xb7\xbea\x13\x97\xa8\xd1\x1c\xbf\xb8\x15AJ\xb1*\
\x09\xa7GJ\x07\x8b\xd7T\xa65q\xabc\x1a)\x1c\
\xa2I\x1a\xab\x7f\xc2\x1eK\xa8\xfe\x16\xb2^\xe8|\x80\
D\xcds\xba7f\x86\x84\xfb\xa4W\x9fx\x00\xf1[\
K\x9dAK\x98U\xb7\xfd\xa6\xa8\x17L\x88/@\x0d\
O\xe6\xf2\xea\xb8r\xfbr|\xe2/\xb6bC\xdb\x1e\
x\xe7\xaab\xfa\x86$\xbe(\x9a\x14\xc8\xcf\xeakG\
`\xac\xc2\xa9'\x1bx\xf1\xf1\xe3\x98\x9awQ5M\
<?\x0e<3\x10a\x86J\x13@[\xdd\x00\x1b\xd6\
R<\x992\x0e\x0a\xfci\x8e?\x9dX\xaa\x80\xa7\x9f\
\xa8b6\x00\x8e\xbcXCe\xa6\x1d\xb9\x1cm\xee\xa4\
\x99\xb2\xc0\xc3\xca\xfe\x0eV\xe3\xc7\xc7\x81\x9dk\x0d<\
\xb9{\x9e\xaf\xe5\x86\xb7\xad\xe6\x09#\xa1k \xaa\x0c\
\xe0\xfd\xef\xbe\x06\x0f?~\x16C\xb3\x0d\xce\x04FM\
\x9bK\x88+!\x1e\x0c8\xd4\x9cP#\xa97\xd4`\
\x96\xa6u\x17'|\x96\x86}1.\xd3\x94\xc7\x92&\
@\xffz\x9c\xee\x94\xfb\xe1\xc4\x1aB\xcf~\xc5Q\xc0\
\x18\x0d6k\x89E\xdc'\x8b.\xe2cE\xdc*%\
\x0e+\x90>\x991\xda\xd1#j4p\xeb\xf5k\xf1\
\xf9Ol\xc5\x86\xf4nx\xa3U!\xf9l\xef\xa4\xff\
K\x05\xa8\xed6\xac\x15\x1b0qv\x0d\xbe\xf5\xc9\x11\
<v\xff\x00\xe6\x1b.\xce\xd5L|\xf1\xb9\x10\xdf8\
\x14a\xb2\xa2\x12\x9b\x11\xba\x0a@w\x17\x89\x19\xd5+\
j\xf0_\xbeoe\x0d\xd4f\xb3xrO\x19S.\
0:\x1db\xff3\x01\x8c\xf6\x5c\xdc\xc3\xcf\xb1\xa5\xc0\
\xc5\xaa\x95)t\xe4\x80\xe7\x87\x22|\xeb\x10`\xe4L\
\xec;0\x8f'\xbeR\x04\xf2\xab`\xa5\x0c\x04\xc5\x06\
V\xad\x1f\xc6O\xbf\xf3\x12\x18A\xc4\xfb\x0b\xa8\xb1p\
\xbc\x81\x04\x9bD2y\xc2F\xc4\x88H\xb3\xf7\xca\xab\
R@Yeb\xe3\xbf\xb9o\x93\xca\xc2\x17\x87\xba\xce\
w[zP\xa4Vs&Z\xc3\xa8\x0cK\x0c\x85H\
\x12\xebI]\x7f\x12\x03H\x029\xe2\xa1\x95\x13u\x15\
\xd1\x12\xdd\x92\xc5'Dx\x1a\xd5\x9e\xcf\x18\x08ju\
\xbc\xe9\xc76\xe33\x7f\xb9\x16\xbd\xb5\xc7\xe0O\xb9\xdc\
y+\x0aPe\x89W:\x82\xb5z\x05\xaa\xfef<\
}O\x19\x0f}\xf60&f\x8b\x983L|\xf9\x80\
\x81\xbf{2\xc4\xd1\xc9$\x06D\x1e\x12\x85\x93\xfb{\
,tv\x9a<(z\xa9\xc8\xa0Q\xc8\xe2\xd4Q\x1f\
\x07\xcf\xf8X\xa8\x19\x98q\x0d\x1c|\xae\x06\xaf\x9c\x83\
\x99\x96\xfcB\x8c\xe3\x07X\xde\xef\x88Av!M'\
\x89\xf0\x8d\xfd\x11<\xcb\xc4\x8b\x07\x17\xf0\xd8\x97\x16\x80\
\xecj\x11+\x98:\x8b\x9f|{\x1bvn\xe9\xe6\x02\
\x17\xdauMlF\x99\xe0\x9f\x98\xe02\xd0\x1fW\x5c\
\xb5TJ%k\x9f\xc4T8\x14\xacz1\x14\xfdZ\
\x09\x1c]\x00\x06H\x22Hr\x8b4V\xfb2\xf9\x13\
\x17\x80\x88O\xc7\x5c\x18\xaf]R\xa9\xda\xf4\xeb:\xae\
\x88#r\xba\xf7A\xb3\xf3\xc4Vt4\x93/\xac7\
\xf0\x9e\x9f\xb8\x14\x1f\xff\x83N\xe4\xa6\x9e\x84?+\x06\
)\xaa+\xa3\xde\x04sy\x07\xc2\xceKp\xf4\xb1,\
\x1e\xf8\xe4\x09\x1c=4\x85\xaam\xe2\xb1A\x03\x1f\x7f\
,\xc4S\x03\xa2m\x9an\x5ci\xa3]\x1f\x8d\xbd\xcb\
\xe6,\x12`\xb1\xd8Z\xcb\x02\xcf~\x8a\x0a\xd8\xf7\x5c\
\x15\x03E\xa0\x16\x02\xc7\xa7\x81\xd1I\x1f\xa7\xf6\xb90\
\xc8~\xc8.d\xaa\xe6\xe8\xed5\x90\xcf9\xa8\xfb4\
\xa1\xd3\xc0\xf1\xc9\x08_\xdb\x1b\xf1\x10\xab\xd3'Jx\
\xf2\xab\xf3@z\x0d\x83\xcdB\xfa(~\xee\xdd\xdb`\
\xcb\xde\x065\x8b))D\xd1\x22p\xf1\xc2%\x92\xa2\
\xe3?\x15\x1a\x12!`A\x1bQ\xb4\xd3\x14\xc6j&\
AK\x5c f\x80\x97\x0a\x16\x88\xcaT\x19\x01\x8c\xbd\
\xed\x84\x09\x92\x0f&\x01J=\x9b\xa7\x9f@\x5c\xd9\xa2\
\x11\x9eC\xbar'2\x8a\xee\xc1m\xe0\x83\xef\xbf\x0a\
\x7f\xf1\x9b\x0e\x9c\xb1=\x08\xca\x06L\x1a\xb3&\x7f\xcf\
\xecJ\xc1\x5c\xbd\x09\x13\x83\xcb\xf1\xcdO\x9d\xc5\xee\x87\
\x07P\x09\x03\x1c\x995\xf1\xa9\xc7B|}\x7f\xc4\x83\
\x13\x89\xa1\x18\x5c\xc9\x08\xa6\xc2\x8bD\xdf\xd5\xcb\xa8\xe7\
\x9d\xe6\x18\xea\x17*\x18\xd7\xccYX\x183\xf1\xedg\
+\x98\xa3\xd1oF\x84\x89b\x84\xd9\x06\xb0\x7fO\x15\
\x81O[\xddJ\x22y@G;\xd0\xde\x91f\x9e \
F\xa3\x97\x8fMF\xf8\xdc\xd3\x11\x1a\x86\x89\x81\xd3E\
<\xf9\xd5Y \xb5\x1e\xd1\xfc$\xdepk\x057]\
\xbd\x8ac+\xac\x05\xb4\xe0\x998\x89$\xe0\x93,\x9c\
\x1e\x86l.\x0b\xd6\xc3\x17bt\x81\xda\x0a7\xa1\xad\
\xfeu\xe3\x82&\x85\xb6\xb8\x1f\xaa\x17R\xd1<V3\
\xf1\xc7U\xdd\x9a\xb4^\xad1\xc8&\xb5\xcf\xd8WF\
\x18\xe5n$\xb4\xb1\xb2\x1d\xc2\x89<\xfc\xe6\x7f\xbb\x1e\
\xbf\xf9\xf3U\x1e\xc9\x166LA|\xa2^&\x82\xb9\
f-\xaa\xc1\x16\xec\xfd\xda\x02\xbe\xfd\xcf\xc71=_\
\xc1th\xe1s{\x80\xbf\xdf\x1d\x82\xa6\xb5\x92Z%\
\xa2\x93\x8b\xe5k\x84\x17)hN\x0e\xb3\xdd\x06U\x0e\
5\x85}\xa5ZJ\xe5p\xf4`\x80=gd\x7f\xb1\
\x09\x14]\xe0\xc8\xa4\x81\xe1a\x0f\xc3\xc7M\x18\xb4\xb7\
\x0c\xf59\xb8@{\xdeC\xef\xb2\x0c_z \xd3\xda\
\xf4\x93\x033\x11>\xf9\xbd\x08\x0b\x81\x89\xe1\xa1\x22\x1e\
\xbfw\x12\x81\xb3\x01\x8ey\x1c\xbf\xfc3\xeb\xd0\x99s\
\xc4\x9e\x04\xba\x16h\x0d\xa3\xc41\x11%.Z\xeeD\
mj)?\xc75\x81\x5c\x9c\xa39G\x89\xd2l\x8e\
s\xb52\xc0R\x01\xa0\xd8Ma\xdb/v\xd0J8\
\xa09T\x1b3\xcd\x92.\x88\xe6\x89\xc6{\xf0I|\
!C\xbb4\xcd;c\x86\xf8\xf0\xef\xdd\x84_\xfc\xc9\
ix'\x8f\x004\xcc\x81\x07\x06\x840Wv\x01}\
;1\xb8\xc7\xc1\xf7>{\x18\xa7\x8eL\xa2f\x9bx\
\xf8\x84\x89\x8f=\x12`\xef9\x99\x96\xa5\xa9\xa2J\xea\
\xd55(\xefN\xf2_\xda\x04V\xf4\xa7\xd8\x0e\xabQ\
\x00j5H\xb2#?\x87\xa7\x9f+a\xa4,\xa4_\
U\x81\x1f\x9b\x04\xef\xdf{\xf0\xd92`\x15`Xb\
c)\xcb\xf1\xd0\xdf\x97\x89\x89\x17H\xe6\xa3\xe7\xe7\xe6\
#|\xf2\x91\x08\x135\x0b\xd3\x93e<u\xdf\x14\xfc\
\xfar\x5c{]\x05w\xde\xb2\x1e~#\xe0\x06\x99\xa5\
\x81\x9a\xea\x01h\xc9\xb0j\x8e\x0a?j\xb5\x0a\x0c\x00\
\xb9\x0e\xb2\x15\xcc7\x07n\x171\xc0\xf9n\xc2\xe6$\
\xfad\x91\x8b\x18?W\xf9\x81f\x80\x98\x18+\xbdV\
=Q\xfb\x1c\xe01}td,\xfc\xcd\x9f\xbd\x0a\xef\
|\xdd\x00\xbc\x93'a\xd2\xbc\xbe \x80UH\xc3\x5c\
\xb5\x15\xd3#+\xb0\xfb\xf3'\xb0\xff\xb1\xd3(\x87\x11\
\x0eL\x99\xf8\x9bGC|\xe3`\x882\xb5\xdbq\x0b\
\xb9P\xc1\xf1\xd6\xeaq^)9w\xfa;\x9f\x06\xfa\
zm\xe1xk\x9cN\xa6\xce\xccZ\x98\x1f\x03v\xbf\
X\xe7\x81b\xb2\xc2\x9b\x1f\xe7j\x11\x8eM\x198;\
P\xc5\x04i\x87\x82#\x12/V\x80\xfe\xe5\x1dq<\
\x9e\x9d\x03\x8d\x09F\x8a\x11\xfe\xf6\xbb!\xce.\x98\x98\
\x9d*c\xcf7\xa6\x11T\xeb\xf8\xc0\xcf\xad\xc6\xca\xbe\
6\xb1\xb3\xa9\x8e\xbf\x12;\x9a\xe4J\xb4\x08t3\x8b\
$\xee\xb5(\xd0\xd1L\xac\xc24:\xddZ\xda\xc5\xcf\
\xbbaD\xd3\x9d\xbf\xa4\xe6\xf3j?\xac\xf1S\x0c\x04\
5<\x98|\xb8Y5\xa8<~\xc61\xe1\xc0C\x7f\
\x87\x83\xbf\xfd\xf3\xeb\xf1\x86\x1b\x8e\xc1;5\xcc.\xa1\
\x99\x0a\x18\xdd\xd7S\x9b\xf1\xc2\x833x\xf6\xbe#\x98\
\x9e\xaf\xe1l\xcd\xc2'\x9f\x00\xfe\xef\x13!\x86\xe6\x04\
a\x88\xe8\xfav\xeaq\xb5\x8c\x86\xac\x95\xfbDgP\
\xc8\x92\x0bH\x08\x9ej\xc54\xf1\xa0\x1f\xce\xe6p\xfc\
\xa8\x87\x83\xc3\xc4\xa0\xc9\xc4.\xe5\x11\x1d\x1a\x13a\xdb\
\xc3\xcf\xd5xD\xac\xe0\xf3\x06\x96/\xcf\x8a\xa6\x18\x8d\
\xd1T\x997\xbd0S\x89\xf0W\xdf\x8ep|\xd6B\
i\xa6\x84\xe7\xbfz\x16\x9b7gp\xc9\xa5\xed\xa8\xd7\
\x92\x00\x9bX\xb6d\x11cwO;\xb0\x0e\xd4u\x9e\
\x10\xf1\x139\x14C\xc3\x00M\xb4ma\xa2\xf3\xa7\x83\
cN\x90\xf5\xf44z\xa4\x19\x93.\x22\xbe8?\x19\
'\xd7\x7fQ\x0df\xd4l>\xed>f\x04\x0d\xac\xec\
+\xe0\x93\x7fy5\xae\x5c\xbf\x1f\xde\xc9Y\xdaT\x1c\
VO\x17\x02{\x0d\xce\xed\x9f\xc3\xe9}\x87Pw#\
\xcc\x86\x16\x1e:\x10\xe2\xb1\xe3\x01\x0fF\x16y|\xa1\
\xea\x19\x057\x9d\xbf\xd2\xf9IY\xbb\xf0\xb1\x05H\xa2\
\xc9\xe7\x9d\xddi\xa6\x8e\xde\xe9G\xa1X\x04\x05\xecy\
~\x16\xa3\xa4\xfe\xa9\xb8C\x09 \xc5\xeeMj\xdd\x8a\
pj\xce\xc0\xc6\x935\x14\xa7\xf3(\xd0\xce\xf7n\x05\
+W\xa6\xb8\x82\x99sdj\xb2\xa7\xb4\xc7\xc4\x9c\x94\
\xbe\xa6\x8e\x9f\xbf\xfeV\x80_|\x8d\x89\xb7\xaen\xe0\
_?\xfe0\xf6\xed3\x90\xca8\xc2[\xd1\x9bQ\x9a\
\xb0\x80&v-P>Q\xeb2\xb0DM!rD\
\xccK\x01\xfbE\x0c\xd0d#b\xf6RU'q\xbc\
/\xb6\xa5\xb1K\xa2\xc5\x06\x9aP\xab\xe6\x84\xea\x15=\
\x8a\xf8fP\xc3\xb6\x8d\xbd\xf8\xeb\x0f\xef\xc0\xf6\xe5{\
\xe1\x0e,\xc0\xe9\xc8\xc0\xe8^\x8f\xf9\x11\x0b'\x9f\x1a\
\xc0\xecD\x99\xa3xO\x0e\x1a\xf8\xc6\x81\x00c\x0b\x22\
\x81B\xa0\x8c+h5\xc2\x8b\x10\xbd\x16[\xd0\xdd*\
\xc9\xf6\x1c\x96\x0d#t\x16L\xb4\xb5\xd1|vBk\
b\xb8\x13\xab\xef\xb4\x83\x85Q\x1b\xcf\x1cn\x80\xaa\xb1\
h\xee\xbe\xae\x92\xd5\xb8\x80\x17F\x81\xcb\x97G8u\
(\xc0\x157\xb5\x03\xf5\x0a\xfa{\x0d\x1e\x15\xdbpe\
E.\xafA2\xf0\x89\x98\x804D\xd5\x03>\xfaM\
\xda\xfa\xcd\xc0\xc9\xe1\x10c\xb3\x16\x1c')\xe6\xd0\x14\
A\xbc\x98\xca\x805\x09^\x5c\x18\xa2\xdd\x98\x0cj\x1e\
c\xb3\xa6xY\x06\xd0i\x17\x1fK\xd7\xa2\xba\xcf\xdf\
\x12\xf6m\xfd\x91V`\xd8*\xf9\xa6_\xc3\x15;V\
\xe2c\x7f\xb1\x03\xeb\xccG\xe1\x0d\xbbH\xad]\x8dF\
\xbd\x17\x83\x8f\x8cc\xe2\xe48\xa5\xf6qh\xce\xc4\xd7\
\x9e\x8fpxD\xac<%LH\xa5*\x94\x9b\x00\x1d\
\xa9\xe2\xb5\x1f\x8f\x17Mw\x7f\xe4\xeav\xb5Y\xc8d\
\x22n<J\x18%\x04\xb2\x05\x9cx\xa6\x86\x17\x86\xe9\
\xb7\x0c1\xac\x22\xf6^\x04)I\x0b\x8c\xcc\x01\xa7\xe7\
\x80\xcd\xc7J\xb8\xe4\x9a\x15\xc88EtuD\xc8\xe6\
\x1c,4\xbc\xe4\xd7\xf5Y>\xda\x8e\xa3\x84\xd4\xff\xf8\
Krt\xbc%\xf6,P\xf5\x15\x9a3\xd8\xb4\x96M\
k\xaa\xd7Jj8L\x95\xd9\xb5Xc\x9d\x14\x8b\xe8\
\xb5(\x1d\xac4\x81\x0a\x02\x09\xbb\x22\xe7Sh\x07\x16\
\xeb\xa2\xab\xfe\x96\xf3\xd1\xb4\x80\xa1\x85v\xa9\x95\xfb\xa6\
k\xd7\xe1o\xfe\xf4\x22\xf4\xfb\xdfFP\xcb\xc3\x5c\xbe\
\x0d\xe3\xc7*8\xf7\xfcAT\x1b4P\xda\xc4\xd7\xf7\
\x03\xdf;\x16\xa2\xe6\xc9\x1c\xba\xda\x19\xbb\xc5\xefm\x82\
\xf7\x1a\xd8k\x05;\xeau\xbaww\xd80\x1d\xda\xa3\
Xu\x12\x03<W*Ha\xef\xfey\x8cWD4\
RE\x9b\xf5\x15\xa2jg\xd2\x22\xfbGM\x5c\xbe\xca\
\xc3\xf0\xe9\x00\x17_\x96BW\xb6\x81\x02\x95(\xcf\xd0\
\x10\xcb\xd6\xef%e/\x9c\xeca\xcfG\xcd\x02R\x08\
\x7f\xf19\x8bR\xf0\x96z\x09\xed\xfa\x94zj\xca\x15\
\xe8\xb4[\x8a\x0b.\xb8 D\x15u(\x8e\x94\xf3\x02\
\x95\xcf\xda\xecg,V\x5c\xea&2zb\xbfa\xaf\
Z\xc5\x9d\xaf\xde\x84\x8f\xfdi?:\x1bO \xb0\xd6\
\xa3\x1a\xb4c\xf0_\x07P\x9e.b60\xf1\xf0Q\
\x13\x0f\x1e\x0c\x19h)P\xa5\x1a&\x9a\xb9W\x96G\
i\x11\xb3d\x11d-\x81<5\xa5X\x99\x99i\xf2\
y7\x01\x0d1qD,2\xa1\x7f\x1b\xe59\x0b{\
\x8e4P\xa7\x9e\x06\xc2\x18M\xfe\x83,\x80\x95#\xec\
NOE\x18\x9c\x07\x86\x8f\xceb\xe3\xb6vt\xe4\xea\
\xe8\xe9\xc9\xe0\xe4\x99rs\x86N\xae]\xacN\x89\x81\
8\x1c\xad\xb4V\xf3\xca\xabjIv\x0c\xb5\x89e\xcd\
\xc3;4$\xa6eP\x05\xc6\x11%\xe2\x09U_\x9a\
\x07\x96.\x08\xd17%\x90\xb5hTaK\x9a@$\
\x1a$k0\xe7\xb5z\x9b\xe21\x99\x04\x22\xb9\xbd^\
\xc5\x9b\x7fl'>\xf2\xbbmh\x8f\x8e\xa0\xe1o\xc3\
\xc8\xc1)\xcc\x0c\x0cp\xa8\xf5\xa9a\x93\xc3\xa7'\xc7\
\x13\xadA&\xbay\xa8\x8c&\xe3Zf11SJ\
}6\x8fZ\xd65\x195\xa0t\xb6S|A\xb8^\
\xe2Z\x09\xfd\xe71t(\xc0\xa1!\x81\xfe5\xe3\x12\
K\xa1l\xdecu\xdd\xf0#\xec\x1b2q\xd5\xda\x1a\
\x16\xa6z\xd1uQ\x84\xce6G\x98`\x9e\xd4\x99\xd8\
i\xbd\xa9Cy#\xcaU\xd6\x198!\xae\xba\x06\xc9\
\xbaZ}G\xd2\x22\xae\xa1S\x0du\xb3\xe9\xe22\xfe\
\xa4k\xad\x95\x03\xf4\x97\x16a\x00\xdd\xf6\xa8S#&\
\xa0\xac\x95\x18q\x974v\xc4\x8b\xd4b\x8b\xf4\x1f\xe2\
\xb1\xa5\x81\x877\xbfa\x17\xfe\xfa\x7f\xadF\xda\x1d\xc4\
\xd4\xa1^\xcc\x1c=\x86J\xd9\xc5\xd19\x937}z\
\xfatH#\x80\x85[\xa7\xbbt\xad\xa7\xae\xb2aJ\
\xa24fT\x0b\xa8\x9f\xbb\xean\x16\xe5R\xb4\x9d,\
\xd0\xd3E3|\xc5\xb6q\xc2>\xd1\x89\x16\xf0\xc2\xc1\
\x05\x8cH\xcdCS\xb7t?L\x95\xa7\xb1-\xe7\xb6\
\xb4\x08\x87F#\x8c.\x00#G\xa6\xd0u\xd5EX\
\xb1\xcaG\xc3\x1b\xe3J\xe5\xa6Qt\x0aCi\x86v\
1\x8b\xb6\x10\xa9\xa9pV\xc3\xb3\xfcu\x19\xef\x97\xb5\
\x9a\x8a\x16\x1c\xe5\xe4\x0d\x8fd\xcb\xbd:B\xcb\xe1\xa3\
\x0b\xf1\x02b\x8d\xa5\xdc<\x85\xfc\xf5\xfc\x7f\xfc\xf9f\
2\xb1\xba\xd2j\x07\xfa\x97Y\xf8\xe3\xdf\xbd\x08\xd6\xf4\
1\x9c}j\x14u\xda\x11\xabj\xe0\xbe\x03&\xee\xdf\
\x1fb\xbe\x22\x16\x9d\xabd\xe4\xd6}\xba\xbaOj\x09\
5\xb0\xa7lw\xcc\x08I\xdf^,\xf5\x1a\x90Uy\
$R\xdf]\x1d$\x1a\xd2V\x9b\x14\xfb7\xe1\x15m\
\xec=T\xe5V3\xc7\x16jT\xf1x\xbc6\xda\x01\
E\x17t\x84\xdd\x83&\xae\xbb\xa4\x8e\xb9cS\x98\x9e\
\x9ca\x03\xaf7\x9cJx\xa9\xb1\xe6\x22c\xdb\xb4p\
\xa25MyU-\xf8_\xf6\x04\x0a\xa2\xeb\xb5\x81j\
I\xd4o\x0a\x97\xf7|\xb7\xf3j\x80E\xe5|\x1a\x81\
Use\x92kV\x88P\xba=\x1a\x0f0\xf3\xcb\x10\
%\x15>T\xab\x11\x8e<\xf0/\xb8\xaa\xd3Gy>\
\xc2\x83\xc7M|\xe1\xe9\x08\xa7'D]>\xfd&\xc5\
\xcf\xb9)Ry\x95z[t\xac\xde\x15\xba\xd6,3\
\xa5R5\xfb\x1f\x7fJ.$\x87E\xc8\xc6K\x8dH\
\xc2\x99\xe7y\xfa\xd4bN\xe7I\xa5c\x05\x8c\x1d\xf1\
q` d\x15*\xb0\xbb\x1c,CfO\x11Qk\
\xcf&\x0dE\xcc\xf4\xf8\xb1\x10\xbf\xf6.\x0b\x8f}\xe5\
0\x1e\xfa.\x90\xce\xd8\x1c\xb7X\xac\xbdZ\x826\x9a\
g\xa1\x139.JQ\xc4na\x1a]o\xa8*\xe0\
X\x0b\xf0<G\x83\xeb\x0d\xf4\x1f]*,|A\x9d\
A\x8b\x12\x07\x9c\x0dLNX\xcf;\xb7^(\x0fg\
\x90|<\xb5`\xe0\xc0\x89\x10\xd1Z\x03\x7f\xf2e`\
\xcf\xa0\xa8]g\xb7NM\xc6\xd4\x83\x85\x9a=\x8f\xd5\
\xbe\xb6L\x8a\xc01\xc1caH\xbc\x12N4i&\
\x80w\xcf2(\xf4\x0c\x14\x0aNR\x8acPp\xa2\
\x0d'\x8eVqn\x9e\x82?\xc9\x04\x98E\xf3y\xe3\
\xe6\x0bq\xae\x01\xed\xd9\x13E\xf8\xad\xcfQ\xfc\xd9D\
U6\xf3-2[\xda\xb3\xe6\x0e\xe3Dr\x94\x9dW\
\x9fl\xfd[?Rk\x84O\x0bx\x8a\xd1z\xb2.\
<\xfe\x1du\xc2M\xe7\xf12S\xc2\xf4P\x22\xa7H\
-Q\xc1\xc2\xc3\x08\xb5\xa8\x9eR\xd6\xac\xeaZp\x80\
\x8a\x82\x91\x9a\xfd\xc8\xbf\x18\x9c\xfe\x9c\xa5\x08\x1b\x81B\
Z@9\x09Suo\x89\xdf\xd5\xd1mB\xf2\xa6\x8b\
\xd6\x01\xa0\x94r\xa5\xfa\xc9\x06R\xd1\x88b\x00\xba\xa9\
\xf2\x03\x0a Q\xba9KM!2\x0flP\xb4\xc7\
\xcf\xe2\xf9\x17\xa7Q\xf5\x0dNI\xf3\x08w.3\x13\
\x1b6\x929`\xf7\x8f\xae=\xc1\x82\xe2o\xd3\xc0\x93\
\x87\xc5H}\xde\xcc*\xde\xe3Ogbmm\x9b\xb0\
\x0b\x9f\x9dd\x5c\x09\xed\xe2\xeek\xa5\xed\xe4\x97\xe4&\
\x11\xcdi]\xd9~\xae\x98\xbeI\x18\x12:\xc4\xa9\xe1\
%\xe2\x03K6\x86h\x015~'NWj\x08U\
}'iPl>\xba\x92f\xde\xfc\x10\xc0B\x95*\
y\x04\x10ct\xaf\x82#\x1a\xcai\x96l\x8d\x114\
\x8d\x90 \xfe\xc4\xca\xf2xt\xa8\xcd\x9ah\xf3\xaa\xa4\
/!\xf6\xc0\xe4\xc5R$\x91\xe6\x08\xc41\x8al\x06\
\xa5\x19\x03\xc7\xce\xd2\x9e}Iw\xb0\x1alK\x9a\x8a\
\xabvi\x9a\x89\x99\x02m}%\xaas\xd4X61\
\xc8\x82\xae\x92Z\xb8\xe2\x12x\x8d\xde\xd2\xd3\xd4\x98Z\
\x89L\xb3\x9b\x96Hl\xb3\x887Yf-=\x1f\xaf\
M\xfc(\xcd\x00yl\xc2~\xbdl \xe0\xbcq\x80\
&o\x80mUR\x9c\x98\x0cRJj\xf7[\xcf\x98\
\x81\xa2\xfc}\x95\xa3\xe6\x94\xb2\xac&\x8a\x8f\xaf\xa6i\
\xc4\x107\x01{\xcd\xfeD\x02\xf0\x94\xc4\xab\xed\xe0\xe9\
\xf7Iu\xd3D\xd2M+\x97cEW\x1e\xb6Vo\
\xc0{\x17\xd2D\xaeJ\x09F8\x8f4M\xa2 \x1d\
d\xd06.\x9d\x18z\xc1\xc5\xd1Q\xe0\x92\xb5]X\
\xde\xde\x06\x84\x0e\xc2(\x85 L\xc1\x0b\xa9v'\x85\
\xc1\xa93\x18^\x18\x87M;\x91\xf2\xa6\x0d\xca\x19\x13\
;\x98\xaa\xf3nB\xfaZ\x05t2o*\x018\x0a\
'-R\xf6\xeau\x1d\xdc\xea\xd8\xa6\x89P\xc9^#\
b\xdd\xc4\x8cDM\x014c\x8f\xf3\xf5\x06\xb6\x1c\xb3\
\x09<\x88N \x93k\x03\xc5N\x94\x89\x06P\xbf\xa4\
\xa6\x80\xea-v\xea\xc7\x93b\x04\x81\x9e\x135\xd8\x1a\
\xbcI\xceR\xc7\x1a\xf1\xa2h\xc7\xb44 D~;\
\xedJ\xfe\xe3\xb7\xee\xc4\x87\x7f\xe6\xcd\xa8L\x9e\xe1-\
\xd6i[\x1b\x9eB\x1ax\xec\xc6\x1e={\x16_\xdb\
s\x90\xf7\xfb\xe5\x93MS\x90\xa2\x13G\x8e\x8d\xa3\xb7\
\xcb\xc1\x07\xee\xbc\x08m\xf9\x0d\x08B\x07F\xd4N1\
CDv7\xd2N\x1b\xca\x8d-\xf8\xfd/}\x10\x87\
F\x0eI&\xa0RT\xba0\xb5Ghr\xc51\x84\
lR\xd7\xc6\xe2\xca)\xe5&\xea\xd4i\xbd\xd8\x16\xc6\
P\x0f\x8bB\xdcq5\xb5%6\xf5\xd01\x95\x8e\x09\
\xa3W\xd2\x1en\xe8\x9cl\xf3&\xd2\xe4\xae\xd1\x82\xab\
\x10\xaa~\x11q\xeaCw\x83\xd5\x19\xeau\x05M\xb5\
\x05I=\x5c\xac\xb0t?_\x1a\xaf\xf8]\x0d\xf1\xc6\
\xd2\xcf\xf3\x86\x22\x5c\xb5\xb2\x1fv8\x86g\x0e\x9e\xc3\
\x82\x0bTjb\x1f#\xda\xd5\x94Z\xb5\x8a\xe5\x12o\
M\x93\xceP\x98/\x80\x95\xb3\xe1U2\xd8\x7f\xb4\x88\
\xeeB\x06\xa7\x07+8\xbdp\x9a7\x926\x8d\x0c,\
\xb3\x0d\x8eE\xb3\x88\x96\xe3\xf67\xde\x8d\xcb7^\x8c\
#\xc3\x07\xb9$]\xec\xf8\xadi/y~\x02\x91,\
v\x8b[\x16Uc\xf6fd\xdf\xf49=\xd4\xde\x22\
\x00<\xd6\xae\xe5x\x5cJ/wvY\x0a\x98/u\
k\xae\x09l\xe1\x16E<\x0e/\x82\xc6\xba\x92\x06\x10\
>\xbb\xd8C 9\xf18\x03\x16\x9f\xbc\xde\xec\xa1\x0e\
Ex\x82\xd4SRf.\xde\x179l\xc1\x0c\xc9\xf7\
\xc4\x89-n:\x8d7D\x8cy4B&c\xe0\x89\
\xbd\x0b\x18\x9b\xb5\xd1\xbd\xa6\x80\xba\x99\x81\xe7dP5\
R(\xc1F\x91\x9a\xcal\x1b\x19\x87&\x89\xd0w\x02\
\x18\x85.L\x8f\xf9\x18\x9a\x0cP\xc8e1\xe4eP\
\xb7,\xd4\x0c\x07u#\x83\x86\x91E=\xe8\xc0\xb2\x1d\
\xef\xc4\xd0\xe8a\x9c83\x824\x7fWE\xe9Dd\
T\xd7b\xad\x0b\xb8\xc8\xb3\xd6_\x88\x89\xaa\xb0\x95z\
Y]\x9bf\xfa4!\xd1\xfb\xa9\xc5\x0e\xe1b\xdd\x18\
\xa78\xb6\xc02\x8b\x18\xeae\x18@\xa9\x98Xek\
\x15(\xbc1\x04\x95RQ&O\xee\x82\xcd[\xcar\
IsB+\x1d(\xea\xba'.\x1aV\x12\xcd\xa3\xd4\
\x9a\x0b5\xe2\xbb\x5c\x89\xd6\x97\x12\xe2'\xd3E\x12/\
\x85\xcc\x14\x95n\x17\xf1\xcd'\x8bX\xbf\xa1\x1f\x1dm\
\x16\x0c\x9b\xcaMh\xef\xf1\x08\x0112\xf5\xf5S\x11\
\xa6C{\x0aE@n\x19N\x1d\x9b\xc3l\x09ho\
+\xa0F\xe8\x9f\x07~\xd2#]\x98\x89\xde\xf5\xd7!\
\xdf\x96\xc5\x9eG\xbf\x8bZ@\x1bC'\x94K\x90\xf6\
\xf9\x97\xba\x05\xd2&^\xd3\x22\x15\x90T\xfd(\xf7\xb9\
\x19QkzE\xdf\x13X\xeeQ\xac4s*m\xa0\
\xd6\xa0Q\xbb\xc99\xbc\x14\x0cl\xd2\x00\xad\x1d&\x8a\
x\xdc\xb2\x14\x99\xc8\xe5\xd2\xc2\x05\xe4\x19\xffz\xa9b\
\xabJSu\xfb\xaa\x92\xa6\xd9\x7f\xd1\xd1\xfeb\x04\xd9\
,!\xfaG\xf4sT\x92 \xe5\x90\x03Us\xb5Y\
\xec95\x84\xa3\xa7\x1c\x5c\xb6\xbd\x93\xe7\xd0QG\xae\
@\xcc\xa4\xc5\x02\xb1\x7f\x1f\xf59\x10\x0e\x8c\x0a8v\
d\x16\xe9\xb4\x8dt&\xc7j\x96\xb6t\xa1\xb9\x85\xb4\
\x1dm[[\x1f\xb6]s\x0bN\xec\xbf\x1f#s\x0d\
L\x96\xce\xc8\x99\xc42Y\xa3T\xef\xa2\xd1\xac\x8b\xaf\
)j\xf2\x9a\x12m'\x94F\xc2\xf1:xk\x01\x11\
\x89\xf6\xd3\xcd\xae\x96\x0c\xa2\xb0{*k\xf2\x9e\xce\xa2\
\xd2\xfd\xe5\xed\xc0K\xd6\x04*-@\xddSU7D\
[!'\xb7\x93\xa7\xa9\x9eI\xbc:9W-D\xac\
\x01\x13\x9d\x92M\xd39\xb9E|)\xca+7\xa9\xd5\
\xefU\xeaQ\x05w\xc4\xc4\xb0(\xa2\x1d\x04\x22L\x15\
\xe70[\x1e\xc37\x9f\x1a\xa0\xca?\xacZN\xc0U\
\xce\x0d4Bv\xd7\x04~\xa1\xba\xb0\x02j\xf3\x16N\
\x0eT\xb1\xac+\xcf&\xce\xb2\x85?\x9fN\x19\xc8g\
\xd3\xb8\xf8\xca\xd7c\xe0\xe8s8~l\x14\x83\xd3/\
\xa0\xe6\x8e\xc2\xa6\xe3X\x01O\xee\x10\x9eX\xc2\x9d\xc9\
\xa5$\xee]\xb3\xa3\xa7\xb0K\xb2\x11t\x13q\xb5k\
n\x02\x8d\x9a\x86M\x0e\xa3P\xbf\xca2DH\xd9\x16\
\xe3\x9br\xa9.7\x97\xd64\xf9y\x14\xd5\xd2\xcd\xa1\
:z\xe7M\xa2\x81\xd2B\x0d\x9d]9\x06\x82\xb4+\
\x15q\xbd\xe8t\xd5\xc1\xa0\xce\xe5\xeab\x159[9\
_\xc1\xba\xf3)\xa8Xf\x92Ej\xf2{\x09\xfdG\
\xf0\xdc\x06V\xb6/\xc7\xe6\xfe\x15X\xd7\xd3\x8b\x8cC\
\x9bX\xd6p\xf8X\x80\xad\x9b\xd7\xc04j\xbc\x89\x92\
m\xd3]n\xdaD\x93F\xf3}\x98\x1c\x01\xceN\x00\
=\x9dya?\xad\x00)\x87\xc6\xd55\xb0lE\x1f\
\xfaz\xd7\xe2\xf4\xc1#\x08\x8dv\xa4\xed\x0a\xd6\xf5m\
\xc3\xca\x9e\xcd\xe8Hw\xc3D\x9d\x17\x5c1\x81\x0a\xcb\
\xea\x14\xd3A\x9b\x9a\xf4%\xfe\xd6\xeck\x93'\xa0\xb9\
~z\xd5o\xab\xa2\xd44$gh\x950\xa4,\xd8\
i\x07\xb3\xb3\x0d\x19\xa8j\xf9\x99\x0b\xad\x08R\xc4\xe7\
\x0d\x89h\xbf_\x9a\xc57S\xc2\xca\x8b\xbb\xb9\xa7\xcd\
\xae\x85\xecgS\x9c?\xb6g1HW\xbb[,\x1e\
G\x12\x9b\xba\x96i\x95\x09\xa1\xf5W\x12`$\xd4l\
\xf2>=\xe3Z\x810\xc2o\xff\xe4\x07\xf1\x8e\xbb\xd6\
\xa2Q\x1f\xe3\xe9X4#+\x8a\x5c\xd0\x0e\xc5\xc7N\
\x0fs\xac\xdf\xb2B\xf6\x14h\xe3k\xf2\xff\xcdL\x06\
a~#\x0e\xee?\xce&\xa2\xa3\x90B\xb9\x11ro\
\x82aR\x99v\x84Ze\x10\xee\xe4\xdf\xe3}\xffe\
;3\x94\x11m\x82\xe1\x14\xe0\xbb\x1e\xa2`5\xfe\xe2\
S\x9f\xc0#G\xef\x85c\xa5\xb9z\x99p\x86jW\
k\x9eC\xad\xfeH\xf6\xfdKX\x5c\xc5R\xe4g\xf5\
\x84\x86\xfe\xa8\xc0\x99f&\x14\x00\xe5\xd8?H#\x19\
\xe8jO\x91\x03\x83\x999b\xfad\x0bC\xed\x07\x17\
1\xc2\x92\xe9`\x1d\x04*\x9frl\xac\x88\x1b\xaeJ\
\xa3#gc\xa2\xd2@\xc3\xa5\xae\x16\xda\x1eU\xec\xa4\
\xc9\xdd-\x5c\x13\x9f`\xd4\xc5\x5c\xa7\xcd\xe0\x97j,\
\x19\x88\xdc|\x0e\xccX\xda\x8c\x1bb*5\xf7\x80\xf0\
\x07\x0d\x84\xbc\xb4\xf7\x12\xbc\xe9\xc6_B\xba\xeb\x93\x18\
=\xf0\x22\xc6\xe7(\xa9\xe4\xa1\xe1\x85\xa8\xfb!f\x8a\
>\xbb\xabDPjm/dM\x8cL\xb8\x989r\
\x1c+\xb6w\xe1\xe9\xbd\xc3\xe8\xeeJ#\x93\xb6Qq\
C\xa4\x1dK\xcc\x150\x5c\xb8\xee<\x8e\x9f~\x1as\
3\x07\x90rR\xb0\xac,\xf7\x13\xac\xbbh5\xf2\x17\
\xdf\x82\xbbv\xfc\x0f\xec\x1b\xbc\x1f\x15W\xb4\x9f\xc5S\
\xcd\xa44$3\xfcT\x86/\xd1\x0bK\x0dxjr\
\xeabu\xdd\xa2\x09\xb4\x8c\xa8h,U\xf3\x1bh\x7f\
g\x03\xcbz\xb2\xf0\xbc\x08s\xb3<\x19S\x0e\x8en\
\xc6v\xad~\xca\x92q\x00e2x(\x14\xed\x13\x04\
`h\xb8\x88t\xc6DWG\x06\xce\x8c\x0b\x13\x01R\
\xb6\xd8\xd1\x82+QbF\xd7\xa2A\x8c\xd8i1\x12\
V\xd4\xbd;\x81\x01t\x99\x90\x1ae\x89s\xd2\x85B\
\x0c\x81\x02z::\xf0\xc8\xe3\x19\x84\x87\xaf\xc7\xad\xaf\
\xb2Q\x0a^\xc4\xd4\x88\x01\x8f\xf67\xf2=\x9e\x1d\x9c\
3<\xae/$O\xa6-c\xc3\xb6\x1c|\xe6\xffN\
c\xc3\xaai\x8cO\x02\x1bW\xe7yzg\x8e\x04\x99\
+~\xc4\x00h\xb1\xc0\x0e\xe6+!l\xc7DO{\
\x03\xab7_\x8f\xb3\xb5\xd7b\xf7g&q\x11\xf72\
\xa4Q\xf1D\xc3j s\x0f\xfa\x9c\xdf\x84\xb8\xf2\x9a\
e<\xa4)\xea\xa9\xa5\x7f\x93\x0bU\x84\x97\xb5A-\
L\xa0</\x0an\x89\xdcG\x04\xc70\xb0bE\x1e\
3\xf3e\xcc\x17\x85\xdbN\xd7\xa3\x22\x8eJ\xfa_R\
\x03\xe88A%ix\x1f\x1a\x98\x18\x19\xad\xa0\xe6\xba\
X\xb3\xaa\x13\x87\xcf\x15y>\x8aefX\xb5\xd24\
Pe\x9fE\x08ZSy\xdc\xfaMC\x0b\x9a7e\
V\xc9\x89\xb8ZN\xa1a\xb9\x0a\xcd\x95F-L \
S\xd0\xb4\xd8\xb9\xec\x02\x1e\xdd\x7f\x0e\x133mx\xeb\
][\xd0\xdd}\x1a\xc7OUP\xf7i\x87s\x03\x0d\
\x9b:\x9a\xc4\xf8:\xdb\xb4p\xd9\xc6<\xf6\x1ek\xe0\
\xe0\x00\x0d\x88\xb0\xb0aE\x0e\x0b\x15\x1f\xd9\xb4\x85@\
\xccy\x17%bf\x80T\xcaF\xcar\xb1n\xb5\x83\
\xbeM?\x81\x87vo\xc4\xeeG\xbf\x83e\x9d\xab`\
\xae\xdd\xc2\xdeQ\xa2\xe0c\xe3\xd9\xf4W\xeb\xd9/v\
~\xb4\xca!\xf9\x8a\x08\xb1\xa8\x80\x97&\xf9q\xfd\x9f\
(\xfc\xa0\xdc\x07\xb9\xe54:'\xebX\xe8_\x95\xc2\
\xd9\xb3\xf3\xa8\xd2t}-)\xa5h\xbb\xd4m\xb1\x09\
\xd0B\x88\xbcC(i\x80\xd0\xc0\xecB\x84\x91\xd1Y\
l\xde\xda\x83'\x9e?\x87\x94E\xd9\xb1\x10\xe9\x94\x0d\
\xd7w\xb9W\x9e\xb4\x81\xb0k\xear\xe2\x8d\xce\x9a\xd2\
\xc7\xcdk\x92\xd4\xd0'\xf3\x83\x92E\xd4O_\x07\xa8\
\xf4^\xca\xa6\x98=\xb5sU\xf1\xe2\x99i\x8c|\xde\
\xc1\xbb\xdf\xbc\x0d7\xdd0\x88\xa3\x87g\xb0P\x16\xa3\
giCe\xde\xf5<\x0c\xd1\xb1\xac\x1b\xb7\x17Bt\
\xb4\xbb\xe8(\x1407g\xa2\x90\xa5\xf4\xb4\xd0T\x94\
\xac\xa2;\x85\xbd\xb3N\x15\x97\x5c\xb6\x09\x8d\xfc\xbb\xf0\
\x99/\x97q`\xff\x17PHg\x11`\xb9\xbc22\
\x19\xcd\x8c\xdb\x8alZ\x94}\x0brOr\x86\xcd\xd9\
:-\xda\xa91\x83\x92x\xd2N4\xb6\x87Z\xcaL\
\xb8\xdc]\xd5Y\xb0\xd1\xdb\x9f\xc1\x83\x8f\x15E'4\
o\xe8\xa9J\xf7\xcfC\xfd\x97\x0a\x05\xabZ<n\xbe\
\x08\xc0\xd5\xb9\x07\x0f\x8c\xe2M\xaf\xdf\x85e\xed\x0e\xe6\
\xea\x1e\xea\xe5\x06\xd2N\x165N\x83\x9a\xf1\xdc\xdc\xd6\
\x0bOL\x9af\xffT\xcd|\x13zV\x0b\xd1j\x04\
Z\x16V\xee\xa2\xc1Q\xb041\xa2\x0f\xd3\xf60Q\
*\xe3c\xf7\xa4\xf0\x8e7\xac\xc6\xad7\xe5q\xe6\xc8\
\x19\x8c\x8e\xbb\xf0C\x937\xb9\x0e\xc8XSYx\xbe\
\x1d=m>\xaa\x0d\xda\xa7(D\x8e\xe2\xf9<\xda\x8d\
v\xf2\x146\xb5=\xe7a\xc3\x8e\xebq|\xea\xd5\xf8\
\xcc\xc7\x9e\xc5\xd9\xa1\xc30\x9d\x02\xea.\xb9X5\xf6\
\xb7\x0dZ>.\x94I\xfa\x1du\x03\xa6\xae;\xc64\
1\xb0UAd\xb5\x0d\x8e\xfctK\xac$\xb1\xf9j\
V#\xcdi\x10\xb9\x0f\xc7\xb6DD\x16\x012\xb6\x83\
u\xab2\xb0\xd3)\x1c;\xb6\xc0\xa7\x14WQ\x9f\xb7\
_\xf3|\x0c\xd0T\x10*\xee\xb4m\xab\x1b\xd1\xd4\x8b\
q\xbc\xedm66o\xe8\xc1\xf0\xdc8\xe6\xe1\xc16\
3H;\xb6\xd8\xaa\x84+lD4\x8dg\xe8j\x9e\
@\x13C(\xad\x1fO\xe8n\xd1Q\xba\x0b\xac$\x80\
\x1f\x12#\xc5\xcf\x08\xfc8\x01\xbby\xb4\xe5\x1c1B\
\xcd\xaf\xe1\x0b\xf7-`|2\x83w\xde\xb5\x01==\
\xe70rn\x0en`r'\x18\xf7\xff\xd1q\xac\x08\
m\x85\x08Y\x9aBBY\x7f\x8b\xe2\x00$Y.:\
{\xda\xd0\xb7\xe9v|ww\x01\x9f\xff\xd2?b\xb6\
R\x83a\xa7\x11\xf8s\xb0\xcc\x02\x83\xcaT\x9e\xe6\xf9\
\xca\x94\x94L\xb1\xc5\xf8V\xe1\x9b\xf8L\x13\x9d\x9f\xbc\
\x9d\xe4\xf1\xc5\x9a\x1b\x8b\x88\xaeJ\xbb\x94\xdaW\x03\xb3\
H;\x91y\xa21\xe8\x994\x90sL\x5c\xba\xa3\x03\
g\x86\xaa\x18\x1a\xad\x89\xbd\xda\x02\xda\xe0\xeb\xfc\x84\x8f\
\x19`\x91\xad\xd2\xd8VM\x06\xa5M\x1cH\xad\x0c\x8e\
\xb88v|\x18W]\xb3\x16{\x0f\x8da>m\xa0\
\xd4p\x91N\xa5\xd1\xf0|\x06\x1e\x5c8\xadM\xd5\xe4\
\x94\x89\xe6\x8b\xea\x00H[\x9eE\x91\x8a\xf8s\x22\xf9\
\x1e\xbf\xa6\x00\x111\xa6\x93\x0a\x91\xce\xbbr\xcaF\xc4\
\xa5P\x94\x081\xad\x10\x8f>\xb3\x80\x85y\x13\xefy\
\xe7*\xec\xe8\xb31vr\x14\x0d\xdfdMEs\xfc\
2i\x913\x0fh\x06\x9f\xcc\xa1\xa7\x1d\x17]\xeb\xd6\
!j\xbf\x0c_\xbe\xe78\xbe\xfb\xd8)\xb8A\x01\xa6\
\xe1\xc0\x08\xcbp\xcc\x1c2V\x84l*\x82C\xadm\
j\x93)uvj\x82\x97\xce\xc8\xf1\x8c\xc4\xe4\xb58\
\x22\xa2\xadC\x1cG\xd0l>\xbf&c\xfd$\xfd\xa6\
\xb4\xfb$\xfd\xf4h\x84.\xda\xf36\x96\x15\x0cl\xb9\
\xb4\x17_\xf8\xea\x10*\xbe\xa8\xa6V\x18@\x97\xfe\xa5\
x\xc1~\xa90\x0c\x9b\x009\xbd\x8av\xbb\xaaZ\x06\
\x1e\xf9\xee\x09\xfc\xb7\x0f\xde\x8e\xcd\xab\x0b(zUT\
\x1b\x0d\xa4L\x07\xd9\x94\x8d\x887\x96\x22[*/X\
\x9f \xa72\x84-\x9b5)\xdf9Y\x0dm\xd0\xa4\
6s\xa0)\x82(\x19\x22\x9d\x09\x91-\xf8\xc88\x16\
2\xe4~\x9a\x22\x13F\x05\x9f\xb6c\xe0\xf8\x19\x17\x9f\
\xfel\x0d\xef\xfc\x89Nl\xb8.\x83\xd2\xc0i\xb85\
\x9az.\xda\xb8,\xc21T\xa4\x12\x05\xb0h\x83\xca\
\x8b\xaf\xc0\xd4|\x17\xee\xf9\xf8\xf7\xb0\xffp\x15\xbeQ\
\x00\xa2:l\xd3\xe5\xbc\x82m\xfa\xc8Y\x11\xf2i\xe1\
2\xb2\x09P\xb2\xab\xa6\xa5JF\x8d\xeb\xf9Z\x9d\x82\
8\xbb)q\x91\xae\xee\xb5\x91y\x1c`\xd2\x88Os\
\x91HC\x91\xdd\xcfR][PgFl\xcf8\xd8\
uy\x07B\xbb\x80\xe7\x9e\x1b\xe1\x92t\xaf\xa6&\x8b\
iq\xa6\x0b5\x01\x1a\x06\x8b\x07\x1exa\xc4%\xdb\
l\x06^\x98\xc3\xd9\xd1\x19\xdcr\xdb6\x0c\xfc\xd3\x1e\
\x94s&f*UdSy\xf8\x81\xd0\x00.I\x95\
<\x90(\xafV\xfep<\xce\xa0\xd97\xd5\xe7\x0a\xcb\
\x05\x88\x15f\x5c\x18\xd9\xb4\x8c\xe2\xe4\x1d\x13\x19\xda\x96\
/EP\xc8\x81\xe9\x8b\xf2-\xb1\x0f\x01\x05\x7f\x22\xcc\
,\x04\xb8\xefK\xb3x\xed\xdd\x05\x5cr\xd5\xa5\x08G\
\x8f ,O\xc3\xcaQs\x08m\xd7R\x83\xd1\xd6\x05\
c\xd5u\x18\xdc7\x87o\xdd\xf3\x1d\x9c\x19\xa5\x0d\xad\
R\x88\x5c\x0fF\xcaD\x9a\x03^\xe4E\x84\xc8\x98\x11\
\xda\xb2\x01\x87\x8b\xc5\xc8\x9ad\xcah\x5c\xe5#\xed^\
<\xd4SKy'L\xa0\xe2\x06\xcdW\xa5'yL\
\x1d\xf8\xb1\xe4\x1b\xc8e\xd2<U\xc4o\xd4\xd0\xdd\x99\
f\xe9\xbf\xe9\xb6\x8b\xf0\xed\xef\x0ech\xaa\x01\xd7\xb7\
\xe0\xd3V\xbb\xaa&@J\xf2\x05{\x01\xad\xcc\xa0\x5c\
Ab\x82Z#\xc4\x9cm\xe0_\xbe\xb6\x1f\xbf\xf2k\
o\xc0\xf6\xdd\xa7P:1\x8fr\xcdC#l \x9b\
\xa6*\x1aO\xfe0{\xec\xa2\x13&\x1e+\xa7\xbb{\
\xad\xf8xq\xeby\x12\xf7k6\x14\x8aW(\xf3\x95\
u<tdS\x08\xac\x0e\xa4\xbd\x1a\x0c\xdeu\x8c\xd4\
\xa5\x88\xd9;V\x88z\xe0\xe1\xa9\x07\xc7\x11\x96\xb3\xb8\
\xe4\xb5W\xc3n\xd0\x0e\x1dS0,\x0b\x86\xb3\x19Q\
f\x1dN~\xeb\x05<\xf3\xed3(\xd6\x0a(\xe4M\
8n\x84B\x8a\xa6z\x92\xd9\xb0a\x1a6,\xd3\x81\
\x0d\xda\xea\x86v\xe9&\xec\xb1\x18\xdf\x88sl\xa9\xda\
\x91\xef6\xe5\xc4\xd4H<\xb9&*\xa5\xcb\xaf\x11\xc1\
\x91\xa0}\x8a\xb8\x12\xf1i}3\x99\x14\x1a\x959t\
\xe6\x0c\x9e\xa9p\xdd\x15\x1d\xb0\xb3mx\xf0\xc1\xef\xc1\
5L\x8ev*\x00x!\x0d\xa2\xe7\x0d\x04\xa9E\xe6\
\x9a81\x0c\x8bs\x02\xb5\xb4\x89\xdd\xfb\xe6q\xf3\xde\
\xa3x\xfd[v\xe1\xcc\xdf|\x07\x8d\xae\x14F\xa6\xeb\
pL\x8b\xfdi\xb5\xad,\x0fe\x92\x02\xa2\x86\x17*\
\x1c \x02G\xd1y\x82\x10j\x19\xb5\x95\xd5.\x86\x8f\
O=v\x0e\xd0\xd3\x9bCO['e\xab\x80\x1c%\
\x85(\x14\xec\xc3\x96v\x92\x0aAh\x0f\xde\x5c\xc6\xc0\
\xb9\xc33\xc8\x85\xd3X\xfb\xdaW\xc3\xec\xcd#\x22\xdb\
^q1\xf6\xd0=8\xf7B\x11\xd9\xb6\x02z\xcc\x06\
\xda=\xda\xb5\x93j\xfc\x02x\x81\x98J\xc6\xa3\xe3\xc8\
=\x8cB\xf4\xe4\x1bh\xef\xa4\xd4\xb0\x98\xca\xc5\x139\
\x14ok\xfa*\xa9\xf6Z\xca\x14\xc8\xc1\x8eq\xcd\xa3\
*\xde\x94{\x0c1\xe0\x13UX\xac\xf6\xd3\x0e\xef\xc2\
\xeaV\x17\xe0\xa0\x8e\x9e\x8e<6\xf4\x1a\xb8\xfd\xee\x1d\
\xb8\xe7+'0<\xed\xa2\xe1Y\xbc\xbb+9;1\
\x06x9\x10x\xdewT\xf5\xabb\x02\xf2\x06\xfc\x08\
\xa5*\xa9V\x0b\x9f\xff\xc7\x83\xf8\xd3?_\x8b;_\
\xb3\x1d\xf7>t\x08\x8dv\x0b\x93\x0bUdhw\xc4\
\x8c\x8dj]4^\xd0N\xe6\x5c\x81-\xbb\x8a\xe2E\
\xd1\xf3\xdb\xcd\xfeRR/\xdf\x04\x0d\x9a\x1d\xaa\xd0\xb0\
18>\x8a\xbe\xfe\x08\x17\xad\xb8\x18\xeb\x22\x0b\xa6M\
\xfb\x1aR\xcbo\x15\x96Y\x86mU`\xdbU\xa4\xac\
\x22Rv\x09\xa9T\x1ai\x94\xe1\xef\xbf\x07\x99\x1b~\
\x15\x91\x93Gp\xe0\xb7\x90\x09\xbb\xb1e\xebj\xd4*\
&<7\x0d\xb7\x91\x82\xe7\xa5\x11F\x05\x04a\x01\xbe\
\x97F\x10f\x10!\x0b/L\xa3o\xe3M\xa8M\xd5\
1W\x9b\xe1%\x8c\x87hk>\x8aP\xefj\xf3\xe8\
\x04\xef4\xd5N\xb0\xad\xd7\xc2\xbd2\xb4\xcb\x80\x8f\x92\
]\xb4\xb7\xb2mq\xa8\xba\xa3-\x0f\xafQE\xe4\x96\
\xb1|Y\x06\xedv\x847\xbc\xf1\x22\x9c\x1b\x8fp\xdf\
\x03\x87\xe0\x1a\x16K\x7f\x13\xf1\xcf\xb3\xbc\x17\xc4\x00\x8a\
\x00<\xf0\x80\xb1\x80\xc1\xc1\x05\xd2\x02\xb4\xd7\xdd\xc9\xb1\
\x10\x9f\xf9\xd4\x93\xf8\x95_\xfb1\x8c\x9c\x9b\xc0\x93\x87\
g\xd0p\x81\xb9J\x15\xb9t\x1e4\xd9\xb7\xda\xf0A\
1@\x8e\x95k~)\xb7\x9aI\x80\xbc\xa8\x19E\xda\
R]p\xf4\x13\xe7\xfa\x840\x84\xe5\xd88xr\x14\
\x9f\xf8\xf4\xef\xe1\xe6\xad\xd7 \xd3^\x87a\xd4\xe1d\
-XN\x00\xcbva\xa7\x0c\xd8)\x07V\xaa\x0d\x96\
\x95\x86\x95\xf6a\xe7\x0c\x18\xf9u\x08\x1a\x0e\xcc\xd0A\
\xb4\xe1\x8d\xc8\xf4\x00v\xd5G\xc1M\xc1\xaf\xdb\x08\xea\
\x06\xc2F\x06\x81\x9b\xe3-\xe8\xfdz\x0en-\x8bZ\
\x99Tl\x06#'\xca\xf8\xc2#\x7f\x85b\xa3\x8e\x08\
\xc4\x18r\xe7\x90\xb8\xd1#)\x0bK\x90\xbdB5Z\
1G\x0c\xf4\xa4\xcd\x97\x84'\xd5\xef\xc4\xc4w\xd0\xd1\
^\x80[\xaf\xc0\xab\xcc\xa2\xb7\xc3a\xe0w\xfbM\xdd\
X\xbfc\x13~\xe3W\xef\xc7\x5c\xc3@\xa5F8M\
\xe4%\x9a[\xe75z\xbe\x12\x06he\x065 \x8a\
.\xb2R\x13\x83\x9d\xbe\xf7\xcc4\xd6|\xf1)\xbc\xf3\
\xfd7\xa3\xf6\x97\x0f#\xa0-b\x0d\x1a\xd1VA>\
\x95\x85m\x91&\x08\xe0\xfa\x01_$\x87\x95i\xd2\x88\
l\xbe\xd0\xc6\x0c\xc4\x8b\xa5z\x1a\x93[S\x88\x8co\
b\xd7R\xd1a\xfb\xc5o\xef\xc5\xd7\x9e:\x00\xd3\xf0\
EU\x8cEw\x9a\xc1g \xed\x10p\x0bx\x93)\
B\xcc\xb9T\x88\xb6\x1c\xd0\xdb\xee`]\xff\xa3H9\
&\x06FB\x8c\xd1\xa6\xce5\x8a\x1a\x9a\x1c/ \xc0\
\xdb\x90\xcfC\xfa\xdb\x15\xae\x95\xe7\x93\x7fM\x9b=\x16\
\xe4\x06\x12)fF=N\x19\x93^\x82\xb8$\x11.\
\x01\xad\x06j\x93\xd8\xbep\xf1,\xcb\x12\x832-*\
J1\x91\xcfe\xd0I\x95J\xd5\x05\xb8\xe5\x19,\xeb\
H\xa1\xa7=\x8d\x9d\x1b\x1d\xdc\xfdS7\xe1c\x7f\xf5\
\x04\x0e\x9d^@\xcd\xb7Qs}\xd1d\xa3\xe6'\xbc\
\x14\xd5_)\x03\xc4\xb5\xfbr\x16O\xdd\x8b\xb0@c\
WM\x1b_\xbcw\x00]\xbd\x05\xbc\xfb\x83\xafE\xf8\
\xd1\x07\xb17r\xb9^\xa0X\xad\x22m\xd1\x96\xb1\xa4\
\x09\x0c\xd4\xdc\x00\x9e/\xa6r\xf2\x09\xcaz{\xd62\
r\x93\x07\x8e\x8d-*~T\x1bH'\xbe\xa4\x80\x0f\
\x11\xaa^\x88F\x14\xa1\xb2\x10\x0a\xff\x9f\xa5I\xd8j\
\x9bR\xc0&\xd9\x7f\xba\x8b\xbf\xb3v\x88\x5c*\xc0p\
&\xc0\xfc\xbc\x18TE{\xf8V]\x1bU\xd7D\xcd\
5\xd9\x83!o\x86\xe2\x05\xf4H%\xdf\xe4*\x8a\x8a\
fz\x9d~\x83F\xba\x04\xf0\x9b&\xa3\xca\x02\x0d\xad\
\x18X\x8f[({f\xb6\x00?F\xf9\x96\x08\xeeP\
J\x97\x10\x7f:\xe5\xa0\xab\xa3\x8d]\xcd\xd2\xfc4\xbc\
\xfa\x02V\xf4d\xd0\x95Oc\xdbj\x07\xef\xfd\x95\xd7\
\xe1\xab_~\x11\x0f<|\x025\xd8(\xd5H\xc8\xa4\
\x80-\xb1Y\xe4\xf7\xcd\x00\xb1K\xa8\xc0\x97\x1cnL\
L@\xfb\xdb\xa1DM\x12\x16>\xf5\x7f\x0e2.\xf8\
\x99\xff~'R\x1f\x7f\x14\xcf\x1e+r\x5c`\xb6T\
\x87\x1f\xfah\xcb\xa4\xb9\xc4\xaa\xd6\xa0\xee\xd9\x88\xa3T\
dN\xa8,\x8f1\x14WW\xcb\x92qM\xe6\xf5M\
\x92\xd5\x1b\xc2C\x16\x0bO\xe72Y\xaa\xc0\x91\xad\xeb\
\x964'T\x00d\xd2\xf1)U\xea\x12\xf1E\xe50\
\x8f\x9d\xb7-\xe4\xeb&\x8f\x92\xb3L\x133\xa5\x88\xf1\
c\xcd3\x18\xf0\x89\xa9\xdd\x82\xa1(\xd7!:\xc8\x84\
{)\xf6\xe4\xa5\x8a\xe0\x054h7\xf08r'u\
\xf9R@O]P\xac\xfa\x93\x12.\x11\xd5\x13*\x9f\
\x88O\x04\xcf\xe7\xb3h/d\x11\x05\x1e\xe6\xa7\xc7\x91\
2\x5c\xf4\xf7\xe5\xd0\x9d\xb5\xb1\xf3\xe2,\xde\xfd_\xef\
\xc0\xc3\x0f\x9f\xc6\xdf\x7fn\x0f\x8a\x81\x85\x85J\xc0\xad\
\xea<\x1dM\x9b\xa1\xf0r\xe8_[\xd2\x97\xff\x9c\xba\
.}\xa7.\xb1k\xa7\xc1#\xd7:\xf3&zR\x01\
~\xfa?o\xc5\x9b\xdf\xb4\x1d\x0f\x7fe?\x1e}j\
\x04\x13u\x1bs\x15\xd2\x06\x94dqx\x0a\x13qj\
\xcd\xa5VpJ\xd0P\xb8\x92\xdcDU1\xa3\x17M\
\xc8}\x894.L\xe0B\x92X\x12s\xf1T\xc8T\
\xf9\xdd\xd2\xfej\xe7\xcb\xc3(-\xca\x9b\x87\xbcmm\
\x1bm7k\x03\xa5\x9a`\x00\x22>}\x93\x19 \xb6\
\xa3\xc9\x8e\xa1\xf1]\xdb<[\x8f\xfa\x91\x16\x8b\x1bg\
UC\x88\x1e\xdcQ\xc0\x8f\x0b8D\x1e\x83\x18\x90\xaa\
\x8a(\xacK\xfe}>\x97\xe6_\xa9W\x8ap\xeb%\
\xb4\xe7,\xf4u\x17\xd0\x9d\x0aq\xdd\x15\xfdx\xd3O\
\xdf\x86\x7f\xb9w\x0f>\xfd\x99g1\xe7\x13\xf1C\x16\
Dj\xacU\xea?n\xb5\xfba2\x80\xfa\xa0\x0aT\
43\x01m\xf7j\xa0=g\xa0`\x85x\xcb\x9d+\
\xf0\xde\xf7\xdf\x88\xb1S\x93\xf8\xfaW\xf6\xe3\xf8\x88\x8b\
9\xd7B\xb9\x16p\xd7,\xd5\x12E\x06\x05+\x92\x8d\
\xa4=)q1.\x90{\x14\xc6(Vk\xb8T\xfc\
\x90\xe0\x06\xe9X\xb6DTT\x8fN\xcc\x18<\xa6&\
\xe2\x0e\x22\xd2\x08\xb4\xc5\xbde\x92\xe4\x8bV5\x02\xb9\
\xc9\x02\x0am\x14\x17\xc6(\xf3s\x1e\xbf:fR\xbd\
\xb0#f\xca\xe4\xbcX\xd5\xabX>\xd5\xefQ\xba\xd9\
\xa1\xbb\xc5\x0d\x9dn\xa3\x86\xd0\xa7\xa0\x9a\x81\xee\xf6\x1c\
\xbar\x16\xd6\xf48x\xfd\x1b/\xc5\xfa\x1d\x1b\xf0\xf7\
\x9fz\x04\xdf\xf8\xd6I\x94\x02\x9b%_\x11\xdfW\xb6\
_\xb9\xda/\x11\xf8y\xc5\x0c\xd0\xe4\x9dijM1\
\x01-&IT\xd6\xa1\x81\xc9\x06rf\x88+7e\
\xf0\xbe\xf7_\x85\x8b6t\xe3\xd9GO\xe0\xa9'\x87\
pn\xda\xc5\x5c\xc3\xa2\xbd\x12\x99\x11x@\x17\xd7\x09\
\xc8&L\x19uT\xe1\xe7\xb8\x85LI\x9c\x02[\xad\
s\x82\xf4\xd0e\x0b\xf2\x16\x84\x90\x9aK\xdf\xa2\x96\xe6\
\x12S\xb5\xb0!\x16O\xfc\xb6$z\xdcU#\x0e\x90\
\xf4.\xaa&\xcef=\xaf/\x9eH\x87\x0b\xd5\x1e\xd7\
GHT\xcf\x84\x97R/2{\x82IC\xee\x90\xf5\
\xb9\xbe\x916\x92\xe8jK\xa1=mae\xb7\x8d\xeb\
\xaf_\x87kn\xdd\x853\xc33\xf8\xbb\x8f}\x13\x07\
\x8e\x97P\x8b,\x14+\x11j\x1eE\x5c5\xe2kq\
\xff\x0b%\xfe\x051\xc0R_\x88\x99@\xba0Tg\
\xc9\xdb\xb8q\xa8Rt\xe0.\xcbFx\xfdm+\xf0\
\xc6\xb7lGg\xde\xc0\xe1\xe7\xc7\xf0\xfc\xbeq\x9c\x19\
\xaeb\xaa\x18\xa0\xe6\x1bpC\xda09\x82\xeb\x89\x81\
L\xc9\x1c \xb1?\xa1L\xb2\xc5\xcc\x10o\xa3\xda\xea\
\xe2(c\x1c\xab\xe4$\x0e\xaf\x98U\xd5)\x90)H\
\x9a[\x10o\xbb\xce\xed\x83\x92sx,\x8e\xb2\xdb\xf1\
\x12\xb5\xf6\xfb\xe8L&\xab\x9b\x9b\x98.\xf1\xf99b\
\x1cW\xf5\xc8bZ\x88\xc9\xe2\xb4\x1bJ\xc6q\x90K\
\xd9\xe8.\xd8X\xbb*\x8f\x9d\x97\xaf\xc1\xf6]\xeb\xb9\
[\xf9\xfe{\xf7\xe0_\xbfy\x18\xb3u\xa0\xe6\x93&\
%\xf3)\x04HiQ}\xc3\xb6\x0b\xb5\xfd\xdf\x17\x03\
$K\x91\x04h\x14. &`F\xe0\xa1\xcf@\x86\
\xc2\xb4f\x88U]&n\xbby%^\xfd\xea\xb5X\
\xbf\xa6\x03\x0bSe\x9c>9\x85\x81\xc1\x05\x0c\x8dT\
1=\xe7\xa2T\x0fP\xad\x8b&K\x91\x7fH\xb6\x80\
R\x5c\xad.Tu\xfe\xc6\xe4\xd1\x10\xa2\xca'\x88\xcd\
,e\xaaEN\xf30\xa4\x0aV\xe5W\xdcBi\x09\
;\xaf\xf6\xe5Q\xf1z\xb1\x17\xb6l\xba\x14\xbbf\x0b\
\xb6\x8a\x03S\xfa&XK\xf2\x84,\xd6Ty\x0d\xa5\
\x01d2\xc7\xb1\xd8Mm/X\xe8\xef\xc9\xa0\xbf/\
\x8b\xb5\xeb\x0a\xd8\xb8\xa9\x0f\xed\xbd\xed\x98\x98\xf6\xf1\x9d\
\x87\x8f\xe2{\x8f\x1d\xc5\xe8l\x84:L\xd4\xea\x14\x83\
\x89\xe0\x06\x04V\xa5\xbf\xdf\xda\x03\xf8J\xa5\xf9\xfb\xd1\
\x00M\x17\xaa\xa56Y\xb2L\xdd,\x88\xd1\xef\x944\
q\x10\xa2;\x0bl\xdbX\xc0\xae\xcb{\xb1\xe3\xb2^\
,\xef\xa5\x0e\xde\x08\xf5\xba\x8bj\xa5\x86\x99\xd9\x1a*\
\x15\x0fuf\x06\x1fn#\xe4\xbb\x88?\x90\x84\x8a\x0a\
\x17\xc6\x0aL!\xa9\x09\xe4p\x01\x92\xe4\xb8SG\x8f\
e\x93\xba\xd5\x08\xa5\xb6|'U\x1c\xc9\xf2d\xf1 \
.\x86\xe7\x1fH\xd0\x10\x0f\xc8bb\x8a\x19<\xbcy\
\x16\x0fcN~G\xb0\x94\x98\x15 \xca\xd5\x05\xd8\xa3\
YA\xdcPK\xe1\x5c'\x12\xfd\x06y\x9b\x07T\xb4\
we\xd0\xde\x99G*%\xaa\x10'\xa6\x22\x1c=Z\
\xc6\xfe\x03\x138t|\x16\xd3e\x9a9a\xc0\xf5\x8c\
&u\xaf\x08\xdf:\x0f\xf9\xfb\x22\xe2\x0f\xc2\x00\xfa\x01\
Z\xb5\x81R\xaf\xbc\x07\x80-\xd06i\x06\xb2\xf8\xd4\
\x90C\xe3\xf4z:l\xacY\x91\xc3\xca\x15Ytw\
\xa5xpS\xa1\xcdA6C\x9bo\xbb\x5c\xeaL\x85\
|\xb6A[\xba\xc8\xec\x1a\x13\x94\xe6MD0h\xc0\
2\x83Em\x83\x04\xbdqT\xeb\xc0%\xe6\x10\xfc\x10\
\x88X\xbb,\xab\x8a\xf8\x03\xa2\x8a)\x0eM\xd3\xb1-\
\xa1\x7f\xc8\xe5\x13\xd8N5\xc8R`H\x94\xc3S\xed\
\x03\x8f\x8f\x90\x93\xb8X\xa7hL&\xdeH\xec\xa4\x17\
\xd2\x16\xb0\x0e\xef\x01X\xae\x00s\x0b\x01&\xa7\x02\x8c\
\x8eU1:Q\xc7\xe4L\x1d\xe5\xba\xcc\xbb\x80\xb6\x8b\
\x13\xa6\x91\xd0}\xec\x99h\xae^\x9c\xe9\xfb\x01\x09\xf8\
\x033\x80:HSd+\x06\x5cB3\x90F \xa9\
b7\x8c\x83\x1eR\x89\xca\xcc)\x17\xe8\xc4\x9f\x13\xdf\
\xa3i\x1b\x02@\xa9r(!\x85t\xb2,aT\x89\
+ \xbaXr\xbd5\xab\xc5\xff\x8e\x07FH\xd5\xaf\
\x17f\x1a2&\xaf/\xa6\x1a\xde(p\x8e\x02\x83\xd1\
\xa2\xebU\xa6B/mo\x9a\xd4\x19\x03XY]\x1d\
\x10A\xc5\xfb\xa2\xd8V\xb5\xad\x89\x99\x84\x14k`\xf5\
\xcew!\xe5*\xb8\xd3:\x1d\xf5\x95\x82\xbd\x97\xa2\xdd\
\x0f\xe38Z\xf4+y\xa24\x82r\xc5t\xed\xa0v\
\x05\x13\xc9\x0f\xf9\x19)D\xadpK\x07QqSr\
RV\xac\x15^(_|\x89\xe1KM{\x1b$h\
\xc6h\xb1\xe1\xfa\xc26-N\x5c\x89\x9cx\x08\xe2e\
\xb5\x8dW\x12\xbc\x12g\xa2\x97\x89\xa9\xe7\x22~A\x1a\
I\xf7pT\x88\x5c\xcdJRL\x13?oU\xf5?\
$\xe2/\xba\xc6\x1f\xe6M\x8f\x1b\xc4\x7fk\xcc\x10?\
\x97or{\x93b\x80\x16\xa2\xf0G\x9a\x9a/\x97\xfe\
\x8c\xfeY\xad\xb6\xa4)\x07\xaf0\x80\xfa\x9bn\xaa6\
g\xa9\x1c~\xf3\x98\xd6$8\xa5/\x9a\xa4\xff\xe2a\
\x0c\xda\xf7\xd4_M\xf1\x05\xa5%Z\xb4\x85.\xe1q\
i\xf7\x0fA\xdd\xffH\x19@\xff\x81\xf8\xb9\x22\x86\xb6\
?\xa0\xc2mM\x7f\xb7\xe6\x03\x96 |sxX\xfb\
\xacFx\xfd\x1ct\xa4\xbc$\x83\xe1\xa5\x99*&z\
\x13\xf0K\xbe\xd7\xaa9\xf4s_*6\xafW\xea4\
\xa1\xf8%^\xd3\xbf\x87\xff\xd7\x18@\xff\xa1\xa6\xe7\xad\
\x84\xd4\xdfo!\x1e\xddZ\x17W\xfd\x11\xff-\xa9\xb1\
\x14\x91_\xf2\x18\xaf\xf0\x96\x98\x04\xf9\x93\x89%\xe2\x9b\
b\x06=*\xac\x7f\xb1\xa9\xe2\xfd<)\xdb\x1f\x05\xe1\
\x7f\xe4\x0c\xa0\xff \xdd\x16\xc7\xd4\x96\xf8\x9c\x1exP\
7=\xe0r\x81\xc7\xfa\xa1,\x86\xb1\xf8\xcd\xd6\xcf\x9e\
\x8f\xd1\x16\x1dS1k\xcb\x9b\xd1\xbf\x01A~\xe4\x0c\
\xf0\xfd\x9e\x9c\xce\x0b\x17$\xc9?\xc8\x95\x19\xd2,\xe9\
\x87\xf8\x01WJg\xd2\x7f\x0bB\x9f\xef\xf6\xef\xe5<\
\xfe_>C\xbc\xd4\xed\xdf\xfb\xe9\xff\x7f\xb4\xdfI\xa4\
\xe4\xa6{g\x00\x00\x00\x00IEND\xaeB`\x82\
\x89PNG\x0d\x0a\x1a\x0a\x00\x00\x00\x0dIHDR\
\x00\x00\x01\x00\x00\x00\x01\x00\x08\x06\x00\x00\x00\x5cr\xa8\
f\x00\x01\x00\x00IDATx\x9c\xdc\xfd\x07\xbc%\
Wu&\x8a\x7fUu\xf2\xcd\xb7s\x92\xba\x15Z9\
\x07$\x10\x92\x90\x00Id\x11L0\x06\x1b\x1b\xf08\
\xdb\xe3\xf1\x8c\x9f\xed\x99\xf1\xbc\xf1\xcc\xb3\xc7~\x0e\xd8\
\x08'\x9c\xc0\xc6\xc6\xc6\x80\x88\x06\x11\x14P\x0e\xad\xd4\
\xea\x9c\xbbo\xdf\x9cN>U\xf5\xff\xad\xb5\xf6\xda{\
W\xdd\xdb\xad\x96\x10\x98\xf7?\xd2\xe9{B\x9d\xaa]\
{\xef\xb5\xd6\xb7r\x00 \xc5)<\x82 @\x9a\x9e\
\xd2\xa1/\xc9#8\xd5\x81}\x9f.\x18\x04\xc0Ky\
\xfb/\xf6\xfeN\xb4\x0eA\xee\xc4\xa9w\x8d\xcc\xb5\x02\
 \xd07\xe6\x5c\xee8\xf3e\xee\xf7'\x9b\x0b\x1a\x8f\
\xfe@\x7fC\x8f\xe5~\xff}_\xd3S|\x04/j\
\x5c/\xecW\xde4\xbd$\x0f\xff\xea\xcb\x8d\xe4TG\
w\xcaw\xf1\x92\x9f\xf0\x07hC\xfc\xa0\x8c\x03'\x22\
\xdaSdJ\x96\x09\x9c\xe4\x1c'\xfbL7\xa9\xfe~\
\xb9\xdf\x9c\xca\xf82\xc7\x987\xa74\xc7|\x03/\x8c\
\xd3\x9e\xf2y\x7fP\x16\xf8E<N\xc6T\x7f`i\
\xf0{q\xe2\x97\xe4\x9c\xcb\x9c\xe4\x85\x10\xddwq\x99\
\x17\xf4\xfdKq}}\xf8\xc4\xbd\xacD\xf7\x8e;\xd9\
\xd8\x96\x93\xe8/\x94\xe1|?i\xf1T\x98\xd4\xa9<\
^\xe8\xfe\xf8A\xe17\xf9u\xfd~\xd2\xd4\xf7\xf5\xf1\
\xdd\x5c\xff\xc5C\xf1\x97V%x)\x1e'\x22\xb6\xbc\
\x04_\xee\xb1\x1ca\xa7\xa7\xc0 Nv\xbe<\x83x\
)\x1e'\xba\xa7\x17z\xfeS\xfd}p\x8a\xcc\x10\xdf\
\xc7=\xf4\x92\x5c\xdb\x9c#\xfcnN\xa0\x8f\x1f0:\
x\xc1\x8f\x13m\xe2\x93=h\xe1^\xcc\xef\x82\xdcs\
\xb9q\xe4\xff\xfa\xbf\xcb\x9f\xc3?N\x09#\xff\xbb%\
\xbf\xa7\x9d\xc7\x90\xc0;\x8e>\xf26F\x9e\x80Ot\
\x1f'\xfa\xf0D\xf7v\xd2\xdf\x9f\xe0\xbe\x96\xfb\xdc\xdf\
s\xa7*\x95\xfd\xc7\x0b\xfd\xfd\x0by\x04\xa7\xf8\xc5\xbf\
\xb7\x00\xf1\xd7\xfb\xff\xd3\x8f\x17\x0b\xcdN\x06\x91\xf2\x92\
\xe6\xa4\x8b\xfaR\xcc`\xee<,\x1d\xfc1\xa6'0\
\xc2\xf97\xc2\x07\xba\xf7\xcc\xa4\xf2\x9b\xce\xfcc?\xcf\
\x1d\xef\x1b\x09I\x7f_\x8ep\xf8{\xef\x0bk@4\
7`\x99\xa3\x19\xa7^\xcb\xde\xc3w+~O\xf6\xc8\
-\xdcrkwB\x04\x11x\x07|\x1f\x87\xfab\x1f\
/%\x12\xf8\xf7?\xc9\xf7\x01n/\x07]OD\xe4\
,%\xd3\xf4\x84V\xf0%\x04\x13\x9c\x98\xc8\x94\x08|\
\xc28\xe9\xe3\xf9vm\xb0\xcc\xbdx\x1f\x9cH\x0dP\
\x82\xcc\x0c!G\x9c\x99\xcb\xe6\xcei\xbf{>x\xe0\
\xfd>\xb3n\x19\x8e\xb6\xdc\x00O0\x17\xfe\xdb\xdc|\
/1\x82\xe6\x18\xe7\x92\xd3\x9c\xc0 \x91>\x9f@\xf0\
\x18J\xee\xa7\xcb\xbe\xff\xff\xcac\xd9q\xbf\x90\x9b9\
\xd1D\xbcX\xa9\xfc\xdd0\x81\x93\x1d\xb3\xec\xc6\xceQ\
\x11I1u\x8b\x9dhC*1\x9fL7<\xe9=\
-w\xde\xe7\x9b\x00\xef\x84K\xc6v\x82\x8be\x98\x83\
\xb9W{\xcb\x1e\x13\xe1{6G?\xefZ<\x9f\xe2\
\xff<7p\xd2\xf5\xf3\xd1\xc2I\xee'\xc3XO\xe1\
\x9a\xcb\x9e\xc8\xa3\xf4\xf4\x04?KO\x84\xcc\xf2\xe3\xfd\
\x1e\xd87\xbe\x9b\x13\xd8\xf5=\xc1\xf9\xf3\xcb\xf8}g\
\x5c\xdf\x0b\xc4\xfcB$\xbb\xbe\xf1'*\x0f\x93\x9fo\
\x7fg\xe0\xf3\x89\xce}\xaat\xe2#\x83\x13I\xf5e\
\xb8\xec\xf3\xf1\x91e\xe7\xd9'\xb0\x93I\xdce\xc4\xe7\
r\xea\x00\x96a(|\xf8rz\x96\xf9|\xd9)\xcb\
\x0dv\xc9-/\x87\x16\x9e\x87\x19Y\xd4\x95SY\x96\
#\x8e\xd4Sy\xfc\x01,GL\x99[\xcb3\x8be\
\xee\xe5\x07\xfdq\xca\xc3}A\xa8\xe0{d!\xcf\xac\
\xfb\x09 \xaf\x7f\xac\xfe O\xe0\xcb\x1ek^\x04\xa7\
z\x9cJU\x0f\xde\xdbq-\xc7\x9d\x96\x91\xe2\xf99\
\xcd\xc3Y\xdf\x0e\xc0\x7f\xed\xfd\xe4$\xaa7\x80SA\
_\xcb\x01\x88\x13\xc3\xdf\xe5\xcf\x96\xb7C\xa4'\xe3\xca\
\xf9s\x9f\xe0\x98\xfc8\x960\x14\x7f\xe0Jx\x1e\xd3\
]\xee\xa1\xcc\xe9DcI\xbd\x8b-\xbbg\xd5\x8ep\
\x82\xef\xbf\xd7\xb4\xfe\xbdV5^\x0a\xd4\xf1\xef\xca\xf0\
2\x1b8Gd6J-?\xd0e\x08\x9d\x03\xe0r\
\xc6\xf1`\x19\xd8\xff|L\x22\xf3\xc3e\x88\x0d\x0a\xb9\
\xf5d'\xe1\x94>\xdcw\xcc'p\xe3R\xe8\x9e\x06\
HN\xb4\x0ai\xce\xa6\x91\x1b\xbfU\x01\xf2\xba\xb5\xf7\
[\xbd~\x9acD\xa7\xf4X\xee\x9c\xcbH\xce\x13\x9d\
\xf2\xf9\x04\x89]\xd2\x1cJ\x91\xf3\x19F\xa9k\x98\xfb\
M\xfe>3H\xc0\x13.K\x8c\xa9\xb9\xb1\xff \x0b\
\xfc\x13\xcd\xeb\x89\xc0\xe5\xbf\xef\xa8^\xc4ayx\xaf\
\x02\xd8~t\x02\xdc\x9a?\xce?\x19\x11E\x10\xc8\xc6\
qa\xb3\xdeo\xf48\xf3F\xde.g0T\x92_\
z3\xcbA~:C\x9e\xbc-\xe31D\xec\xe8)\
K>\x02\xaf\xd3,\xec\xb5\xc4\x1dd\x0d\x95\x1e\xd5\xf8\
\x80\xc5\x7f\xad\x84\xe1~\xa6\xf0c\xe9\xce9\xb1\xd0_\
\xfaIz2q\x9fC\x03\xf6\xb5\x8f\xaet\xa6\xfcc\
O\xc4\xd8\xbd\xf3+!/'\xd1S\xef\x82\xfa:\xc9\
\x9f;7\xae%h\xe6\x07\x84\x11\x9c\x0a\xfa\xfb^\x22\
\x8a\xef\xf9\xe3\x04\xf4l_\xe4\xa13\x7f\x1c\x9c\x00\x15\
\x18\xf9g\xa5\xaa\xdd@\xde\xb6\xe7\xc3\x0da\x12\xc1\xe4\
\xcee\x09\xc7\xc6\xe8{P\xdc\x1b\x84\x5c\xd7\xc7\xa4\xe6\
(o\xb0Y\xdaJ3R-3>\xfd\xcdr\xb4\xe3\
\x89+6h\xfac\xcc\xdc\xb9|j\x81\x88\xcfX|\
\x82\xf1&\xd8\xcd\xbd0\x16~\xcf\xc7.\xb7\xadtt\
\xcb1\x8b\xe7\x91Ki\x8e\xa5\xe6P\x84Y\x92e\x89\
\xd0\xce\xa3\xce\x95\xde\x0b\xbdN\xbc\xd7\xde#5\xc6_\
\xff|I\x0e\x15\xe8et\xf9\xf2\x0cH\xaf\xe93\xcd\
\x93I\xde\x13\x7f\xf0\xbd}\xfc\xbb1\x80\xef\xf6B\x19\
\xa8\x8f\x93H\xe5\x1c\xc1g>3\x96~^rs\x90\
~\xb7\x9c!p\xc9g\xe68\xf9.\xcb$\xc4\x83\x00\
'\x9d\x96H#'\xdb\xb32\xd3?\xc4\xcd\x90J\x22\
K\xf8Fl\xb9\x8d\x96\xdff\x0e\xee:&\xa1\x0c\xc0\
\xed\xda\xd0\x9f\x1c_\xf4\xe5\xee>C\x10\x06Yd\xb1\
\xbc\xb9\x9a\x0e\xc8P\x81\xce\xaf\x10\xa8a\x9a\xcb\xb0m\
\x8bX\x96e\xe9\xe6\xdc\x9eU\xee\xc4\xfaw\xd6]\xbb\
\x14\x01\x08\xabc\xe6l$\xfb\x12\xa9\x9ef\x11\x8f\xcf\
\xfc2\x8c\xc0g&9\x94\xe4\xbf\xcf\xa0\xa8\x7f\xa7\xc7\
\xa9\xd2\xdbK\xce\x00\xacDI_\xba\x0b-G\xf4\xfa\
\xb9/\xeduosxc\x10 \xf4\x19\x81G\xbc\xba\
)\xadQ-\x94\x8d+\xdf{\x84E\xe7\xd0m\xa6\xbf\
\xcfA\xf2%7\xe7\x0b\xad\x8c\xdd`\xb9\xedn\x98Q\
\xee~\xf3\xf3\xe4\xbb\x1d3p<s\xb4\xaf\x1e,?\
\x81\xc2\x03\xf5\xde\x96\xbb\x98A/\xcb\xf1\x96\xcc!\x9e\
\xebP\xcfm\x09^N\xe0K\xcb%\xf7\x97\x17\xec\xcb\
l\x8e\xc4\x8aZwa\x9d\xbf%\xfbHyE\x06\x12\
\xb81\xda\xeb\xa9dWI\x9d\x0a\x83b\x06\xe0\x1d\xa3\
c\xcf\xbc\xce\x7f\xa6\xd7UbON\xe0\x1a\xfc>\x87\
\x8c\xbf\x10:\xcb\xa3\xc2\x97n\x10\xcbY\x88_\xe89\
ro\xf2\xc16~\xe8j\xe6=\x13\xa9!f\x96\x98\
\x22\xbd\xf2\xdf\xcbv\x95\xe3\x88QHxl\xba\xf4\x9c\
\x19\x82\xf7\xcf\xe3\x88Y%wf\xf1\x8d4t*F\
\xf6\x06\x96\xc20\x1f\xe7j,\x82\x1b\x93\x85\xeb\xde\x19\
\x96\xd2\xa59\xe6\x04\x9c\xc02,\xff\xea\xf9\x852\xe9\
\xc0>\x9b5w\xe7F\xaa?9\x09qg\x7f\x91\xfd\
D\xd3\x99\xb3\x0c1\xcb\xc82AX\xd9\xa9\xb1\x14\x9f\
f\xa2\xab<i\xbc\x8cT\xa6\xbfD\xfc\x82,\x0c\xf1\
#K\xe0\x02\xfd\x15\xbd\x00I\xb2\x94\xf0\x99\x81\xe4T\
\x04\x1f5XP\x95\x1f\xd3\xd2\x99\xff\xbe<\x9e\xcf#\
\xf7}\xd6@N\xfd\xe2>\xd1e>\xf7\x08\xdfBw\
\xf3Yh\x09^>\x10\xc2\x96\xcfC{\x8c\x1c\xaf\xef\
\x830\xb0\x7fE\xda\x1b\x86\xa1\x88\xc0g$\xe6\x9a\xca\
0\xf8\xb5A\x0f\xf6N2P\xdf\xdd\x8b3\x01\xb8\x0d\
\xee\x8b\xbf\xfc\x5c8\xe4\xe0\xcfC\x96\xe4\xedgf\xd7\
\xa9\xbeo\x8d~\x86\xf9\xf8Dn\xf7\xe52\x015\xa1\
\x91\x86\xde%<K\xba\xc3\x1e\xca\xae\xec\x9d+A\xbb\
r\x02\x1e@w\x92\xd8\x9d3;\x06!\xc6,\xfa\xd0\
_yf\x15>\xd8\xd6B0\xc4\xec\x83\x14\xab\xcb\xeb\
x\x0c\xa1\xcb)\x9c\xa4W\x22N-S0\xc4\x9e{\
m\x99\x81\xaa\x0e\x89\xf7\x1b\xff\xf7\xde{{\x9b\x1ej\
\xc8\x13a\xfa\x12Q\xe0KA\xbc\x05\xfc;<\x96E\
\x9f\xdew\x19\x01\xe4=\x14\xd2+a;B\x0d\x10\x86\
i\x06\xfa\xd3g\x11\xffM\x99H\xe93}\xf2\xf1\xca\
\x1c\x88\xf0\xf5{\xd0k\x0f\x15\xd0w\x96\xa9\x84Y\xc6\
\xc3\xc7\x05\x88\x88\x01\x18\xd8\x9b\x91\xca\x99(\x11\xd2\xbd\
\xe5\xe3$\x89=\xfd\xda\xc1h\x81\x91\xee\xbd\xaf\xe6X\
\xa2\xf0\x11\x88/a}*\xf0y\x91\x8f;x\x13:\
\xa6A\x7f\xc4\xd2mpJ\x90\xb8\x9f\xd3\x86O\x0c\x01\
&\xcb\xa8\x22\x1e\xb4W\x02\x12\xa9\xba\x94i-'\x81\
\xfc\xe3|>\xc5\x92\xd5\xbffp\x02\xa9\xea\xa3\x01u\
\xd1\x06\xe4\x0a\xd5\xc3$\xc7M\xed\x10\x96\x18\x13\xa0\x97\
\x18\xf5\x82\x5c\xa7i\x8a8\x91\xa7\xdc\xb3c\x00t_\
\xfcL\xe88\x99\xbb\xc4\x8cG\xbes\xcc\xc8\xa0\xff\x0c\
\x0a\xc8\x04\x5c\xe5\x8c\x84\x99}~\x22m\xec\x04\x8f\xe5\
\x94?oJN*POJo/\xe4q\xc2\x93\xf9\
{\xfeE>\xfcy\xcb\xfb\xdeER\xe7\x88\x98\x18B\
\x86\xc0\x9d\xe4&\xe2\xa4\xef\x0a\xa1\x10j\xe8\x7fV\x08\
\xe5\xf3H\x89<\x10\x02Lc\x04i\xcc\xcbJ\xdb\x88\
\x99\x81\x19\x03\xfd\x8e~_\x88\x80\xa8 \x7fCz\x86\
@\xa9@\xafCf\x14t\xbe(\x8a\x10\x84\x05\x91d\
\xc6\x18G\xcc\x85x.m*\xda(\x05:\x09\xb1\x1d\
\x1e\x9f1\x22\x06\x91\xb9\x07\xe1,!\x9d\x9c\x8cw<\
n9\xd6\xaa |\x0c]\xd3Q\x86H-_\x92\xbb\
\xd0f:\x9c\xd7'I\xe4\x89\xd8\xecXzm\xc6i\
\xa4*1\x00VE\x98A\xca=\xd1 \xc2B\x84 \
\x8a\xf8<q,\xbb\x97\x99\x05\x1do%\xb70\x1a\xba\
]\xf5\x8c\x84bh\xe1\xeb\xc6\x89CX:0E\x16\
t.z\xc6Dm\x06M\xf1\xe8\xcc5D\xea\xa6\xe8\
\xc5\x09\xe28a\x86\x9a\xf4bt\xbb=\xf4z1\xe2\
8F\xdc\xeb\xa1\x17\xc7\xe8\xf6\xe8\x18 \xa1\xa7%\x5c\
\x8f@\x83\x90\xd5\x888\x0e\x90\xc4\xca\x0c \x7fS\xa0\
G\xbf\xe3\xd7\x81\x8c\xcb0\x0d\xc7\x18h\xacY$\xe0\
\xa3\x0b\x8b`r\xaaHNCx\xc9\x1f/\x84\xd8\xbf\
+\x14\xf1|\x10\xfe\x85\x9cx\x09\xc7\xf4tv&>\
\x0b\xbf\x9d\xc4\xb6Dn\x98\x81%p%\xd6H\x08\xab\
\x18\x09\x81\x16\x0c\x81\x06)\x11w\x8fH\x11\xa5\x22P\
\xab\x00\xfd5\xa0\xbf\x1f\x18\x1a\xa1g\x0d\x83\x83}\xe8\
\x1b\x1c@m`\x18\xd5Z\x1fj\xb5**\xd5\x1a?\
K\x95*\x8a\xc5~\x14\x8a\xfd\x88\xa2\x12\xc2\xa8\x88R\
\xa9l\x88^\x08R\x88?2&I\xde\xf9\xe6s\xda\
\xc8-~F|,\xc9\x8f\x1e\xffN\xf4\xfd\xd8\x88M\
\xa2\x92X\x88\x9c\x09\x8a\x98@\x880$\xa6!\x0c\x81\
\xaf\x11\xd0{\x92\xdeF\xbf&\xc2\xb6\x10\xd8\x89H\x92\
\x8f\xc2\x8c\x84\x22\x88p\xe8Z\xfc\x19\xedb\x22>\x22\
\x98\x9e\x8c\x93vr\xc0\x8c\x87\xeeI\x18d\x10FH\
\xa3\x00\x01Or\x0a\x841\x7f/\x97#\xa6IL\x8c\
(\x82^\xab(%\x86J\xa7\xa7\xd9\xa6\xf1\xc5|=\
:\xb7\xa8,\x11\x90\x98\xact\x96\xc4Fz\xf3\xb8\x0b\
\x969\xb0\x046\xa7\xa5c\x88\xb0\x995\x04\x01z\xdd\
\x18q\xb7\xcb\xc4\xdf\xe9\xc4h\xb5\xbah\xb5z\xfc\x5c\
l\xb4\xb1\xb0\xd0\xc4\xfc\xfc\x22\xa6&\xe713\xbd\x88\
\xb9\xb9y\xcc\xce.bn~\x11\x8b\xf5\x04\xed\x0e\x98\
\xe0\x99\x17\x11o\x0b\x0a\xe8\xc6\x01:\xddD\x98\x88\x22\
\x07\xc3\x98\x88\xc8-\xb3\x10\xfei\x91\x8b\xcfd\x96\xf3\
.\xe8\x1e\xb7\xaf}\x0d\xe7\xdf\xc3F\xf0\xbd\xb8\xe6\x0b\
\x824\xde\xc1\x19\x8b\xbe9Q^\x8fg\xc8\xee\x11:\
\xfd%\x22\x97\xefR\x14\x22!x~\x16\x88\x01D\x08\
i#\xa7\x1d\x94\x0b\xc0\xe8 \xb0~=p\xda\x96~\
l\xdc\xbc\x09\xebO\xdf\x82u\x1b\xcf\xc5\xca\xd5g\xa2\
\x7fh5*}+\x81\xf2(\x802\x80\xa2\x01x=\
\xb3\xc1{@\xd25X\x91\x08\xa9\x07\xa4\xf4T1\x10\
\x03q/\xc7\xe6\x1d\x03\xe0\xdf\xf2\xf1D\xe4\x1d\xe3\x98\
&i\xdc\x16\x22'\xa2b%\x9a\xae%(\x84\x9f,\
\xc2\xf43#+{\x1d9\x8ew\x19\x11U\xcfSA\
\x8c\x1el\xf5|\x833{\x1df\x00\xc2l%v0\
oZ\xe0\xdf\xf1B(\xd1\x9b\xcfc=\xaf\x193\x91\
3\xdf\x87\xa8B`\x15\xc2\xe7\xda4\xdc\x9eA\x06\xb4\
8\xc4\xa8\x14\x22\x12\x93\x22\xda6p\x8c\xe6\x88\xee\x9b\
\x88=\xa49\xa7\xeb\xc7\x06\xda\x99g`\xe0\x96\x05;\
\xcc\xe1\xe5\xc9\xbf\x17\xf4\x04\xfa=]\x8b\xfe\x12D\x0b\
\xcc\x93\x8eI\x8a@\xaf\x80\xb8\xd7\xc1\xe2B\x03\xd3\x13\
s\x18;2\x81\xa3\x07\x8e\xe1\xc0\x9e\xa38|\xe00\
\x8e\x1d\x19\xc3\xf8T\x07\x0dZ*^\xba\x90\x99A\xab\
\x93\xa0K\xcbKD\x1f\x13C\x10f\xe03\x02g;\
P& (AU\x1b_M\x92\xb9\xce\xd2\xc2\x0bU\
\x01^\x8a\xc7w}\xbe\x17\x83\x02\xfc\xcf\x973\xf6\xf9\
\x06>_\x9f'\xe2\xe7\xbfQ\xcaD\xcf\xc4\xae\xfb \
\x14\xa2/\x97\x02\x94\x0a\x11\xeb\xf3Q\xd2\xc2`\x0d8\
m#p\xfe\xc5\xabp\xc1%\x97a\xeb%\xaf\xc4\xba\
\xd3/G\xa1o\x0b\x80~\x00-\xa0\xd5\x04\x1as\x88\
[\x93\xe85&\xd1k- n/ \xee\xd6\xd1\xeb\
4\x10w;,\xb5\x14\xf2\xa9\xf2\x99\xf1\x94\x1b\x09!\
\xabl\x8c\x90\xd6\x9eA0^t\xc6\x98$_J\x92\
\xdf)\xff\x09\xff\x98\xa4\xa9\xc0m%27\x1fF\xcc\
\x10\xa1\x93\xd4\x8b\x89i\x18\xe9\xcd\x17wp\xddI\x15\
\x1d\x9b\xd9\x95|!\x15\xa1z\x84\x04\x1b9;\xbfA\
\x0b\xea\x15\xf1\x03\x9b\x8c\x1e\xac\xaa\x90\xa2\x0cAj\x82\
:\x9c1\xd4\x18\xcfX\xa2k\xcc\x85\xd6\x9e\xf1\xc4\x9e\
\xeaVf\xb1Y\xc5Q\xd5N\xd5\x1d5\xb8\x1a\x9b\x8b\
E\x83\x84D\xcc\x9e\x11\xd4E\x9f\xc9_>u!D\
\x18E\xa2\xb2\xd0\xebB\x01Q\xb1\x84\xb0\xda\x87\xb0\xd2\
\x0fTj@u\x00\xa8T\x01\x0c\x00\xa8!nu1\
yt\x02\xbb\xb7\x1f\xc2\xd3\x8f>\x8d\xe7\x9e|\x0a\xfb\
\xf6\x1e\xc4\xd4,@\xec:\x0d\x22V\x0bZ\xdd\x04\x9d\
^\xc0\xaf{\xac:\x18\xc6@\xeb\x9bS7\xf2\x06\xc3\
\x8c\x8a\xfc\x03\x10R\x9c\xa1\xd1\xe7\xe3\x06\xcf\xe7Rx\
1\x17\xd7\xf3.K\xfc,\xe5CO\xe2+\xe1\x93\x0e\
\x1f\xa0\x14\x11\xb1\x0b\xbc\xaf\x94B\x14\x0b!\x82\xa4\x87\
\x81J\x0fgo\x06^v\xedf\x5c~\xfd\x1bq\xc6\
\x85\xb7\xa0<x\xbe\xd8<\x17&\xd0\x9a\xdc\x83\xf6\xec\
>t\x16\x8f\xa2\xd3\x98E\xaf\xdbE\xaf'\x1c\xbd\xc7\
\x0bK:\xa1\xc0\xbc^W\xf4A\xb2&\x93\xce\x1b3\
\x07p\xfa\xab\x9a\xfeh\xb3\xd3\xf1\xd6\x08i\xa4\xa9\x10\
\xb3%\x0b\x03\x16dW(DO\x08\xb6\xc7\x04\x95\x13\
\xb6#\xd0o\x12V\x94E'\x17\xe8.0\x9d\xcfI\
\x10\x9a\x11\x83\x91\xf7\xccT\x0cqZc\x89P\xad\xe8\
\xfa\x9e~\xcf\xbb\x90\x95p\x8b\x12\xd4#\xa1h\xcb\xd2\
\xa4\x9c\xdcZ\xd6\xe5\x96\x85\x10=\xdb\xba\x95l\xd6\xb8\
i_K\xe0Qd\xdc\x99\xcc\x10\x0c\x9a\xf3u=~\
o\x8d\x87\x81e\xf4b\xf5W0\xe5\x0c\xac\x8a\xfed\
\xdcb`\x15\xe6i\xcc\x7fj\xf856\x9e\x82\xda}\
H%4\xc8\xb0P*\xa2X-\xa1X\xad\xa0\xd8\xd7\
\x87hp\x18\xc5\xa1\x95\xc0\xe8J\xa0\xb2\x16\xc0(z\
\xed\x04{\x9e\xde\x81\x87\xbf\xf5m<p\xf7\xfd\xd8\xbd\
{\x0a\xf3\x0d \x89Bt\x13B\x05\xa90\x82^\xca\
\x88\xa0\xd7\x03\xba\x06\x118\x06@{C\xec\x18\xbe[\
\xd1L\x93}\xe4\xbd\x08\xdf3\xbd\xfd\x85\x9c\xeb{\xa5\
\x938Ky\xd6\xd8\x1f,1\xea\xc9\x821\x03\x08T\
\xd2\x1b\xc2/\x06\xa8\x96R\xd4\xca\xf4\xba\x88(mc\
\xcd\x8a\x04\xd7\x5c=\x84\x1bo}\x13.\xb8\xfa\x9d(\
\x0e]\x0a\xb4\xeah\x8f=\x8e\xe6\xd86\xd4g\x0f\xa3\
U_D\xab\x9d\xa2\xd3\x8d\xd0\x89#t\xe3\x10I\x1a\
\x1a\xa3\x8e\xe8w\xb4\x98\xac\x0f\xd3\xdfX\xa4\x19C>\
6:\x19\x1d\xdb\xd3\xf5\xe83\xd1\x0f\x85\xfd[\xc2g\
\xad\x80\xe09\x19\x8e\x8c\xf5\xdf\x10\xa5\xce\xae\x86\xb7(\
\x81\x09c1;\x85`\xb6\x81\xebb\x13\xf0\xddn\x86\
!\x18\xc3\x98\x10\x880&!J%|=\xb7\x91\xd8\
l?P\xc2\x12(.F:C\x8f\x8a\xa6Yk\xa1\
q\xab#Pl\x03J\xbc\xd6\xddf\xa0\xbfnl]\
7>\xab\xda=\x0c\x22\xa0s)\xa2\xb3\x08\xd00R\
6|\x9ak\xcb{\xf1\xb4\xc8\xb5\x1cCs\xaeWc\
\xefWdh\xbc9\x84\x06\xf4\xb7VM4\xb6 \xf1\
\xd8\x08s`\xbbP1@\xb9\x1c\xa2Z\x8aP&\x01\
R\x0aQ\xe9+\xa3<:\x84\xd2\xca\xd5\x88V\x9d\x06\
\x0c\xad\x07\xb0\x1a\x9d:\xf0\xdc\x83\x0f\xe2\x9b_\xf8\x1c\
\xbeu\xf7\xb3\x18\x9f\x11\xc4\xd1\xee\x05h\xb4Rtb\
\xa0\xdbK\xd1\x8d\xe9\x190\x1aPo\x023\x04e\x0a\
\x0e\xb0\xc9\x1c\xe5T\x81\xff\xbf\xb1\x01\x9cL-\xf0\xa9\
\xde\x0a\xacet}\xd1\xef\x8d\xe5\xdd\x18\xf5\x18\xe6\x17\
\x81\x81j\x80j\xb9\x80R\xd0\xc6\x86\x95)nz\xf5\
ix\xcd\xdb?\x84\xf5\xe7\xbe\x9b\xf5\xbc\xd6\x81\xfb\xb1\
p\xe4;X\x9c:\x88\xfab\x1b\x8dv\x11\xadN\x11\
]\xe2\xd2F\x97c\xc2\x87@96\xf4\xc4\xc4\xc5\xc9\
z\x1c\xf3_&v3B\xfeKz1\xd9\x14\x222\
\xbe\x895\x5c-\xf1n\x11\xe9\xb5\x18\xed\xf4A\x84 \
\x84\xaa\xd2\x5c\xad\xf4YL\xa8\xa8X\x99\x87Jn\x1a\
\xa5Hb\xd5\xbf\x15Z{0\xdb\xfc\xc2\x12\xab\x91\xc0\
\x82ND]p).\xcaH\x8cz`# \xbd\x10\
i\x03\xf7\x84\xc8\x95y8\xe9/\xd06Y\xb2\xa0\x16\
\xfd\xc8L\xb8\xfa\x83jd\xb3\xcc%\x11\xaf\x82\xc5\xf1\
\xe2\xd5\xf0=?r>\x8f\xd9\xb0\xcdAT\x0e2b\
\x12U\xb1[\x95\x11\x1113b\xda=\x04\xcc`e\
\xae\x085\xd2^*\x14\x22DQ(\x8c\x80\x91c\x80\
b\xd1\xd8\x8b\x0a\xb4\xb7B~_.\x86\xe8\xaf\x161\
\xd0_Dm\xa0\x8c\xf2`\x0d\x85U+Q\xd8p\x11\
\xd0\x7f\x0d\x80*\x8e<\xf1\x0d|\xf9\xd3\x9f\xc0]\xdf\
|\x0a\x87'E5hv\x80\x06\x09\x96\x1e=u\x8f\
\x19\xa3\xa1\xf1,Xfp\x92\xd0c\xdd\x07/\x94\xae\
^\xec#\xef\x9e|a?~\x11*\x81\xef\xd6[N\
\xdfW+\xbf#|]$\xf9[-\x01\xb5j\x01\xe5\
(\xc5\x965\x1d\xdcr\xebi\xb8\xf9\xf6_\xc4\xea\xad\
\xef\x02\x1a3X\xd8u'\xe6\x0e>\x80\x85\xb9:\xe6\
\x1b%\xd4[\x05\xb4\xba\x01/\x08\x11?\xc14\xd5\xd7\
z\xbd\x84\xddEL\xfc)\xe9\x8b\x15\x14\xca5\x14J\
U\x94*}(U\x06P,UQ,\x95P(\x16\
\xc5E\xc7~?b\x00\xee\x0e\x14\x05(Q[\x89o\
\x14@\xd2\xf1\xc5\xfa\xad\xfa\xb1\x0f\xc9i\xd3\x1a\x0f6\
K\xc9\x98u|\xfe\x0d[\xbec\xde\xc4l\x7f\x88{\
\xfc\xde\x1a\xf0l\xd0\x91\x12\x88c\x12\x8e\xd1\x08\xe1\x8b\
\xeb\xafg\xd4\x105\xc4\x89\xef_\x08\xdfG\x07&\x1e\
\xc2\xb8\x1cE\x10\x1b\xc4\x22@\xc4\x8b\xe57\xee=e\
$\xd6/\xaf6\x1b\xe3\xae41\x15\x12\xbd\xa7*\x8c\
\xea\xfc\xe6oD^\x0ey\xea\x06S\xd4\xa1(@$\
\xbdA0\xcc\xe4\x84\xa2\x84\xc9\x92\xdb\xaf\x87\xa4\xd7E\
\x1aw\xd0\xeb\xb6\xd1\xed4\xd1\xeb\xb6\xd0\xeb6\x11\xf3\
\xeb&\x92^\x0b\x11bV%\x8b\x85\x08\x85(B\xb1\
\x182\x22\xa0'\xa9\x93\x95r\x84j9D\xad\x12a\
\xa0\xbf\x84\x81\xd1*\xca\xab\x07\x11\xae;\x1f\xd1\xea\xd7\
\x00X\x85\xa3\x8f|\x01\x9f\xfe\x9b\x8f\xe1k\xf7\x1c\xc0\
\x5c\x93Pb\x84\xc5V\x82v\x17\xc2\x042\x8c@\x0c\
\x85\xbe\x8d \xc3\x04N`\x0fx1\xee\xc2\x17B\x97\
\xdfs\xcfC.\x10\xcd~\xe6\xffe\xc8\x0f_\xea\xd3\
_\xb2\xe8\x03\xc5\x90\xb82-\x0a\xd0_\xa5\x0dU\xc0\
H\xad\x85\xd7\xdf\x5c\xc3\xdb>\xf0\x1f\xb1\xe6\xfc\xff\x00\
\xcc\x1f\xc3\xdcs\xff\x8a\xb9\xc3Obf\xae\x83\xb9V\
\x19\xcdf\x8aF\x9b\x16\x83dC\x81\x17\xa4\xd9\xea\xa2\
\xdd\xee0W.\xd7\x06P\x1b\x1c\xc5\xc0\xf0j\xf4\x0d\
\xadB\xa5\x7f\x04\xa5*\xb9\xf6\xc8\xfa/\x1bL\xa0}\
\x0f1#\x82\xae\xbcg\x86a\xd0\x01\x7fo\x88\x957\
\x9fQ\x11\x8cTb\xff\xb8!4\x81\xfd\xa2\x0b\xaa\xef\
]\xfc\xe7\xee\xf7\xd6\x1e`\x88Y\xafA\x92O\x0c\x90\
*\xed\xe8\xe1#\x8c\xd4\x19\x07\x0d\x13P\x7f\xbc5X\
\xea5\x8c*\x22\x0c\xc0\xd8\x184\xaa\xd1\xacEv\xfd\
\x8c\xf1\xcd\xda,\x8d\xc2a\x8d\x80\xbeI\xdb \x04\xce\
\x9aT$\xe7\x11\xb3\xd9\x04\xcaO$\xc6A$\x900\
~\x83\x00X\x1d\x10\xf7\x9f\x1e#v\x09\x17\xb5\xa9\x88\
A\xbcBQ\x86d\xe8\xb7\xe4b\x95s\xd2\x93\x90\x9a\
q%&=\xf4:ut\xdb\x8bh7f\xd1m\xcc\
\xa0\xdd\x98G\xdak\xb0A\xb9R)\xa2V.\x09:\
(\xa4\x8c6k\xd5\x08\xfd}%\x0c\xd6\x0a\x18\x1a\x8e\
P]7\x8c\xf0\xf4\x97!Zy+K\x94mw~\
\x1c\x1f\xff\xcb\xbf\xc7\xb6\x9d-\xa4\x85\x10\x8d6\xb0\xd8\
\x84a\x04\xa4\x12H\xccDO\x99\x80\xef.\xcc\xab\x03\
\xd9\xa5}a\x84\x7f\x8a\xbf\xc9\x1b\xe1\xbf\xe7j\x87\xaf\
\xf3\xabk\xca\xf7\xf3[\xa9o\xf4\xb5\x82q\xe7\x11L\
#\xe2\xef+\xa7\x18\xe8+ \x0ab\x5czV\x0f?\
\xfa\xc1\xd7\xe2\xd2\xd7\xff>\xd0,av\xdb\xc71}\
\xe0QL\xcfE\x98]\x0cQo\xa7l\xa0\xe9\xf4T\
?\x8b\xd1n\xf7\xd8\xb7[\x1b\x5c\x81\x15\xeb\xce\xc0\xca\
\x0dgbh\xc5\x1a\x94\xab\x03\xbc\x89z\xbd\x1e\xba\xdd\
6:\xed\x16:\x9d\x0e\x13;\x05\x93HPI\xcc\x06\
9\x0e81\x12\x95>g\x08\xcaR\xd91\x01\xfe<\
v\x84\xcc\xbfQ\xa3\x9b\xe7\x9bgref\xa2\x04\xaf\
\x10\xdf\x93\xce|\x0c\x11\xabA\x02\xcc,T\xfa\x1b\xa8\
\xafF>sL\xc6j\xcf\xea\x8bQ\x19\xac\x17@\xe2\
\x00\x94Ah|\x00\x13\x1e\x7f\xa6\xae\x0bC\xcc\xbal\
~h\xa2\x86\xe0\xa6\xf9\x00'\xc7(TWW\xeb=\
\x91\xb25.Z\xe4\xe2\x19\xfelh\xb5\x0br\xa2\x07\
!\x02\xe2\x22\xf4\x1f\x1b\x12\xedx\xe0\x02\xa5lx\xa2\
\xf3e\xb8\x08N\x15*\xc4(\x22D\xe4\x09\xa0gT\
`DW,\x14\x18]\xc5\xdd\x16\xba\xcdi4\xe6\xc7\
\xd1^\x98@\xdc\x9aa\x17g\xb9T@\xb5R@\xb5\
\x1c\xa0L\xc8\xb3L\x8c\xa0\x88\xa1\xfe\x12F\x88\x11l\
\x5c\x85\xe0\xcc\xd7\x22\x1c\xb8\x11\xcdC\x8f\xe2_\xfe\xfc\
\xf7\xf0\xf9\xafn\xc3d=`\xc1\xb3\xd0H\xd1l\x03\
\xed\x1e\xd0!\x06\xa0nDu\x1f\xe6\xc2\x88-#\xc8\
%7\xbd\x10\x82~1\xb4\xf9\xfda\x00*\xf5=\xd8\
o\x83y\x18\xfe\x09\xdcg\xa9\xcf\x81;\x22\xf5Y\xd7\
/\x151Ti\xe2\xf6[\xfb\xf1\x9e\x9f\xfd\x08*\xeb\
\xde\x82\xe6\xf6Ob\xea\xd9\xcf\xe1\xf8d\x82\xc9\x852\
\x16\x9b\xb1p\xdc\xa4\xc0P\xac\xd9j\xa3\xde\x8aQ\x1b\
Z\x83\xd3\xce\xb9\x14\x9b\xce\xbe\x04\xc3+\xd7\xa1P*\
\xa3\xd7\xed\xa1Q_D\xbb\xd5@\xb7\xddA\xb7\xdbE\
\xa7K\x90\xb1\x8b\xb8+\x84\xdf\x8b\xe5/\x19\x03\x85\xf8\
E\x8f'\x82e\x04\x10+\x1a\x90\xbf\xcc\x00\xcc\xe7D\
h\x09\xfd\xc7\xee:\xb5\x96;\x22\x17d\xe0\xa4\xbc\x9e\
[\x09\xd9\x87\xf3J\xbcB\xec:\x0e\x8f\xe8\x0db\xd0\
\xf4dv)\x1aF\xc2H\xc4x\x0f\xf8{\xcb$\xcc\
g\xde:\x08\xd1\xba\x0cI\x86\xf5K|\xd7Jb\xce\
\xd2\xafa\xd1\xd6u`\x91\x85xp\x94\x11h\x84\xa6\
\x22\x01\xcb \xfc\xacMsq&n\xe6O\xa1q\xf7\
ix6}n\x02\x95\xccS\x99\x86\x0fy\xad\xfa\xa2\
\xd75\xa8\x80\xec\x00\xa2f\x88=\xa0T\x8cP*\x95\
P.\xd3\xb3\x8cR\xb9\x8c0H\xd0\xad\xcf`a\xf2\
 \x16&\x0e\xa0\xdb\x9aA\xa5D\x84_f\x17s\xb5\
\x0c\xf4\xd5\x0a\xe8\xab\x140T+`xM\x05\x95-\
g\x22:\xe3-@x:\x9e\xbe\xf3\xa3\xf8\xf3\x8f}\
\x1cO\xef\xef\x22NC\xcc.\x02\xf5\x0e\xd01h\x80\
]\x87\x1cX\xa4\x11\x85\x8a\x04\x04\xb3i\x92\x11\xbeO\
\xc6\xc1\xef)\x03\xf0\xf6\x92\xe3\xfe\x9e\xce\xcf\xb1\xfa\x06\
\xf6\x17\x02q\xd3\x90K\x8f!\x7f1\xc5p\x7f\x88J\
\xa9\x88\xd3V6\xf1\xc1\x0f^\x8eW\xbc\xe7\xef\x81\xf9\
\x16\xa6\x1e\xf9]\x1c\xdf\xb7\x1f\xc7\xe7k\x98k\xa4\xa8\
\xb7\x806Y\xf4\x93\x08\x8df\x1b\xbd8\xc2\x9a\xcd\xe7\
\xe3\xfc+_\x85Mg_\x8cR\xb5\x0f\xcdf\x03\x0b\
s\xb3L\xf8\xdd\x8e\x10<\xfd\xedu\x84\x01\x90\xd4'\
$@\xcc\x81\x08\x9aBM\x99\xf0\xe9\xb5\x81\xfc00\
\x9f\xf4L\x85\xfc\xf4\x1d1\x0a\xab\x02\x18\xab\x7fJz\
\xbb!N\x81\xde\xe2\x02S\xc2TBe\xfd_c\xcd\
\x0d\x13\xe0\x87a\x0a\x0a\x0c%4\xd7\xa8\x1d\xa4\x12x\
\xd9+t-\x07\xf5\x9d\xda\xa1\x12_\xa4\xbd\xce\xbf\x89\
*\xb4n5\xb5\x17\xf0E\x1d1\xab\xa2a\x93b\xb2\
5\x08\x9d\xc7\xc2\x0c\xd7s\xd7\xf1_\xf2\x08x\xbe{\
\x17\xfa\xeb\xe5X(\xf31\xe7\x94hOA&\x92 \
$\xea\x04Cx\xef\xf76\xf8\xc8\xf3\x22X\xbf\x82a\
\x14\x0e\x05h,\x81\xa8\x0b\x14\xad)L\x80\x84\x0d1\
\x80\x22\xcae\x8a\xe4$&PD\xb5VC\x7f_?\
\xaa\x95\x0a\x0aA\x0f\xf5\xb9\xe3\x18?\xf0\x14\x16&\xf6\
\xa2\x5c\x080\xd0_a4@\xc2\xa9V\x091\xd0W\
\xc4\xe8p\x09C\x1b\xfa\x10\x9d}\x13\xc2\x15o\xc6\xd4\
3\xdf\xc0_\xfc\xceo\xe2\x1b\x8fL\xa2\x95\x86\x98\xaf\
\x93:\x1a\xa0\xd5U\x03\xa1\xc4\x0bXu@#\x09\xfd\
x\x81\x9c:\xf0\xff9\x06\x90\x91\xfa9\x0bp>\x84\
\x97\xfd\xfaQ\xc0\x91z\xacs\x95\x03\x0cT\xc1\x5c\xf6\
\xc6K\xda\xf8\xd1\x9f\xfd 6\x5c\xf5\xbbh\xed\xf8'\
\x8c?\xfe78:Y\xc4\xccb\x01\xb3\xf5.\xda\xbd\
\x02\xdai\x11\xf5F\x97\xdd/\x9b\xce\xbe\x02W\xdc\xf8\
fl9\xffr\xbe\xf6\xd4\xc4\x18fg\xa6Q\xaf\xd7\
\xd1n\xb6\xd0%\x82\x8fI\x0f\xec\xa1\xdbis\x0c9\
In\x86\xfc&\x86\x9c\x9e,\xdd\x19\x01\x98\xf8r#\
\xa9\xd5\x0e\xa0\x10_\x18\x82\xaa\x09\xc6\x16\xe0Az\x95\
\xd8\x12\x11\xe6t~&*\xa3\xb3\xf3C\x89\xcc\x1a\xf4\
\x14\x0d\x88\xb5]\x82\x85\xcc9\xd8\xa8\xe7T\x0a1\xce\
I\xe4\xa0z\x1b\xac:`\x0c}BX\x920%n\
Ub\x04J\xfc\xea\x96\x145\x80m\xea\x9aE\xa7\xd7\
7\x093nu\x9d\xae/v\xf9\x5c\x84\x8bfgz\
\xa1\x9e2\x0eA\x05\xa2\xbb\xcb\xf7\xec1\xb0\x9e\x06\xb5\
5x\xea\x80\xaa\x0c\xe6\x00\xff\xb3\x8czi\x8eg\x95\
\x835\x04E\x0fZ\xeb\xc10\x00\xc3\x98\x0a\x05\x8a\x1d\
)\xa0L1\x01\xc5\x02J\xa5\x02\xca\x952\xfaj\x15\
\xf4\xf5\xd5048\x80\x91\xd1U\xa8\xf6\xf5azl\
\x1f\x0e\xef\xb8\x1f\x8b\xc7w\xa1\x14%\xe8\xeb+\xa3\x18\
%\xa8T\x80\xc1\xfe\x22F\x06\xca\x18\x1d\x0dQ>\xeb\
,\x14\xce~\x1f:\xe3\x0d\xfc\xd3\xef\xff\x17\xfc\xe3\x17\
\x9f\xc3B/\xc2b#\xc1\x22\x09\xaa\x1e\xd0\x22\xbb\x00\
\x19\xa3=&\xa0\xea\x80\x1f8\xe4O\xe9\x0f<\x03\xc8\
H{\xefC'KL\x22\x8f.R(A=\x1c\xc1\
G\xbe}v\xc1\xa4\xe8+\x07\x18\xea\xa3D\x1d\xe0\xf6\
\xeb\xbb\xf8\x0f\xbf\xf1\xfb(\xad\xff0\x16\x1e\xfco8\
\xfc\xd4\xb7qd\xa6\x86\x85\x16\xd0\xe8\x84hv\x0bh\
v\x02,,\xb6\xb0r\xe3y\xb8\xee\x0d\xef\xc5\xb9\x97\
\xbe\x9c\x09pz\xe28\xe6fgP_\x5c\xe4g\xb3\
\xd1`\x89O\xc4\xda%i\xcf\xc9#&\x81\x84\x13J\
\x08\xf2\x93W\x80>\xa3\xe3(.\xde#~\x0e\xd61\
\xd1\x80L\xec=Q\x07\xac*\xe0\xfc\xfc\x0e\xa6\xab-\
 \x0b\xdb]<\x80#zq\xf7\x93\xe2\x90\xfd\xdc\x19\
\x0cM\xd9O\xab\xe7\x1b\xb8\xe8\x19\x11U\xf2\xabE\xdf\
Z\xf8m\x16\xa0\xf8\xe19 &HP\x08\x13Fa\
\x8e\xe9\x08\x91s\x96\x80\xf5]+\x13\xca\x16\xce\xb0q\
\x8a\x9e>\xef\x86\x97\xe4\x18\x80\x8bQ\x10\xbb\x80\xda\x80\
\x1c\x12PFa\xd5\x0ar\xb3Z\x0f\xa2\x9e\xc3\x11\xb5\
\xa8%\x9e\xe4\xd7cL\xec\xb2\x95\xfa\x96a\xb8\xf1H\
|\x89x\x1b\x88\xf0I5`f@\x88\xa0X@\xa5\
\x5c\xe4\xdc\x8f\xbe\xbe*\x06\x06\xfb02\xb2\x02+W\
\x93\xcd\xa8\x8a\xd9\xb1=\xd8\xb7\xed\x1b\x98\x1f\xdb\x85j\
\xad\x8cj\x85\xe2\x08b\x0c\xd4\xc8[P\xc1\xca\xc1\x02\
\x066\x8f\xa0p\xf1\xbb\x11\xa4\x9b\xf1\xc5\x8f\xfc:>\
\xfe\xf7\xf7`\xba\x1d\xa2\xdeHy\xef6\xbbb \xec\
\xaa]\xc0$\x1b\xf9.B\x9f\x09\xe8\x9f\xef\x85{\xf0\
\x94\x7f{2\xd7B\xde\xfa\xe8s\xe5%~~\xc3\x08\
\xd4\xc5\xe7$\xbf\x18\xfb\x86\xfa#T\x0b)\xde\xfa\xda\
\x04\x1f\xfa\xf5\x7f@T\xbd\x16S\xf7\xfe*\x0e\xef9\
\x88#\xd3\x05\xcc.\xf6\xd0\x8a\x0b\xe8\xa1\x8c\xf9\x85\x16\
\x82\xd2\x10^\xf6\xda\xf7\xe0\xaa\x9b\xde\xc4\x16\xfc\xc9\x89\
c\x98\x9f\x99\xc5b}\x11\x8dF\x03\xadF\x13\xadf\
S$?\x1b\xfbT\xc7wR_\xad\xfa\x8e)\x083\
\x10c\x9f\x04\xf8\x90\x84u\x9f\x89\xeb\x8e\xa2\xf7\x18\xc2\
g\xf4x\x91\xa8b\x004\xda\xbf\xb1\xde[\x02\xd7\xdc\
\x01KX\x8e\xd8\x15)X\xc4`\x08\xca\x1ec\x8e\x13\
Fc\x8c}\xd6\x8b\xe0\x85\x0f\xdb\xf4^\x8d&\x14\x89\
M\x04_\x88R\x14\xa3T\xe6\xbd@\xc4$!\xc2\xb4\
>\x94\x00CA-\x1c\x11\xc9\xc1O\x9e^J)\xb7\
fL\x22\xf1\x1d\xf9Y\x02\xd4]\xeb\xe9\xfej[t\
:\x80\x9f\xd1\xe9Kz\x1f9*|\xb7\x8eN3\x04\
'\xf7\x97\xddo\x86\xb1\xf8\xf6\x01e\x04\xe2!\xd0\xdc\
\x91\xd02\x016<Gb\x17 \xb7\xa0c\x02\x15~\
\xf6\xf7\xf7ah\xa8\x1f#\xa3\xa3X\xb9j-\xab\x09\
\x87v<\x8c]\x0f\x7f\x01Ao\x01}\xfd\x15T\x0b\
=\xf4UC\xf4\xd7J\x18\xed+`\xc5\xe95\x94.\
\x7f3\x82\xfe+q\xd7\x1d\xff\x1b\x1f\xfb\x8b\xafb\xa2\
\x15\xa2\xdeJ\xb1\xd0\x14u\x80mVF\x1d\x904\xe5\
\xa5\x01C\xd6\x1es\x12U\xe0\xbb\x89\xd0=\xe5z\x00\
'\xbb\x80a\xc6\xae\x82\xae\x19\x95_D#\xaf\xfb[\
\x83\x1foB\x82\xfd)\x06\xfb\x22\xd4J)\xde\xf7\xa6\
\x08\xef\xfd/_F\x1a\xaf\xc6\xb1/\xfe\x18\xf6\x1dn\
cr\xa1\x80\xf9F\x0f\x8d^\x11\xad^\x84\x85\x85E\
l:\xe7j\xdc\xf2\xee\x9f\xc3\x9a\x0d\xa7cjj\x02\
\xb3\xd3\xfb\xb1\xb8\xb8\x88\xc6\x82!\xfev\xdb\xe8\xf8=\
tz\xa4\xf7\x93\x91O\xe0z\x8f\xdd{B\xe8\xa2\xf3\
\x1b\xf8O.\xbf\x8e1\x00ZK\xbe@`\xf2\xc33\
sP\xf7\x9f!|5\xc49\xa2\xd5\xef\x95\xd8\x9d^\
.\x8cBfM\x8dW\xd6\xe7\xaf\x11\x866^\xc0\x04\
\x11ya\xc32\xe1f<\xd6\x84\xac^\x00\xe7!P\
\xdd\xde\xcd9mz\xb1M\x10\x22(\x064\xef\xc4l\
;(\x95*\xa00\x87V\xa3\x8dN\x18`\xae\xd1C\
\x87\x0d\x9eb\x9c\xb2:\xaa\x0dg\x15\x0b\xa1\x0d\x03\xb6\
\x04jr\x12\x0c\xd1\xf9\x04\xed\xe0\xbe0#\x86\xe1V\
\xa2\x8b\x8a\xe2\x13\xac\xde+\xbd\xceWK\xb26\x804\
'\xc3LM\x87\xac\x91P\x99\xa1ymT\x0fF\xa0\
\x89\x89n\xa4\xbd\xc8\x99\x8d\xc2\x00(\x10\xack\xd2\x89\
\xdb\x9d\x1e\xda\xed.\x9a\xcd\x16\xea\x8d&\x16\x17\x16\xb1\
r\xe5J\x9cv\xde\xb5X\xb3\xf9\x02<\xf1\xad\x7f\xc4\
\xd4\x81'02XaA\xd1\xed5\xd1\xe9\x16\xd1K\
S\xac\x8e?\x83\xd2%3\xb8\xf9\xa7~\x81\x11\xc6\x1d\
\x7f\xf6e\x8c\x93\xb5[\x8d\xa9j\xfc\xe3`/\x1b\xec\
)\x06T\xda\x07Y\x0f\xab\xf2UKs'\xa2\xcd\x17\
\x82\x08\x0a/\x99.\x90!~b\x06\xd9R\x5c~V\
\x1f\xfb\xfa=\xbd\xbf\xaf\x02\x0c\x91\xc1\xaf\x00\xbc\xf7\x0d\
\x01\xde\xfbk_A\xd2\xec\xc7\xb1\xbb~\x0e{\x0f\xa6\
86\x1b\xa0N\xe9\x9dI\x91\xb9\xe6b\xa3\x83\xab_\
\xfb#x\xd5[>\x80N\xa7\x85=\xbbv`qa\
\x01\xcdF\x1d\xadV\x8b}\xfd\xfaW\xe2\xfc\xbb\xe8\x18\
\xb8\xcf\xc4\xcf\x84\xafR>q.?b\x00\xdd\x1e#\
\x05\xb1\xe8\x8b\xd4\xb7\xb0\xdf\xc6\x00\x988\x00\xcf\x97/\
\xc4m\x5cc\xbc\xa8r\x9c\x1a\x00\xe5!\x8cA\x89[\
\xa7M\xd5\x01\x0aNb\x0f\x82\xe72\x94s\x0aa[\
\xeb>\x7f\xa79\x06j\xec\x13\xeb\xbe\xfe\xf5\xe7_\x02\
p$[\x92]\xad\xc6\x05\x98t\xeb\xb8\xece\x17\xe1\
\xd6\xf7\xff\x1c\x8a\xc5\xfd\xf8\xc2_\xfc\x01\x1e\xba\xbf\xc3\
\xea\x01\x97\xd7\xf0\xec\x00\x9a'/5\xf5\x8c\xff>\xe3\
\xbar\x91\x8eB\xf4N\xa7W\x06\xe0\xec\x06\x14A\xac\
\xf0\xdc\x19\x08m\xa4!\xa7H\xeb9\xfc\x10h\xd5\x8b\
\x1dZ\xb0\xae?\xbb\xf1|7\xa3\x8b\x1bp*\x87\xd6\
_H\xd13\xb6\x08\xfa\xaek\x02\x91z\xe4EbU\
0A\xb7\x1b\xa3C\xc2\xa3\xd3C\x8b\x99@\x1b\x8dz\
\x0b\xf5z\x13\xf5F\x03k\xd7o\xc4\xd5\xaf\xffI\xec\
z\xe4\xab\xd8\xff\xd8\x17M\x1eI\x8a\xb8\xd7\x96\x9a\x05\
)\xb0\xb6\xfbMT/\x8fq\xc3\x87~\x81\x09\xfc\x8e\
\xbf\xf82\xab7\x12,\x96\xd5\xfb\x85PL\x02h\xae\
\xb6\xa0}}\x0a\xd2\xfe\x85@\xfa\xc2\x09\xe8\xf7\x053\
\x03\x1d\x7f\x861g2\xfad\xb2\x0bd|a\x08J\
\xc4\x1f\xa0V\x02\x86\x07\x88\xf8\x03\xbc\xe7u1\xde\xf7\
\xab\xff\x8a\xb8Q\xc3\xd87\xfe#\xf6\x1e.`l\xb6\
\x8b\xd9\xc5\x18\xcd\xb8\x84\x16\xf9\xf3\xc3*n}\xef\x7f\
\xc4\x85\xd7\xde\x8c\xb1\xa3\x87033\x85\xc6b\x9d9\
t\xbbMF\xbd.\xda\xdd\xaeX\xfa;m\xc4\x9d\xae\
\xe5\xe8b\xec#.\xddc}^-\xfa\x22\xf9\x0d\x22\
 \x04\xa0\xfe\x7f\x13Y\xa6\x01>\xd6\x08\xe8Y\xf7\x9d\
\x81\xcfI}\x81\xad\x1a}G\x1a\xb5\x0b\xb9\xcd\xba\xf7\
\xa4\x08\x19\x13\xb9\xa2\x0c[\x93N\xe3\xe7%\xc2\xd0\x0f\
'v\x09:2\xf3*\xfd\x1dB\x10\xc2\xd1\x1a\x0a\xec\
}\xa0\xf9'Z\xa2\xf4{\x22\xb04D\x84\x04\x17^\
P\xc0\xe8\xdac\x00\xe6q\xfd\x1b\xae\xc2\xc3\xf7~\x01\
\x01\x068\x16\x83\xc6c}\xd7F\x15\x10\xe3 \xdd\xb3\
\xb7o\xf2\x08\xc5\x18\x14}\xeb\xbf\x86\xfc:\xf7_l\
\xf2\x03]\x05'\x91\xceZ\xff\xc0\xdbU\xe6\xb5c\x00\
\xf2;\xee\xdd\xe0\x84\xbfS1\xc4\xaa\xe8\xa9\x02\xa6\x98\
\x0aU\x1f\x08S\x04\xe4\x87\x0f\x9c\xf4W[\x04e\x99\
\xc6\xe4\xaa+R\xf0N\x82BD\x0c@B\xc3;\xb4\
o:=t\xda=4[\x1d4[-\x168\xabV\
\xaf\xc1\xd9W\xdc\x82\xa1\x95\xeb\xf1\xe4]\x7f\x87n\xbd\
N\xe9JH\x17\xda,p\xe8\xf7\x1b\x93o\xa3\xef\xca\
\x147~\xf8g\x18\xb9\x92M \xa9\x85^\xbe\x80\xb2\
/\x1a\x1b\x981\xf9\xe5\xd5\x14\xe2\xfbv6\xffo\x8e\
\xa6O\x91`\xd3\x13\xab\x00\xe9K\xe1\xeb\xf7\xeb\xee\xa9\
\xd4\xe7\xd0P!\xfeR\x04T\x8a\xc0`\x1f\xb9\xfc\x22\
\xdc~}\x0b\xef\xff\xbf>\x85$\xd9\x82c_\xff\x19\
\xec9\x1c\xe0\xf8l\x07\xb3\x0b\x09\xea\xdd\x22\xe6\x17\x9b\
(\x0f\xac\xc6\xed\x1f\xfc\x0d\xac\xdb\xbc\x15\xfbwn\xe7\
\xc9l6I\xc7o1\xdc\x17_\xbe\xc0t\x82\xfdd\
\xedg\xcb>/\xa2\x102\x19\x00\xadqO\xf5y:\
\xbeC\x8c@\x98\x81H{?\xb8Gl\x01\x0e\xd6{\
0_\x03k\xac\xb5^\xab\xe3p68B\xfeL\x82\
\x86X\xfaY\xe1H\xc7\xf5\x0c\x04\x14\xe9\xaa\xae\xc0\xd8\
#p\xa7Vx\xb5\xeeL\x08\xb1\x0b'\x95k!'\
\x85e\xf3\x18\xe3!K:\xe3\x8a\x8c\xc8\xb5\x96\xa2\xaf\
VBZ?\x864]@\xdcz\x10\x1b\xceY\x87K\
.\x19\xc2C\x8f\xf6P)R0\x95\x99\x07\xb3I\xd5\
(\xa8\x95qx\xcbzcr\xc4\xa9a\xc1\xae>\xa3\
\xa2@\xa7\x9bk\xac@\x80D3\xf9\xa8R\x12\x11\xa8\
-\x08#T\xa0Yt\xde\xbe5\xe4\xe2\xe3c\xe3\xe9\
\xb0\xfc\xcfK0\xa2k\x18\xc6L\xf9\x1f\xecq\xb0n\
Gp\xa0P\x1a\x12A\x12c01\xfba\x88^D\
\x12\x9d\xbc:\x9a\xedGi\xc01:f\x9f\xd0>\x22\
\x86\xd0\xa87\xb1n\xd3V\x5c\xf5\xa6\x9f\xc1\xa3_\xfa\
S\xcc\xcdO\xa2W+\xa2\xd3%\x97\xb4\xac\xfdF|\
\x1b\xfd/\x8b\xf0\xfa\x9f\xffY\xcc\xcf\xcc\xe1\x1f\xbf\xf8\
$\x92\xbeP\xdc\xcd&\x09Ml+\xc6\x85j\x88\xd9\
\xcb\xf0^B\xfc>\xed\xf9h\xec\xfbZ\x130\xe3\x86\
Q\x86\x9d3\xfe\xd9\xcc>c\x81.hBO\x8dl\
\x00\x05\x5c{^\x0b?\xfe\xab\xff/\xc2\xf2\xf58\xf6\
\x95\x1f\xc3\xde\xc3)\x8eN\xf50\xbb\x98\xa0\xd9+a\
\xbe\xd1Bep-\xde\xf2\xe3\xbf\x86\xa1U\x1b\xb1o\
\xd7s\x8e\xf8[mt\xd8\xafO\x96}\xe3\xcb\xd7\xa7\
q\xe3\x91\xf4\xa7\xef\xb8l\x94g\x00\xe4\xa8>5\xfe\
\xf1w\x82\x00\x84\xf8\xc5\x9a\xcf\xc1<|\x9c|n-\
\xfb\xb9\x80\x1cI\xbe\xd1\xdc~I\x5c\x91D\x14\x91\xf3\
jh\xd3M\xc7\xe7g\x85\xdf\xc4\x0d\x18F`Q\x80\
A\x16\xaa\x22\x88a\xd0\xf9\xd95SO\xb3\xf5l\xcd\
\x00C\x8cj&\xe3D\x22\x22~\xc3\x94\xa4\xf4\x98\x88\
R\x8a\x88K\xebS\x08\xd21\xa4\xed\xc3@\xa1\x8cW\
\xdf~\x05vm\xff6\xa6\xda5)\x8ffw\x970\
\x1c\xce\x9a4\xfa*[\x194\x16\xc1o\x16\x92A\x84\
\xae\xf2`\xc2FHQG\xb4\xda1\xe5\x06P\xf5\x06\
\xfe\xbd\xb1\xee[\xdb\x80\xd9\xfdZ\x8e\xcb\xdfq6\xf5\
\x981q\xbc\xac50\xa1s0E\x19b\xa7\x88@\
\xc3\x08\xb4\xd0I\x18\x10\xe1'\x88L\xdc\x02\xfd&\xe9\
\xa6\xac\x0e\x14l\xd9/1\x86\x12\x03`4\xc9\x02D\
\xb2CiO\x11\xf2$\xb4\xb9a\xf3\x99\xb8\xf2M?\
\x87\x87\xef\xfcc\xcc\xcd\x8f\xa1\xbf\x9f\x8a\x9bt\x014\
x_lJ\xbf\x8e\x81\xeb\xaax\xdb\x7f\xfa%LM\
\xfd:\xbet\xffa\x16\x80RS@\x19\xac\x87\xd8\xc2\
\x9cz\x90#\xf0\x97\xc2E\xe8\x18\xc0wi\x04\xb0\xbe\
~\xdf\xe0g]A&\xb9\xc7d\xf3\x95\x8c\xde_)\
\x17p\xce\xea\x16>\xfc\x8b\xefDy\xfd{1\xf9o\
?\x83\xbd\xfb\x9b\x18\x9b\x8d1=\xdfE\xa3K\xc9<\
m\x94\x07\xd6\xe1u\xef\xff\xcf(\xd6\x86\xb0\x7f\xcf.\
6\xf05[M\x91\xfam\x89\xdec\xdf\xbeO\xfc\x06\
\xce\x13\xd1\xb2A\xc7x\x01\x98\xa3\x1b\x15\x80\x16\xc5g\
\x08\x82\x0c\x94\xc0E\xffw\xd0\x5cP\x80B\x7f5\xdc\
Ip\x8e!|%\x03.yE!\xb6)G\xb2Q\
\x8cyX\xa0\x1a\x03=\xaeY@AO\x9c5\xc6\x85\
&\x8d\xb1\xce\xab'\xc7FEE\x04\x9e/\x9e\x99\x80\
n\xfe\x8c\xaa ?tFX7\x16\x8b\xc6\xcd\x86\xa7\
\xfb\xa75\x90\xda\x06)\x16\xa7\xa6\x906\x17x\xc3\xc7\
\x0b\xe3\xd8p\xf9\xe58\xef\xe2\xc7q\xd7\xdduN\xc0\
\x22W\x95\x0d\xd6\xb16\x09C\x18\xa6\x0e\x820\xaa\xa5\
\xa5\xcf\xad\xad\xdeC\x82\xda]\x89\xbf3a\xfe\x82\xa6\
h\xd3\x9b\xec@\xb3\x99\xd8\x96b\xcb\x9c\xe9\x195o\
Q\xde[\xf7\xa5_!\xd8\x14d\xb1y\x0c\x96\x19\x88\
\x8bT\xea\x1b\x1a\x9b\x00\xab\x04!\x12**\xebE\x0f\
\x86t\xcd\x82dvJ\xbd@\xd9G\x84\x00\xc4\x86$\
\xf6\x22\xb2\x0f\x90\x9d@\x99\xf6\x9aM\x9bq\xd5\xeb\x7f\
\x0a\x0f|\xfeO\xb0\xd0\x98@\x9a\x16\xd1\x8b\xa5\xde\x04\
9\xfbO/|\x11}7\xbd\x1f\xef\xf9\xe5_\xc2\xe1\
_\xfc5<\xbc\xaf\x85Z\x95<.\x06e\xd98\x00\
\x81\x03<\x13\x1e]\xe6I4x\xc9\x18\xc0\x0b<K\
\xde\xdf\xcf\x7f2\xf1\xfd.\xd0\xc7f\xf6\x91\xeeOz\
\x7f\x85\x18@\x80\xe1b\x1b\x1f\xfa\xd0Vlx\xd9\xff\
\xc2\xec\xdd\xbf\x81\xdd\xdb\xf7\xe2\xd8t\x053\xf3=\x96\
\xfc\x8b\xcd.\xa2\xca\x0a\xbc\xfa\xdd?\x8f\xa8T\xc5\xe1\
\x83\xfb\xd00\xba~\xc7\x84\xf0\xb2^\xa6Q|\x99\xa2\
\x909\x06@\x9f\x19\x98/p^\x8e\x13\x98/\x86\xc1\
\x84\x8b\x82\x88\x8bO\xd5\x03&vb\x04\x86\xb0%\x5c\
\xd30\x01\xa3\xb3\xa9QP\xfc\xecD\x88\xc6\xd0\xc7\xc6\
.\xc9^,\xa0\x8bj\xa5\x84\xb0\xd7B/)\xa3\x15\
P\xc6Zl\xa5\xa1\x12\xb2z\x02\x5c\x90\xb8)\x94\xc9\
\xeb\xe3\xbaO\xf8\x86B%\x00\xb5\xc0;\xcf\xb9I\xe5\
\xa5E $j\xf2\xe8{\x09\xc5\xaa'\x98kt1\
;\xbb\x80\xb4[DX\x1a@\xd2\x98\x07zGq\xdd\
\xeb/\xc1}\xdf\xf9\x06\xdaa\x1f\xa2N\xcf\xa8\xe0\xae\
\xcc\x980\x80,\x0aq5\xfe]\xfb4\x179\x98\xe6\
\x18\x80\xd1\xcb\xb9\xf0\xa7S\x05\xd8\xf4\xed\xdb\x0cT\xea\
\x9b}\xe52.%X\x89g\xc4\xd8\x0b\xb5\xe4\x965\
\x08\xfa\x01D\xc6\x00i]\x92\xa6lz\xc8\xaa\x810\
\x01\xfek\x90\x01\x17\xa1\x09\xa9FD\x8a\xb8\x90\xb2=\
$JBDT#\xa2H{\xa2`\xf6\x0cy\x93t\
-Dp\xd0>Z\xbb\xf1t\x5cy\xdb\x87p\xff\xe7\
?\x82\xf9\xfa<\xaa%*&\xd3\xe5e(\x1d\x8a\xb0\
\xe9\xa1\xcf`\xe5\xcb?\x80\x1f\xf9\xe9\xf7\xe1\xd8\x7f\xff\
S\xec\x8b\xa9\xa8\x88s\x03*\xe3\xa7\xf7fJ2!\
\xc2\xcb\xba\x02^\xe4\xe3E\xa9\x00\x19=D1\xa2g\
\xafQ\x98+\xc6\x17\x97\xcf\xaf\xb9\xfc\xfdU\xa0\x1a\x01\
\xef|S\x05W\xbf\xfb\x0e4\x9e\xfa,\xf6>~/\
\x0eN\xf4cz\xa1\x85\xc5v\x11\x8dN\x8a8\xac\xe2\
\xc6\xb7|\x08\xa5\xea\x00\xc6\x8e\x1eF\x83|\xfa$\xc9\
\xf9)\x90\x9e}\xfb*\xbd\x19\x09\x88nF\x13\xce\x92\
\x9d%\xbe\x10\xb4D\xfd\xf5\x18\xf2\x09s\xa0\xa7@9\
\x0d\xf8\x11\xa8\xef'\xf3\x98\x9cs\xeb\x92sDG\xa2\
?\xb6\xcc\xc0Hh\xceA\xa7\xfb\xd5\xc4\x1eb\x02]\
\xdc\xfa\x96\x1f\xc1\x0d\xb7\xbc\x0csG\xbe\x8aO\xff\xf9\
g\xb0\xe70\xe5\x9d\x87hP\x0e\x83\xda\x0f\xc8\xdaf\
\xbc\x08.P\xc0 \x02\xaf\xba\xb0\xa0\x03\x83\x0a\xfc\x0c\
C5$yj\x00\xff\x92\x8a\x9a\x98f\xa7\xb4\xc9\x09\
r\xb6:\x01&\xe6\xba\xa87\x16\x91\xf4\x02\x14\xaa\xc3\
\x080\x83xz;N\xbf\xf4J\x5c\xfb\xf2\xd5\xf8\xf6\
\xbds\x5c4\x95J`9\x03\xa3\xb9\xff%\x19m\x86\
\x09\x19K\x94\x8d\xd1\xd3\xba\x05L\xeb\xc6\xa2oT#\
\xdd\xc9R\x1fE\xcb\xbd\x85\xac&\xb2\x9c\xd7lA*\
/\xc8U\xd3\x8c\x0dF\xa3\x1bL\x01Qk\x8f0\xd7\
\xe3?\xc6p\xc89\x85\x86#1\x0a0)\xc9\xdcQ\
90\xc9L\x5c\xff\xd0\xc4%P\x95hN\x8bN\x90\
\x10\x13\xa0\xda\xc9\x1c4\x15\x22\x22\xf4&\x174(1\
\x1b\xd4\xe5\x17\x8cY\x7f\xda\x19\xb8\xe4U\xef\xc5\xfdw\
~\xd4\x06\xf8D\xf5.\xc6g\xdb(\xef<\x8e\xb5\x03\
\xff\x84\x8bn{\x1f\xde\xf1\xe46|\xeco\x1f@R\
!{\x80+\x22\xc2\xf3\xaa\xf5\x18\xb5\xecB\xc6\xebb\
\x97\xe3\x05\xf3\x03\x1f5\xbc(\x06\x90eF\xbe\x19\xd6\
Yy\xad\xe47U|X\xefg\xe8\x9f\xa2\x18F\xb8\
\xe6\xa2.\xde\xf9\x0b\xff\x07\xbd\xe9\x08\x87\x1e\xf8K\x1c\
\x9e\x19`\xd8?\xdf\x8a\xd0\xec\x06h\xb4c\x5c\xfb\xfa\
\xf7\xa1\x7ft\x0d\xc6\x8e\x1eA\xab\xd5A\x8b\xb3\xf5\x88\
\xf0E\xdf'\xbd\xdf\x12\xbf\x81f\xc2\x004\x98G\xf4\
5\xb5\xf83*P\xe9n\x8c}\xf2\xb9D\xf1\xf9\xc1\
=\xfc\xda\xc2\x7f\xb5\xc0\xbbj@\xce\xef\xee\xc2~\xc9\
\x0e\xc0\xbf\x0b\xc8\xf8G\xa1\xa6t\xed\x00#\x95E\xbc\
\xf1M\x11\x0a#G0\xba\xa6\x8e\xff\xf0_\xdf\x81\xcf\
\xfd\xc5g\xf1\xc8\xe3\x0d\x14\xfajh\xb6;Xl\xd2\
\x863\x1e\x05\xaf\xd6\xbc\x9a\xbe\xd9\xc6\xe0\x05\x0eY\xf7\
\xa0\x17.*N\x06\x03\xb1\x8d2\xad9\xffZ\x1d\x88\
\xd6\x85\x19@\x0a4\xe3\x16\xea\x8b)z\x8b-\x14\x86\
JH\x93.R\xc2\xa2\x9d\x09\xbc\xe6\x1d\x97b\xdbc\
_\xc5d\xb3\xaa\x1a\xba\xe8\xf1\xf6\xfe=\xc2\xf7\x8ct\
\xce,\xefF\xa5s\xc3\x92\x8c}\xdcB\xc4\x04\xbb\xe9\
A\x91\xfe$\xea\x889\x15\x82\x045\xb2\x10\xa7\x147\
\xdf\xe2\x18\x05:\x96\xaa8\x99j\x06r=V\x9f\xe4\
\x9e\x04\x01)\x03P\xd6\x99x1\x04*\x9c$\x85\x98\
\x8d\x8e<\x17\x013\xa3\xc4\xda\x08$\x04\x9a\xcb\xbb\x93\
\xeac\x18-\xf3\xa1Hm/*\x14\x8cmB\x0b\xbd\
\x98jG\x9a\x7f\x00\xece$\xb0\xf5\xaa\xd7\xe1\xd9\xef\
|\x16QT\xc1b\xb3\x870h\xa1H\x89HO\xef\
\xc6\xea5w\xe3\xb5\x1f\xfa\x09<\xf7\xec\x1e|\xf9\xa1\
\x09\x0e$bc\xa3\xc9\x16\x14 (\x86Qu\xf2\xe4\
-\xfd/\xd6c\xf7\x92 \x00_\x0f\xc8\x07\xfb\xd82\
\xdd,\x0d\xc1e\xbc\xa8\x98\x07=\xd7\x0dt\xf1\xbe\x1f\
\xbb\x19\xa5\x15o\xc3\xa1\x7f\xf9 \x0eLT0>K\
\xc4\x1f\xa0\xde\x890\xb7P\xc7\x85\xd7\xbe\x1ekO?\
\x0f\x13cG\xd9\x07\xcb\xee=\xf2\xefw\xc8\xdaOp\
]\x08\x9d\xab\xf7h\x80\x8eQ\x03\x18\xee\x9b\x88?&\
f>\xc6\x8f\xdd7\x84\xae\x9e\x00/dW\xa4\x7f,\
\xf1\xfcF\x0fg\xa2\xf6b\xf3y\x12=\xdf\xbc\xba\xdd\
\xc4\x8a\x17\xb3^\xcfe\xa6\xc3\x04U*^\x12\xf6c\
\xe7?\xfd\x14\xce\x7f\xcf\xcf\xa1\x17L``E\x8c\xf7\
\xfe\xda\xbbq\xde\x97\x1f\xc6W>\xfd8\x8e\xf4\xaa\x08\
\xabf\x0b3j\x97\xbfD\xa8\xc4L\x5c]\x22\xcfH\
\xe8\x19\x08Ml\x8cg)7\x04g\xf3\xfd\xcd\xb9\xb9\
\xe6\xa1Y<\xb2z\xc5)\xeaM\xa09s\x1c\x95M\
5c\xb7(\x22\x99?\x8c\xb5\xe7^\x81\xcb\xaeX\x81\
/\x7f}\x0e\xa5Rh\xd2YM\xaa\xb3\x7f\xdbF_\
\xf5!\xea\xd2\x0e\x88\x9e\x86N\xe3\x95V\x07\x82\x90\x22\
/B\x91\x8a\xbfPHn\x90`t\xa4\x84\xa1\xd1M\
\x18'\xe4\xd7\x0d\xd15\xa1\xe3\x5c\xb2M}\x0d\xca\x08\
\x8cg\xc2\x1a\x1em[t\xe3\x01\xd1]\xcb{3F\
\x98J?\x80\xd4f(\x8a1\xd2\x06\x11qi4\xfa\
\xde\xa0\x17:^=/\x11]+4\x02\x81J\xa2\xcb\
$\x88\x1bQ\xfb\x1b8t\xb6\xee\x8c\xcb0\xb6\xffY\
\xcc\x1d\xdb\x89\xa4VF\xcc\xd5\x8e[(\x16\xaa\xa8>\
r?\x06o=\x1b?\xf4\xe1\x1f\xc2\x8e=w`\xe7\
\xa4x\xc6\xb8p\x8d\x14<\xb2\xdd\x9a\xfc8O\xf5\xb8\
\xf9.\xd0\x17\xab\x0d\xbch/\x80ug\xd98ng\
\xdc\xc9\xc0\x7f\x93\xecC\x91f\xb5J\x8aj\x14\xe1\xcd\
7W\xb1\xf5\xb5\xff\x0d\xb3\x0f\xfd%\xf6\xef:\x88\xe3\
\xb3\x03\x1c}\xd6\xecD\x98_hb\xc5\xa6\xf3\xb0\xf5\
\xd2Wbzr\x9cu~\x86\xfd\x04\xef;]\xb49\
__\xa5\xb7\x10\xbb\x18\x00c\xf6\xf93\x0a\xb0^\x00\
\x81\xd5N\xeaK\x80\x87\x06\xe8\xb0\x97@\xea5\x89Z\
`\x8co\x9a\xf0#\x9b\xdd\xa5\xef\xd2w\xb2?\xb2\xe1\
\xbb\xd6\x0f\xcf\xd2V\x0c\x80$\x9d$c/D\x1a\x15\
\xb0\xedQ\x92xw\xe0\xc2\xf7\xfd'\xc4\xad\xed\x08\xf0\
\x0d\x5c\xf1\x86W\xe1\xb4\xad\xa7\xe3\xef\xff\xe8_\xb1c\
O\x88\xd1\xfe2f\xebm4;)\x022\x1a\x99\xdc\
|:\x97\x98\xc3\x1d\xb4W\xb7\x9b\xd9n\xd6p\xe4P\
\x03=l\x97{aX\xde\xa6\xe1LL\x00\x0b\x9d\x08\
\x8b3\xd3\x18\x09j\xf2\x01\xd7\xb7n#m\xed\xc7\x8d\
o\xbc\x10w\x7f\xfb\x9bXL\xab\xcc\xc4\xa92.\xbb\
\xf6<\xf3\xb3C%\x8a>\xd4J\xaf\xfbB\xd3\x91\x0d\
\x12\xb0\x1a\xa3\xe66\x88$&\xd70%\xd7DA\x88\
Z\xa9\x81\x9f\xf9\xb5\x9f\xc4\x19\x17\xad\xc7cw\xef\xc7\
\x9f\xfd\xee\x9f\xa1\x13\x95\x11\x93\x9f\xdeXJ\x9d\xae,\
.>\x1e\x83\xb8\x15\x848t\x8e\xfc\x87uK\x8a*\
\x92\xd8\x8cD\xd7A\x98k\x10p\xdf\x08I\x5caX\
o\xda \xa4\x14\xc4\xa75\x0a#\xafU\xbcw\x0ev\
+[\x8fM\x88Z\xdf \xd6m\xb9\x14\x93c\x07\xb1\
\xd8\xa0\x1c\x13\xba\xdf\x1e\xa2\xa8\x89J\x98\xa2\xfc\xf8\xd7\
\xb1\xf9\xe5o\xc4\x1b_\x7f\x05>\xf6w\x0f\xa3[\x22\
\xfb\x0c1[A\x01\x1a\x11\xc8\x0e\x91\xbc-\xe0%0\
\x03\xe4\xea\xbf\x9c\xfaC9\xa7\x8c\xc2\x18r\xd4}c\
\xa5\xbf\xc4\xfa\x93\xd5\x9f\xf2\xa8)\xf4\xf4\xe2\xd3zx\
\xc3\x07~\x1c\xf1L\x8c\x83\x8f|\x06\xe3\x8dA\xcc\xd6\
{\xa8w\xa8\x92J\x82\xb02\x88\x8b\xae\xb9\x8d\xdd|\
\x0bu\xb2\xf6\xb78\xaa\x8f\x03/\xc8\xe5\xd7\x96T^\
B\x02\xcd\xb6\xf1\xff\x13\x83hwX% t\xa0\xc6\
Af\x1a\xec\xfe\x13{\x01\x19\x0b%\x11H\x18Eb\
\xdd\x84\xea\xff\xd7\x08AA\x0e\xae\xfb\x8c\x06\xfc(3\
\xd1\xef\xfc\x82!.\xc0G\x02\x88$\x94\xb4\xd5!\xbd\
\xaf\x8b\xd9\xa4\x82\xa7\x1fjb\xeck\x7f\x8d\xa8\xef\x15\
\x00\x95\x1b?\xf6)\xac\xda4\x87\x9f\xfa\x9f?\x8e[\
nY\x83R\xbc\x80\xbeJ\x11\x03\x15\x9a+R\x95\xc8\
\x00%\x99{R_\xcfU\x09\xd6\xf6\x19\x8a\x0dmm\
\x00\x1b\x96\xec\xec\x15jD\xb4\xb1\x0c\x8cr\xa4R\x0d\
\x15Pi\xcc\xcfrYl!H\x93\xa6<=\x86\x0d\
\x17\x0e\xe3\xea\x97\x8f\xa0\xdd\xec\xa2P\x10\x03\xa7m\x85\
f\xa4\xba\x04G\xf9\xe9\xc8\xa2\x16\x89\xbad\x0a\x9a\xf8\
\xc6\xcaLB\x94\xc85Q\x17S.\xbeQL\x16\xf1\
\x8e\xf7\xbe\x0cg]\xbe\x80\x10_\xc3EW\x95\xb0b\
\xb8\xc3j\x03\xe7\x1cz!\xd8~\xd2\x95\x83\xff\x8a\x08\
4JS\x8b\xa98}]\x08\xd4\x05n)\xaa\xe2H\
GCa\xf2\xb9\xf66\x91c%\xfd[\xecD\xf4W\
C\xc7i\xcfQ\xc80\x05\x08Q::=\x17\xeb-\
\xcc.,brb\x02(\xd4P\x1dZ\x87NL\xaa\
m\x82\xf9f\xc2\xea\xee\xb1\xd9.&\x9e\xda\x85tz\
7n|\xef\x9bq\xe9\x995V\x93\xc9hH4C\
L1\xd3\xb6\xce\x13\xb0\x96\x0e\xbd\xbf\xc1\xf7\x93\x01\xf8\
z'\x9f\xc8\xba]\xb2\xe5\xbd\xb4\xb2\x0fU\xf0\x1d.\
\x05\xb8\xfd\xf630t\xf6\xfbq\xfc\xde?\xc1\xd8L\
\x11\xb3\x8d\x04\x0b\xad\x14\xed\x98\xc2};\xd8z\xe9\x8d\
(\x94\xfb0K\xb9\xfb\xcd\xa6 \x80V\x87\xe1??\
I\x05 ;\x00\xf9\xfe\x89\x19t:\xec\x11\x90\xef\x05\
!\x88\x81P\x08]\xd4\x01C\xf4\x9c\x0b\xd0\x95\x054\
\xee?\xce\xe77\xc1@\x82\x18\x88\xeb\x1b=\xcf\x16\xf0\
\x10\x84 \x9b\xcf\x84\x03\xab\x81Q\x0b\x81\xe8y\xf4\xf3\
X\x0aD.\xb6z\x98\x98\xef\xa0\xdeL\x90\x16\x03l\
\xfb\xe6A\xcc?\xfc\xf7\x08\x07_\x81 n \x9e\xbc\
\x17\x85\xe4\xdbx\xf3\xcf\xbf\x0e\xef\xff\xa9W`My\
\x9e!\xf0`-D5J\x0c\x13 \xb0I\x84\x12#\
\xe2\x0c>I\xe5e\x8f\x83\x06\xdc\xf8\x05G<F\xe4\
r\x16\x0c\x13`=^\x02\x8fh\xe3\xce5\x12\xb4\x17\
)z\xad\xa4\x95A\xa4pb\xa7\x034'q\xeb\xdb\
/G\x7f\xa9i\x98\xb9\x16\x1eQbw\xf6\x08\xa9o\
\xe0\x18\x8em\xe5\xe5\xd7'\xb0\x19\x03\xee\x1c\xc2\xd0b\
\x94\x8a\x84z:\xb8\xf1\xe6\xf5\xb8\xf9]\xaf@w\xe6\
\xeb@P\xc4\xb1\xbd\xcf\xa2>\xd7c\x06\xe4\x08\xdf\xad\
\x8b}m\xed\x22\xce \xe9l%R\xa0\xc5\xbeW\xa4\
\x97\x1a\xc2\xb7\x91\x99bP\x14\x06!\xe1\xdf\x22\x00$\
\x0eD\xd7\x96\xac\xff\xb1\xad\x00,\xb1\x01\x1dcdn\
\x13Jmwy\xdf\xce\xcd\xd7195\x83F\xa3\x8d\
4,\xa1\xd27\x8az\x93\xba\x15\xa5\x98_\x8c13\
\xdf\xc1\xd8T\x0b\x8b\x8f\xdc\x8b\xe1M\xabq\xdb[\xae\
\xc7HY*]Sr\x1c\x19\xcd\xc9e,\xb4\xe5B\
\xbb-\xf1\xfb\xdd\xd3\xbf\xef\x08\xc0\x7fm\xd9P\xea\x0c\
\x7f\x81\xd4\xf4\xa3MC\x96\x7fr\xad\x5c|z\x17/\
{\xebO\xa2}\xe8\x19\x1c\xd9\xfd\x14\xa6\x1a%\xcc-\
RN\x7f\x84z\xb3\x83\xd1ugc\xcd\xe9\xe7bv\
v\x1a-\xd2\xf7M\x94\x1f\x11\xb8\x04\xfb\x18)o\x02\
\x7f\xf4\xbd0\x06B\x05\xf4WB\x81Y\xda3\x03 \
i\xaf\xa1\xbe\xce\xf0\xe7t~g\x10\x94$!c\x13\
\xc8\x85\xe7\xaa1P\xe2\xe1\xbd\x94_\xe3&To\x83\
E\x06\xa9\xb8\x1f\xdb\x1d\xe1\xf8\xb3\xcd\x88%\xefd3\
\xc2\xa3\x9f\x7f\x08\xed\xfd\x0f#\x18\xb9\x01A\xdaA\xba\
p\x08\xf1\x91O\xe1\xf2\xd7\xae\xc5/\xfc\xd6\xbbp\xc9\
\x16 \xec61P+\xa0VL9jR\xd4)\xd1\
\x959\xc0\x88\x19\xad\x09\xf4\xf1\x9b\x7f\x18T\x90'\x96\
<Q\x08\xc2\x89\xb9~]s~\x8eB\xdf\xa4\xe5\x97\
\xb1\x1f\x90\xc4\x89g\x8fc\xc3\x05+\xf0\xca\x1b\xd6#\
iw\xb8F\x9e\x10l6\xc1Is\x10\x5c\x96\xa3\x12\
]\x96\x01h\xc8\xb4\xa2\x16\x91n\x09\x8a\x85\x84\xc3s\
W\x8f\xb6\xf0\x8e\x0f\xbf\x0dio\x07\xd0n\x03\x85\x0a\
&\x0f\xeeC\xaf[bW\x9d2\x11\x9b\x1em\xd7H\
B\xae5?\xc3\xd5/\xf0\x98\x94F1\xfa\xeb\x99h\
\xddE]SgS\xa0\xf5S\x94 \x8c\xdd\xb8\x88U\
\xa5\xb4\xc5a\x0cZ\xec\xf5\xd0\xee\xd1z\xc7\x12*\xdc\
\xec`\xb1\xded{\x16\xb9\xb3\x17\x16\x9bH\x0b\x15\xa4\
\x85\x1a\x1a\xcd.g\x05\xce-\xf60\xb9\xd0\xc3\xd8\xee\
\xc3\xe8\x1d|\x14W\xbf\xe5\xb5\xb8\xec\x9c\x11f\xfa\x84\
\x98\x8b\xda\x7f\xd2#|?\xc8\xce\xbeW;\xc6\xf7\x8b\
\x01d`\x87\xef\xfb7\x9f\xf9e\xbd\xa5\xc2O\x8a\xa1\
\x22\xf0\xda7^\x88\xd2\xca\xeb1\xf6\xc0\xdf\xe1\xf8B\
\x1ff\xe7\xa9lW\xc0\xb5\xfbb\x94\xb1\xe5\xc2\x97\x0b\
\xd4'_?Iv#\xc9\x99\xa0Y\xf2\x1bF\xd0i\
3\xd1\xf3\xeb\xb6\xc2}:\x96\xec\x03&\xedW=\x01\
\xf4\x1d1\x01\x86\xf9.:\x90K}\xb1!\x91\x16O\
\x0b~8K\xbfn,\xe71\xa0c\xdcf\xb6\x12H\
+\x07Y\xeb\xb0\x18\x00\x05\x22R\xca'I\x88\x14O\
\x1d\x1d\xc0t\x9d\xd2mc\x1c\x9f+\xe0\xb9\xcf\xdf\x89\
\xb4\x11#\x18\xb8\x18\xe8- \xa0b\xa5\x07\xef\xc4\xaa\
\x0d\x87\xf03\xbf\xfdc\xb8\xfd\x0d\xa7\xa3\x92,\xa0f\
T\x82*1\x02jh\xc1nUb\x00d\xe5\x16b\
T\xb5\xc0Bp\x0f\x05d \xb7\x8f\x08L,\x04U\
L\xae/\xd4\xc5\xeaD}\xfetm\x19\x0a\xb5\x916\
\x8f\xe3u\xef\xbe\x1c#\x03\x94$$\x04+\x04/\xb6\
\x8e\xec\xb5\x1d\x02\xb1\x06\x02c\xab\xb0\xbd\x0a4O\x81\
\xd5\x9a\x84\xef\x85\x0ar\x14\xd2y\xbc\xff\xa7_\x85\xa1\
usH\xa6\x9fB\x10P\xc7\x9ea\x1c\xda5\x83\x0e\
\xf7n\x88\x9d*\x01_\x05q\xc4\xab\xc6\x5c\xa7nx\
9\x13\x1a\xa2\xed\x85X\xa7\x99\x14n\xa9\xc0\xac\x11~\
B\xf8\xc6\xf8\xa6\x16\x7f\xdb\x13P\x9b\x93\xca\xf1\xdc\x18\
\xc4\xec#\x0e\x16\xea\xc6hR\xf2\x90\xc9\x1b &0\
>\xbd\x80\xc9\xd9\x06\xa2\xf20\xa7[\x93\x9eO\x9e\x1f\
Jo?>\x9fb\xfa\xa1GP]Q\xc4k\xde\xfc\
\x0aF\x01$4\x89v\x22jog:_\xe5ml\
\x99\x87\x97)\x18|/\x18\x80\x7f\xf2|L\x82\xef\xfa\
\xf3\x9bv\x92\x0eS)\x11\x94\x89p\xf1\x99\xc0Uo\
\xf91\xb4w=\x8a\xa3\xbb\xf7cr1\xc2<5f\
\x8c#,\xd4\x9bX\xb3\xf9B\xf4\x0d\xafD\xa3\xde0\
\x99X\xa2\xc3\xb3D7\xb0\xbe\xc7\xc4\xdfA\x9bT\x02\
\xca\xf6k\x19F\xc0\xd2\xdew\x07\xcaS\x0d\x84\xfa\xb9\
 \x00e\x04\x86)P\x5c\x80\xc2z\xcf\xef\xaf\x90\xde\
\xbe\xf6$\x02\xeb\xd0^\xb80\xb7\x84R\xa9\xc0i\xc3\
&\x9b\x8c\xf5C\xd9(\x13\xf3\x01\xee\xdd]\xe2\xa8U\
\xb2\x04\x1f>\x16\xe2\xc0\xe7\xfe\x1cAq3P\xdb\x04\
$-\x84q\x84d\xeca\x04\x8d/\xe2\x8d?}=\
~\xee\xbf\xbc\x0a\xa7\x8d\xcc\xa3\x1c\xa4\x18\xe9\x8fP+\
J\xfe>\xcd+\x13\xa3\xb1\x05\xb0*\x80<\xd1\xb9z\
\x81\x9a\x9f`ub#\x01\xe9\xb0v/Dc\xae\x89\
^\x9b\xfa\x1c\x14<\xff\x1e\xb92\x81d\xe60\xd6\x9d\
;\x82W\xbej\x03\xe2V\x9b\xa5\x92\x18\xf5\xb2\xea\x80\
\x8b\xc6s\x05K-S\xf0\xc7\xa5%\xc9\x02Qe\xa8\
\xecv\xdci\xe1-o\xdd\x8aK_}\x19\xba\xe3\xf7\
Q\x8dv\x04\x85>\x1e\xff\xd1C\xd3\xe8\xa6!\xcf\xa3\
\x84\xccj\xf6\xa5\x96\xd2\xf2\x99\x80xLL\xf54\xc9\
\xb1\xf0\xd5\x03\xeb5qq\x15\xa9\x8f\x12<d\xa0\x12\
_C\xb6\x99\x11\x18\xdb\x89J\xfe\x9eQ\x01D\x9dL\
\xed{F\x02\x94I\xc8H5\xc6\xd1\xa3\xc70>5\
\x87\xa9\xb9\x06\xdb\x00\x0a\xa5~f\x0e\xd4G`~\xb1\
\x87\xd9F\x8a\xf1\x833\xe8\xec|\x0c\x97\xdd\xf6j\x5c\
t\xe6 3G*;F\xe8\x8f\xbc#\xeaQ\xf33\
le\x9e\xb3\x04\xe9\xd3\xe7\xf31\x02\xb5\xdb\x9d\xd2\xc3\
\x0f8\xf0\xea:xn?\x0d\xa5\xf4\x02\x7f\xd8\xf8\x17\
`\xa8\x04\xbc\xfa\x96sPYy\x15\x8e<\xf8O8\
:_a\xe9\xdf\xe8\x00-b\x87\x85>l<\xf3b\
\xb4\x9aD\xfc\xaeR\x0f\xa7br\xed>\x95\xfcj\xe8\
\x13\x1b\x80\xb4\x84\x16\xef\x80\x86\xff\x0a#\xe8\xd9\xe2\x9e\
\x9a\xc6\x9bZ\xa26\xc6?6\xe4\x98\x22\x9b^u_\
'%\x8d\xdeg\x0d\x7fN\x07\xb4%\xc1\x0c*p-\
\xad\xb5h\xa8n\x1010\xb6(\x9a.H\xb1g\xbc\
\x8c'\x0f\x93\xb4K\xb1\xd8\x01\x0e\xeelc\xf2\x1b\x1f\
G8|5@\xe5\xc8\xd3.C\xe1`a\x1c\xf1\xe1\
\xcf\xe0\xbck\xfb\xf0\xcb\xbf\xf5\x1e\x5cwE\x0d\xa5\x98\
T\x82\x22\xfa\xc9@H1\x15\x5c<U\x0cs\x82\xbc\
\x0c\x1a\xd0\xa8;#\x12|\xa9,Y|B\x8c\xec\xf1\
\x00\x15Q\x0d\xb8^b\xaf\xb1\x88 *e\x8a\x8aH\
\xa5\x8a\x0e\xd2\xc5\x83x\xcd[.\xc0`\xcd\x049\x99\
\xeb\xdab#\xd6\x06\xe1 \xb8V$\xd6\x06\x1d\x16\xf6\
\x1b\xc2\xa7\xdfSm=\x8a\xbe\xbc\xe8\xfc\x02\xde\xfa\xe1\
\xdb\x11/<\x80\xa8%\xdd\x84\xa3\xf2\x10\xda\xb3\x1dL\
N6\xb9\x01\x0b\xd7\xd1\xf3\x02p\xacj\xe3\x95F\xe3\
\x84,\x9b\xb0\xa4^\x18\xc7\x84\x94A\xa8\x0b2\xf1\x10\
\x92=\xafU%\x94\x87zj\x83\xd9\x0b\xba\xd6R\x10\
V\xd4\x03A|b\x1f \xa2o\x19\xc3 \x19\x04\xf7\
\xec\xdd\xc7\xba\xffB\xbd\x8b\xe9\xb9E\x8e\xba\x8c\xd3\x88\
\x99\x04\xd9\x86\xe6\x16:\x98j\x00\xd3O=\x8d\xea\xe8\
 n\xbc\xedz\x0c\x17\xc9%HnQ\xb1\xbd(\x0a\
\x90\xaeH.\xec\xde\x16T=\x01\xcd>\x1fM\xbfp\
\x15`Y\xe2\xf7\xd4\x00\xa3\xb3h\xc2\x0f\xc1\xd6\xb3\xd6\
\x02W\xdd\xfa\x16\xb4\x0f\xec\xc2\xfe}\x070\xdd\x0c\xb1\
H\xed\x94\xa8\x91B\xbd\x83\xd5\x9b\xceC\xa1R\xe3H\
?2\xa0d\x08\xdd\xb8\xff\x84\x9bR8\xafq\xf5\xf9\
1\xfc\xb1g\xf0\xf3\x88\xdf\xeak\x14\xf3otx^\
0\x8e\xf37\x8eV\xa3\x03\x9a]d\xd0\x80\x18\xf6\xd4\
X$O\x03\xf736\x04W\xd6[\x8b\x84X$`\
Zm[$\x10K@\xd4\xfd\xbb\x0b\xd83N\xa1\xb9\
\x09f{\x11\xf6<<\x86\xc5G\xefD\xb8\xf6V\xa4\
Q\xcfFzP\xd8ir\xf0\xeb\x18\x1a\xdc\x8e\x0f\xfd\
\xcf\x1f\xc1\xfb~\xecJ\xac(.\xa0\xafT\xe0\x92i\
d-&&+:\xa2i\x99\xe5\x95\x02\xf3k\xf1\xe9\
V\xd0\xe8A[\xd1(I\x98\x09\xd7\x9b]t\xe9E\
H\xae@/\xd4\x8cQ@\x80d\xe6\x08\xd6\x9d3\x88\
W\xbej-\xe2v\x87Q\x9d\x5cS\xbc\x13\x0a\xc7E\
\xbak\xd4\xa0\x87D8\x19\xc1dG\x1a\xe2/E)\
W\xde\x19\xee[\xc0\x87~\xf9v\x14kc\xc0\xfca\
n\x15\xce\xcdC*\x83\xdc\xa8sl\xbc\xcd\xbf\x95\x1a\
z\x86\xf8\x14\xc2\xdb\xfb\xf2 \xbf\xf5DhrV.\
\x93\xd2\xf3\x00\xa4\x86\xe83\x05^l\xd0T\xceK\xe0\
\xe9\xfe\xaaf8F\xa0\x88\xc11\x02\xda\xb7\xd41\xe8\
\xd0\x91\xa38v|\x9ck\x016\xda],6\xdb\xfc\
\x9a\x9a\xceP\xc7a*\x0f6G\x06\xc1z\x8c\xa9\xc3\
S\x88\xc7\x9e\xc3\x15\xb7\xbd\x0ago\xac\xb2[\x94\xd4\
g.\xe1fZ\x9f\x89z\xed\xf4~\x7f\x95\xbf\xa7^\
\x80\xbc~\xe1\xbb\x01m\xe0\x0f\x1b\xaaL\xd7^\x86\xff\
@%\x08\xf1\xb2\x97\xad\xc0\xd0\x96+q\xf4\xa1;1\
6_\xc6\x5c=\xe6Z~\x14\xed\x17\x14kX\xbb\xe5\
|6\xf8\x11\x91s\xb0\x8f)\xe8\xa1\xf1\xfej\xf0\xf3\
}\xfc\x96\xf0M\xc8\xaf\x9f\xd0#\x11\x7f\xea\xd23\x12\
_-\xb8~\xc8\xa6Y`\x8da\xb0Qm\x1e1k\
m~uuiU\x9f\x8c\x85\xdd6\x02q(A7\
\x83\xbc'\x86\x15p\xd5\xe2V/\xc4W\x9f\xa6\xa2\xa6\
@\xbb\x95`\xaaY\xc0\xae\xbb\x9eFk\xdfv\x84k\
o\x02\x0aD\x88En=N]\x84\xe3\xc9\xed\x88\x8f\
\xfe\x03n|\xf7%\xf8\xa5\xff\xfb\xdd8\xf7\xf4.J\
\xe8b\xb0\xaf\xc8AU\x02\x11\xc5S \xf6\x01\xed\xad\
h\xd0\x81\x06\xbb\xd8\x98\x05#!Mfc\xabM\xf5\
\xeb\x81\xc6\xfc\x0cP \xbd\xdb\x84\xd5Z\x11H-\x95\
b\xa4\xf5q\xbc\xf1=\x97c\xe5`\x97y\x04{&\
\x8cuZP\x88\x0bdr\xd72\xc4o\xad\xfd\xe4_\
\x17\x03f\xb9\x1c!i\xcf\xe3\xfd\x1f\xbc\x02\x9b.8\
\x1d\xf1\xd4#\x08\xe3\xa2\xc4\x0bP{\xef\xc20\x0e\xed\
9\x84\xe3\x93\x1d4\xa9 GW\x5co\xa2\x028\x83\
\xa6\xaa\x1a\xa2\x82\xf8\x89R\xa6\x14\xbb\xb2\x82\x1c\xdc\xb7\
\xee\xd1\xc4=\xb5~\x83\x14\x81\xd1\xbc\x8f,#\xb0n\
D\x13%(\xea\x9fa\x06\x1cr.B\x81\x8a~L\
\xcd\xcc`\xdf\xbe\xbdl\xa5!\xa4KO\xb2\x17,P\
\x19\xebB\x15\xdd^\x80f'A\xbd\x95`\x9e\xd0\xc1\
B\x8a\x85g\x9f\xc0\xd0\xc6U\xb8\xe2\xaas\xb89=\
\xa1h\xf2\x06D\xf90{/ \xc87\x04\xfa4\xfa\
\x82\x19\xc0\xc9~\xe8\xc5~,5\x02j\xe2\x0f7p\
\x10\x9d\x85\x8a|\x12#X3\xd0\xc5\xd5\xb7\xbc\x02\xc9\
t\x1b\xc7\xf6<\x83\xf9v\x85-\xa0\xed8d\xcb\xff\
\xc8\xba-(\x96k\x0cC\xd9\xe8\xd7S=_\xf2\xfb\
\xd9\xc7o\xfc\xf6\xfa\xd7=\x8d+\x8f\x92|L\xaa/\
\x13\xbe\xaf\xbf\x1b\x1dM\x18\x81<m\x83\x0d\x0d\xe75\
5\xfc\xb4\xb6\x1e\x85\x0ek@\xb6\xe8\xf8\xae\x9c\x97\xa8\
\x0c\x869\x98\xf7~\x0c\xb8\x1a\xa3h\xb3:\xb5\xc0\xb8\
\x8c\x92\x90\xd3>'\x16C|q[\xc4\xde\xb6V+\
\xc6T=\xc2\xbe/|\x0e\xc9|\x1b\x18\xb9\x08\x08;\
H\x09J\xa5=\xceJ\x0b[\x8b\x88\xf7\xfe\x03N?\
g\x1a\xbf\xf4;\x1f\xc4-\xafZ\x8bbg\x06\xfd\xe5\
\x02\xfa9\xbeB\x22-\xb9\xcc\x1a\xc7\xd4\x9b\xca?\xa6\
\x06\x80_\xb9Ou`u\x99qb\x10\xd5\xad_l\
\x03Q\x1f\x10J\x00\x94\xad\x16Lm\xcb\xe9\xbef\xc7\
\xb1v\xeb\x1a\xbc\xf2\x86M\xe8\xb5\xda\xa8\x94iS\x1a\
W\xa4\xa7zXb\xd7(D\xa3\x8ep\x0c\x01{3\
R\xfem\xbb\xd5\xc5+_1\x84\xd7\xbc\xeb\x8d\x88\xe7\
\xeeA\xd0\xea\x08\xb3!\x86\xc5\xdd\x99\x06\xb0\xf7\xd9q\
4Z\x09\xeb\xcbb\x030F8[.Mm\x00\xb9\
\xa8\xccL\xbc\xbc\xd7\xe6<W\xb71\xf5\x99\x81M\xf2\
2q\xfd\xbe\x97 \xf3\x9d\x0b~\xb2\x8cA\x82*e\
\xdd{\x14M\x19ann\x0e\xbbv\xee\x14\xd4\xcaU\
\x80St:\x14\x17B\xc4\xdeb\xc3wX\xeac\xf5\
\xb0e\x0c\x823\xad\x143\x07\x0e\x02\xedq\x5c\xf5\xea\
W`\xd5\x80\xd4\xcd\x10o\x80\x89\xc10*\x80E\xdd\
\xcb\xc5\x00\x04/\x92\x01\x9cHg\xb0\xe7\xf3 G>\
\xedW8\x11\xd5\x95\x17XJI$\xe4\xc3<\xf7\xac\
26_~\x1bf\x9f\xbd\x1f\x93\xf3\x09\xeb<t\xf3\
\xd4\xbd'A\x11\xa3k\xcf\x10\xe9\x9f\x09\xe4\xf1t{\
&nS\x8d\x85\xad\xf9\x12\xdf\xcf*\x802\x02\xf6\xeb\
{e\xbe\xac\xc1O\x9aEZ\xdf=\xeb\x84FWe\
\x825\x8c@=\x03\xac\xdb\xf72\x84n\xed\x5c\xb6\xdb\
\x8fJ\x07W\x08T\xe7Nu\xca\xac\x9e\xa8\xa9\xa4\xa4\
oG\xcc\xf8\xe8\xd8\x1d\xc7C\xdc\xbb3D)\xa4\xbe\
\x06\x09\x8eOD8\xf4\xb9O \x08O\x03\xfa\xd7I\
\xe8\x193\x01\xda\xf5\x1d\x84\x041\x0f\xdd\x85R\xfbk\
\xf8\xe1_\xbd\x1d\x1f\xfe\xb9\x1b0\x12\xcd\xa0\x80\x94c\
\x06\xa8\x8f\x02\xd9\x04\xb8\xa5\x9a\xb1\xc1(\x0a\x90\xc0!\
\x07\xcd\x15*S\xb8+\x87\xfeS\xe8i{NT\x00\
*\x1b\xa4\x01F\xa6\xde\xa1\xd4\xaf\xee\x22\xad\x1f\xc2\x1b\
\x7f\xf8\x1a\xac[A\xf1\x09\x941\x97\xb3;\x18\xcf\x04\
\xff\x9e\xe3\xfc5\xd0G\xe3\xe4i3\x0b\xf1n^\xbb\
\x88\x9f\xfc\xcf?\x8a4\xde\x05,\x1cC@(\xc3\xb4\
\x0fG\xb1\x8f\xc3\xde\xf6\xec\x9c\xe0}B\xba\xb2\x96f\
[\x22\xcd\x8d$6+\xa2\xf1\x85v\xdfZ\xff\xbe\xad\
qh\xd6\xde\xaeZjj\x1d:\x83\xa9-\xe5\xae.\
B5\xf8z*\x85\x1a\x15\xe5,\x1a+\x22\xfd\x0e\xc7\
'\xa6\xb0k\xf7\x1e.)FEF( \x8c\xeb\x0b\
v\xa9?@\xcc\xe5\xedH\x15(\x96\xfb\x181\x10s\
\xa0\xe8O\xda\x07\xd3\xd3-\xb4\xf7=\x83-W^\x8a\
\x0b\xb6\xaeB\x81l%E\xd7\xdd\xd8o\xe1n\xe91\
\x9f\x0d\x94~\x97*\xc02\x1e\x06\x13b\xba\x94\xf8\xb5\
\xed\x93\xf4cwz)q\xacj\x98\xe2\xd2\xab\xb7\xa0\
P[\x87\xa3;\x1e\xc1L\xab\x82FK\xe00\xe9\xfa\
\xfd\xc3kP\xe9\x1f\xe6\xfc\xfe6\x1b\xfc\x8c\xce\xaf\xd5\
y\x8dT\x177\x9e\x94\xf4f\xfd^\xa5\xbf\xa6\x00{\
\xfe}[\xc6[\xa5\xbe\xa9\xe8\xabz\xbc\xec\x02\xbf\x7f\
\x9f\xd1\xf5\xb5\x86\x9fg\xbd\x96T\x5cwl\x1eB\xaa\
\xe5\xdbZ\xa0-\xact\xe8@\x19\x01\xbb\x87\xd8\x03\x10\
q\xdb22\x98\xde\xbd3\xc0\x13\x07\x02\xa4\xbd\x14s\
\xed\x14G\xf6\xb71\xf1\xd5O\x22\xe8\xbf\x04)\xc5N\
\x13\x11\xd1\xaaspN\x07aR@:\xbb\x0f\xf1\xc1\
\xbf\xc5uo\xd9\x8a\xff\xfaG?\x89+\xce\x0dQL\
I%(qy5v\x15\x1aF\xc0H\xc03\x1c\xf9\
.;]\xd8^\x1crg\xdb\x16G\x03F\xd2d\xc4\
\x87\x92\x86\x09\x10\x12I\xa6\x8fb\xddykp\xe3k\
7\xa1\xdbj\xb2\x11\x8f\xe3>\x8cU\xdf\xba\x82\xd5@\
hc\x16\xa4\x02\x11!\x06\xaa\xcb\x8f\xee,~\xe6\x17\
o\xc7\xf0\xa6A$3\xdb\x10\xc6\xae\x0c\x18\xc7\xe4\x97\
\x07\xd0\x99\xa9\xe3\xc0\xbeiV\x078\xf0\xc6\xce\xbf\xaa\
j\x9e\x11\x90^S\xde\x84\xc9\xa1\x95y'\x03\xaf\xdf\
\xa3\xd1\xab\xa1\xe0\xa5Z\xc3\xe4^HE\xa7\xbc7\xc0\
\xc5QH'b\xc7\x14l\xd6\xb6A\x1a$\xf5)\x1f\
\x81t\xfe}\x07\x0e\x98X\x02\xa9\xbf\xa0\x1e\x02\xaa\xb0\
DnaB\x01\x0b\x8bm\xa6\x83\xa8Pat\xd3\xee\
\xa4\xdc\xc6nf\x01\x98\xd9\xb1\x1d\xc5\xbe!\x5cv\xcd\
y\xa8\x1a\x15\x80h\x8a\xd4kq\xc5\x9a`;\xcb\xe5\
<\xda\xcd\xd9\x06\x82\x17e\x03\xc8\xfd*/\xf5\xfd\x8b\
\xc9\x22K\x81GI\x83\x15_5m\xc4U\x83\xc0\xf9\
\xd7\x5c\x8b\xde\x91c8~d\x0c\x8bT\xcb\xbfCe\
\x95\xc8\x0f\x9a`x\xed\xe9B\x1cL\xf4\x22\xe5\xc9\xe2\
\xaf\xba>Y\xd0\xd5\x87\xcfF\x16\xca\xd7\xd7\x08>\xd3\
\xbd\xc7\x95\xea\xf6\x9ay\xf8\xfa\xbb\xf9\x9c\xe047\xc6\
$\x00\xc9\x84N\x7f)\x09\x9b^\xabZ@\x16h\xf9\
\xdeY\xb4\x9dK\xd0\xb6\xd3\xf6\x8cN~\x8b\xeaL\xed\
\x7f\xcfZ\xed\x1b\x8azTv\x0aTy\x962\xbf\x02\
|~[\x84\xa33\x01\xdb\x03\xe6\xba\x11\x0e>q\x1c\
3\xf7~\x19\xe1\x8a\xeb\x90\x16\x88\x01\x14\x5c\xe2E\xdc\
E\xd0\x8b\x11\xb6Z\xac\x12l8\xfd\x08\xfe\xcb\x1f\xff\
,\xde\xfe\xe6M(u\xa7Q+\x171X\x0d\xc4C\
@\xa1\xc4l\x1f0\x04J\xd2\xda\x18\x0b\x99\xae\x0d\xf3\
\xa2L_j]\xd5\xadOK\xfb\xf3H3\xe8|\x22\
\x11\x14\x10\xf4\xda@\xe3 n}\xcb\x95X\xd1\xdfA\
\x89k\xe9k@\x8f\xe7\x89\xb0\xe5\xbe\x9c\xf4\xa71P\
\xb7\xddn\xab\x81w\xbd\xfd\x1c\x5cv\xdb\xf5\xe8M\x7f\
\x05A\x9b\x8a\xe0\x89]A\xf0m\x88\xa0<\x80\x89\x83\
\xb3\x98\x1a\x8f\x11\x16\xa8wc\xce_\xef\xc5cX\x83\
\x9e-\x93\xe6b\x1e\x5c\xbb5\x17\x7f\x90q\x01\xc2\xe5\
u\xb855IJ^\xd6\xa7/P9\x9fB\x11\x9f\
A\x7fD\xfc\x0b\x8bu\xec\xdb\xbf\x1f\x93\x93\x93\x8c\x02\
\xd8\x18hj\xfdK+0i\x07F\xd1\xa1\x84\x04\xe6\
\xea\x1dF\x03\x14\xf5J\x0c\x81\x8d\x84\xcd\x18\xf3\xad\x14\
\xb3\x87\xc7\x81\xc5\xe38\xff\xda\xab\xb0\xa2_\xe2>\xd8\
\xd8\x1bzB7g\x0b\xd0\xf7\xbe[\xf0T4\x81e\
\x19\x80\x9fn\xf8|\x9f\xf3B\x9b.?\x1a\x05H\x92\
\xa1\x1c\x858ss\x09\x1b\xce\xbd\x0c\xe3\xcf<\x8c\x99\
E\xca<\x8b\x19\x02s~y\xa1\x86\xbe\xe1\xd5\xe8\xb4\
Z\x86\x98\x85\xd8\xa5v\xbf6\xee0\xd0\xcfJ{\x93\
\xfd\xc7\x81<^\xdc\xbe%|e\x04D\xd0\xd2\xbeK\
\x88\x99L\xc8=c\x84\xa2\x0d*\x84NO\xfa\x8e_\
\xebg\xdc\x16C\x8ea\x15\xc1C\x0dZ)\xc8\xaf\x06\
\xe4\x22\xc9r\x91w\x06.\xbaZ\x82\xea\x9e\x227w\
(\xbe\xed8\xc0t3\xc0g\x1e\x0bA*0u\x8f\
\x99\xea\x14\xb0\xfb[\xcfa\xf1\xd9\xed\x08W]\x8b4\
j\x03Er\xcf\x19HM\xcc\xa6\xd7AD\xc11\x87\
\xefF8\xf7Y\xbc\xf3?\xbe\x11\xff\xe9\xd7n\xc5\xa6\
\xe1\x19\x14\xd3\x94{\xd6\xf5q\xa3\x15\xb8PbC\x88\
b\xa8\xf3\xc3yM\x17[\x0a\x07\xee\x92H/\x9a>\
?\xfe1\xa2&q\xba\xf3\xcc\x01\xac;o\x147\xdd\
\xb8\x19i\xb7\xcd\x1e\x01e0\x91U7\x1c\x22\x90\xcd\
\x9bp(8\xcd\xc5\xd5\x17\x85x\xff/\xbe\x0fI\xf3\
~\x84\xf5Ei\x9a\xc7\x9eG\xd3F\x9c7\xd1(\x0e\
\xed\x9b\xc4l\xdd\xd4\xf3S\x1d\xdd/\xc8\xea\x19\x00\xfd\
\xe4,\x07\xf1\xfd@\x1f\x17#\xe1\x1b*\xd3\x5c0\x91\
\xae\xa9k3\xea\xae\xa5\x85\xcd\xd4@J\x87Fa\xc4\
*\xeb\xd1c\xc7p\xe0\xe0A4\x1bM\x04ad\xbd\
\x15\x128\xe4\x82\x87\xa8\xe8\x88\x06\x871\x0a\xa8\xb7\x11\
\x14*\xbc+\x891\x90-\xa0\xde&\xb7`\x0f\xed\xc3\
;\xb0\xfe\xdc\xcbp\xfa\xfa2\xab\x01\x1c\x14d\x99\x80\
WU\xc9\x0cKW\xcb\x8f\x18\x94{x\x11\x0c\xe0D\
\x8fl\xdc\xbfo\x03\x10\x98\xc7\xe9\x9c\xec\xfe\x0bP\x89\
R\x9c\x7f\xc9z\x14\xaa\xeb0\xbe\xf7\x19\xcc\xb5*\xdc\
;\x9d`\x0f\xa5\xf7RK\xeeB\xa1l\x8ayJY\
%-\xc9\xcd\x8c\x80]y&h\xc7\xb3\xfcK]~\
m\xdb\x95-\xe4!=\xfa\xbc\x86\x98\x9a\xa7m\x0a<\
D\xe8I_x\xf6E\xd3\xb4\x0b\xc1\x13S`i\xc5\
\xc7\x0b\x93\x90:s\xc6\x8fm\xaa\xfc\xd0\xb1\x0a\x89\x9d\
Z\x90\x95\xfa\xbe\xaa\xe0\x82c\x8c\x9eh\xaa\xbc\x88\xd1\
(\xe4\xb9\xa0\x0f\xf7M\x05\xf8\xda\xb3d\xc0\x03f\xeb\
1\xa6\xdb\x11\xf6\x7f\xe9.\xf4&z\x08V^Fq\
\xc1\x00\xf9\xe8\xb9\xae\x17\x15\xb3H\x91\xf6\xda\x08(\xb5\
w\xf6\x18\xe2}\x9f\xc0\xe5\xafY\x8d\xdf\xf8\xc3\x0f\xe3\
\xdaK\x8b(\xc5\x0d\x8c\x0eU0P\x91<\x0c\xf2\xc8\
\x08\x84$\x1dU\xddwjLJ\xd1\xa25\xa9/\x22\
i\xf7\x10\x90\x07\xc26\xec4\x1e\x12\x86\xc8\xc4\x0c\xa9\
\xa5M\x13h\x8d\xe3\xf5?|5F\xfaZ\xac\x9b\x96\
\x0a\xa2r\x10\x13\xb0\xeeA6D\x8a\xe4b#e\x91\
\xda\xba/\xe0g\xfe\xf3\x0f\xa188\x85tv7@\
Y\x8f\xb6\x80\x07Y\xffi\x90\x94r7\x88\xfd;\x8f\
1:\xb1P;_\x83\xc0\x8b\x08\x5c.7\xc1\xbav\
\xb5\xb8h\xc66 \xaf\x03\xca\xee\xa4\xa7\xe8\x01\x9e;\
\xd3\x91\x8e\x10\x92\xc904\xa1\xcea\x14\xb1\xbe?1\
=\x8d\x03\x07\x0fafv\xceb\x1f\x89\x16\x95<~\
\x17C`L)d$d\x9d_T\x012\x82\x93J\
\x18\x15\xcbl\xe7 F\xdcl\xc7\x98kF\x98\xd9\xfd\
\x14J}\xabq\xe1e\xe7\xa0D\x95\x84\x8c\xdb\xd7\xa7\
=\xeb\x018\x81\xda\xfe\xd2\xba\x01sWQ_s&\
\xf7\xdf\x04\xffPb\xc7@9\xc1\xd6\xcb/B:\xbb\
\x88\x89\xb1c\x98\xa3B\x1fm\x81:d\xf4\x18\x18]\
+A\x13\x5cS\xcd\xf8\xfe\xad\xd1\xcf\x10}\xc7\xf9\xf7\
5\xa3O3\xf0lK/f\x04&\xce\xdf\x1a\xfa\x8c\
\xbeoBM\x99)Q\xb7a\xd3t\xb4L>\xe8(\
eF\xc0O\x93t#\x896\xc2\x008L\x95\x98\x83\
\x17\xb8\x22\x0cBK~i\xd6\x9b\x91\xccy\xab\xb2\xf5\
;+\x12P\xe2W\xab\xb1\xe0\x11J\x82\x22\xc2yh\
_\x80\x07\xf7\x0a\x7f\x99\xa9\xa7\x18\x9b\x0b\xb1\xffs\xff\
\x04\xa4\x9b\x80\xc1\xf5@\x91P\x13\x89\x01o\x85\xc90\
\xd7\xed\x22lw\xd1\xdb\xf3\xafX9\xbc\x1d\xbf\xf2G\
\x1f\xc6\x07>p!\x061\x8b\x9a\x89\x19\xa8R<\x06\
\x07\x92(\x12ph\x806u\xab\x1brk\xf4\xb8\xd3\
\x04\xc2\xb2\xa9\xd5\xe7o)Cd1\xd9\x02\x80xj\
?\xd6^p\x06^\xf5\xaa\xcd@\xb7\xc9\xc1^\x9c\xb4\
b\xa3\xfc4sP\x18@\xa5\x12!\xed\xcd\xe3'>\
x\x0d\xb6\x5cy\x1ez\xe3\xdfA\xd0\xd6y\xf4\xfdW\
\xb4\x81*\x9c\x99\xb8o\xf71N\xc3\xd5\x92[Y\xf7\
\x9e\x1f\xab\x90}r@\x90\xf7\xbd\xcb\xa2\x94\xfb\xf0\x03\
\xd7`\x9eN\x9a\x9aJ\x06V\x8a\xda g!|\xd2\
\xf3\x93\x04\xb3s\xf38r\xf4\x18&\xa7\xa6d\x9d\xb9\
\xb4\x98\x87\x164\x7f\xdf0{\x8d]\x900ca\x00\
\xca\x04\xa8u}\xa1Xc;@\x8b\xed\x00\x94@\x96\
b\xee\xc8\x11 ^\xc0yW\xbc\x8c==\x14\x10\xa4\
\x95\xb5\x9d\xca\xe5\xe7\xe1di5\xd3\xa4\xe7\xf9\x18\xc0\
\xa9\xe8\x0a\xb6\xf8@\xe6BN\xaf\x94\xd8\x7f\xaa\x82#\
\xee\xa85\xa3!6\x9f{>f\xf6\xef\xc2\xe4,5\
V\x10Kx\xb7\x9b \x88*l\xfc\xa3\x0a?R\xab\
\x8f\x22\xfb(\x86_\x92x\x1c\xdc\xa7\xa2\x8b\x12\x04$\
\xf9\xfd\x0e\x09\x90\x04v\xd9|\x0a\xfd\x05\xaa\xb2no\
$;\x11t\xad\x1c\xa2V\x88QN\xeb\xe8/\xc6\xd2\
|\xb4\x12\xa0\xbf\x12px-\xa1\x15b\x0a\x9c\x82\xcb\
=\x0bL\xdf<*\xf9\xc0\x92\xcc0\x01\x86\xb79u\
\x81U\x09-\xe6\xe6,\xed\x9a\xf7n\x0d\x8a\xbe\xde\xa9\
.,\xf2\xf3'\xd4&J\xdcH_z2\xc0\xfeq\
J\xc6K0\xdb\x06\x0e\x1f\xec\xe0\xe0g\xc9(x\x0d\
P\xeb7Q?d\xa8S\xa2\xa4$\x1a\xe2\xa8\x1d\x84\
\xbd\x22\x92\xb1mH\x8e\x7f\x06\xb7\xfe\xc4\x0d\xf8\xa5\xff\
~;N\x1f]D\xd8\xebb\xb0V@\xb5(.%\
\x82\x93\x1c3`\xf2\xd9i\xec\xdc\xb4\xb2\x9d\x22n\xb7\
$\x04\xd7g\xf6V *t\xa1E\xa4z\x01cx\
\xc3{n\xc5\xfa\xe1\xae\xf8\xa9C\x17\xe4\xa3O\x92X\
\x14\xab\x90t;\xb8\xf1\x15+p\xdb\xfb\xde\x86x\xf6\
[\x08[d\xcb\xe8ZUD\x80\x0d\x05\x00Q\x08\xc4\
\x00\xe2z\x13\x87\x0e\x1c\xe7B\xaaD0\xda\x0c\xc5\xd5\
^0\x96}\x8dk\xb06\x0dQ;\x84}\xb9\x18\x00\
\x1f\x11\xaaWBQk`c\x13\xb2\x8cQ\x99\x82t\
\x11\xa2q\xc4L\xf8c\xc7\xc71==\xcd\xcdf\xb8\
\x9c\xb8\x1a$=\x83`v\x8d\xcd\xd3\xc6\x86\x98'\x87\
W\xa4Xh\xb4\x11\xa3\x88\xaeQ\x8d\xc9\x1b\xd0\xe8\x05\
X\x9co\x22\x99\xdc\x83M\xe7]\x8a\x95#b\xfc#\
\xe1j\x8d\xba\xf9\xdc\x00\xdfP\xff\x02\xa2\x82\x98\x01\x9c\
\x8cY\x04'zm-\xc5\xa6\xa6\xbb\x19\x18\x13P\x10\
\xe2\xb4\xd3k\x18Zs:\xa6\xf6>\x87\xc5N\xc1\xb8\
rB\x0e\x8f,V\xfb\x11DE\x0e\xf6\xd1~}\x12\
\xf1\xe7\xa4\xbf\x96\xf3\x22\xe3 \xb9\x01\xd5N`;\xf8\
x\xdd{\x85\xc3z\xbe|\x9b\xa8Bp?E9h\
\xe3\xb2\x0b\xcf\xc4\xdb\xdf\xf6\x0e\x5c~\xfe\x16\x0c\x17[\
(\xc6\x0b\xe8/\xf60T\x0b1@=\xdd*\x14k\
\x1f\xa0RHQ\xa6\x04\x15\x82\xceT\x10\xd2\x1a\xb2D\
M\xc8\x04\xbep\xcd\x0ecS0\xaa\x02\xeb\x90\xb6L\
\xb8\xa7\x00\xd8 \x1c\x074\xc5RL\x95w\xe9I\xc6\
\xb8\x14_\xd8\x06\x0e\x92j\xb6(R\xb0\x80\xfd\xdb&\
1\xf1\x8d/!X\xf1*\xa0\x1c\xb0w\x80\xb3\xf6\xec\
\xca1\x14@\x90t\x10PF\xdf\xfc\x14\xe2=\xff\x80\
s\xae\x0a\xf1\x1b\x7f\xf2\xb3x\xed\xf5\xab\x11u\x16Q\
-S\x18\xb1\xa0 R\xd1\x1c\x9cL%\x0e\xa0\x0d\xf4\
\x9au \xacd<\x01\x16=\xf3\x809WZ\x0a\xa1\
N\xed\xc4\xda\xf3\xb7\xe0\xfa[\xceF\xd2nq\xc1\x17\
\x95\xfa\xbcY\x89\xf8\xcb\xa4\xbb\x86\xd8\xb4\xa6\x8d\x0f\xfd\
\xf2{\x91&\xcf\x00\xf3\xc7\x11PX\x9f\xb5\xad\x98\xfd\
g,\x5cAe\x18\xd3Gfp\xech\x9b\xa16\x97\
!g\xde\xaa\xae73\x8f\xaa\xe7{\xba\xbdJy\xcb\
\x84\xb5v\x82Ib\xb2\x02\xcb0\x81\x88Q\x9f\xc4&\
h\x10U&\xeb\x8e\xdc\xa4\xbd\x18ss\xf3\x18\x9f\x98\
\xc4\xdc\xfc<\x0b\x1c2\xf2\xf9\x0cH\x08\xde\x14\x0a\xb1\
\xf5\x0a\xbd\xd5\xf7\x8a|Zu \xa1\x90\xe1\x04\x0b\x8d\
.\x1b\x08)j\x90\x91\x01\x95k\xa3\xcf\x9b\x01\x9a\xc7\
vat\xe3f\x9cv\xda\x08\xefgb\xb46\x1a\xd0\
t=Z\x22\xf9\xad\x91\xf7%\xac\x08\x94\x81E\xcb\x05\
\x02i\xcbicu.\x85\xc0\x19g\xaf\x02\x82A\xcc\
\x1c\xde\x8f\x06\xb5\xf0&\x1d'.\xb0+\xa4\xafoD\
\xdc\x22\x1c\xf8#\xa1\xb2\xea\xeeS?\xbev\xebQB\
W?\xbc\xc6\xd9\xab\x81G7\x02\x95|f\xab\xb0\xe1\
\xe6\x5cc\x8e\x8d\xe7ml\xd8\xb8\x19?\xff\xdf\xfe\x08\
C\x83\x0f#\xa9\x9f\x8f\xe3\x87\x9a\xd8\xb3\xe3\x00\xf6\xec\
\xd8\x81\xfd\xbbw\xe3\xd8\xf1\x19\xee\xda\x1a\x16\x8a\xdc\x1b\
\x8e\x92>8\x95\x97\xd5\x15\xd3\xcf\xdd\xf8\xd2\xb9/\x0e\
\x17\x94\xb1\xe00#\xe9\xb5\x9f\x9blJa\x06Z\xad\
\xc7\x06\xa3\xd8Cd6\xa92>\x95\xdc\xa2q\x1f\x99\
\x0b\xf0\xa5'\x817]\x06\xcc,\xc6\x08\x07\x0b\xd8\xf9\
\xcdgQ\x1e]\x8d\xc1\xcb_\x85\xf4\xd8W\x81\xa4\x04\
\xa4m>7\x19\x1e\xe5\x92\xb4\xab:\x5c\xb6&\xec\x00\
\xf1\xbe\xafb`\xf5\xb9\xf8\x0f\xbf\xfd\xe38\xefS_\
\xc1\xc7\xef\xf8&\xa6\xe3\x11\x94\x07\x0266\xb6\xcd\xb8\
\xa9\xde\x1c\x15\xbc\xa4\xa0\xa4\xf6\xfc\x0c\xfa7\x8d\xb8R\
O6\x88\xc6\x1c\xab\xb6\x10\xb2lu\xeaH\xdb{\xf1\
\xda\xb7\xdf\x84\xaf~q\x17z\xad\x123L\x09#0\
\xd0\xbfT@\x10/\xe2\xc3?\x7f\x13V\x9cQA\xef\
\xc866g0\x8a0\xf3\xc0c\xe7I\x93\xe6\x1c\x88\
\x06qp\xd71L\xcd\x02A\xbf!~\xeb\xbe\xcb\x05\
\xbe\xaa\x1b\xcflPq&\xfa]\x84\x9dK\xd2v!\
6+!\xfb5df\xc5\xba\xb4t-\xe1_\xd3\x9a\
\xd3\xdel\xb5\x179*\x95\xf6\x03Q\x9e\xf4)\xf0\xbd\
\x02\xce\x12'\xc6E\xd3\x1b\xc17\xc0-A}\x86\xf1\
\xd3\x14\xc6)g\x0d\x12m\x14\x22jIFH\x97\xd0\
X\x22\x05r\xc6\x0e\xa2\xef\xd2>l:c-\xa2\x87\
\xa7%3\xd0\xd4N\xb4(E\xef\xffy\x08~\xb9\x90\
\xe1\xf4T\x18\x80\x9e7\x1fi\xc4\xd3\xa5n\x09m\xfb\
e\x0a\x80\xf4\x95R\x9c~\xee\xe9\xdc\x1eivz\x16\
\xcd.\xf5\xf4\x93H.\xf2\x95V\xfa\x86\x04\xf2s\x15\
_\xaf6\xbf\xa9\xb5.\xbeS\xe7\xd2\x13W\x5c\xae\xc0\
\x85\xd5\xb9\x5c!\x0auYq\xad}j\xf6P\x08Q\
\x0e\x02\xdc~k\x84\xa1\x95\xc7\x91L\x7f\x1d\xe1\xdc\xdd\
X\xb7\xe2L\xac\xbb\xe5\x1c\x5cw\xcb\x95h\xcd\xbd\x02\
\x87\x0f,`\xc7\x93{\xf1\xf4\x93;p\xe0\xe01\xcc\
,\xb6\x11\x06\x05\x94\xcaE\xc4\xe5\x88\xd5\x16B.\x1d\
\xed\xfd\x16\x98\xa7\xe9\xe2C\xcc\x817@,\x8bb{\
\x04\x1a\x8b8\x11\x0eE\xd3IB\xab\xdb\x18\xfe\x04\x13\
\x12hw\xc5F\xb1\xed\x100\xd2\x17\xe0U\xe7\xa6\x9c\
.\x1a\xf4\x17\xb0\xf3+\xdf\xc2%kV\xa0\xb8\xea\x12\
\xa4\x93\xdb\xb8\x80G\x9av\x9c\xaf\x9e\x09*\xe44^\
\x9a\x930*\x22\x19\xdf\x8dt\xf1\xafq\xe3\xbbo\xc3\
\x99\x17\x9c\x8b\x8f\xff\xce'\xf1\xe8\xf6&j\x95*\x82\
\x80 8\xd8\xc0D\xd0\x92\xd2\xef\x1b\xd3sX\x11\x11\
\xe3\xd6\x06\x9c2v\x1d+\xcb\x1c\xb5\x94s\xa6\xe03\
X{\xcek\xf0\xca\xebO\xc7g\xef<\x84j\xb9\x80\
V[69\xd5\x11l.\xb6\xf0\x8e\xb7R\xff\xbc\x9b\
\xd0\x9b\xf8*3&\xde\x04J\xb8~\xf9n\xee\xceC\
\x06\x8eQ\xecy\xf6af\xbeT\x0eT\xa3\xf4\xac\x0a\
j\xf4te\xa3Z\x14\xc3\xc6\x1d\xa86\xaf\x02 S\
\x9e\xce\x95,\xe3\x0aDe2`\x16X\x0f\x8f\x93.\
\xca\xd5\x0a'\xec4\x1aT}\xaa#\xe5\xc7\x82H\x1a\
\x86\x18\xa8\xa2\xf5\x8e\xad\xc5]\x99\xbb/zM\x95a\
]^-\xc5f#\x08\xc9\x15L\xfcZ\x1b\x8dt\x13\
\x14\x8bEt\x9buq\x13RM\x81N\x11\xf3\xe3G\
\xb0\x0a1\xd6\x9d~\x1a\xca\xe1\xb3hX\xe9\xef\x95\xdf\
\xf3\xee\xd1\x8fM\xb0.A\x9f\xf0\xbdvc\xfax^\
\x06\x9014\xe4>\xf3\x07\xa0\xb9\x00\xf4\x1c\xac\xa6X\
\xbby\x13\x9a\x13\xc71['\xbd\xbe\xc8\xba.\xe9>\
A\xa1\x8c\xa8T\xe3\xda\xfe6\xa9\x87\x22\xe5\x8c\xdb\xaf\
\xeb\xc7\xd3\xdb\x9e|\xa47Q\x85\xddl\x22\x87\xd5\xa9\
5\xa9\xc7\xb4\xe2\x22\xb8G\xc54\xe9\xf3J_?J\
{\xbf\x85\xf6\xe7_\x8e\xe6\xfawa\xe8\x8cw \xad\
\xefDz\xe0\x8bH\xd36*\x95\x958\xeb\xac\xd3p\
\xd6\x85\x9b\xf1\xba\xb7_\x82\xf1\xb1\x0ev=\xb3\x1fO\
?\xb9\x1d{\xf7\x1c\xc6\xd1\xe3\x0bXH\x03D\xc5\x22\
\xaa\xc4\x0cz\x12\x99\xc6\xd1s\xa6\xa3K\x0f\x09\xc8\xa0\
\xcf\x15w\xb9n\xa0\x18\x97\xc4@$\xc61.A\xcd\
\xef\x8d\xb1J\xc2\xd4,|$\xf9E\xc5.\x09\xfeQ\
I\xa8\xfbv\xa5 a|\xce:`\xae\x19s%\xe5\
=\x9f\xfbWl}\xef\x8f#\x18:\x0d\x98;\x0c\xa4\
\x05\xb0\xa9\xdc\xc0\x0e\xb2h\x8b\x04\x0c\x8co\xbd\x80\xa0\
^G\xbc\xeb_\xb0i\xeb\x0d\xf8\xb5;\xfe#>\xf5\
\x87\x9f\xc6?|z\x1b\x8a\xd1 \xca}t\x1c\xad\x19\
\x85\xa7\x02\xcd\xd9y\x10\xd9\x19qo\x98X^\xb8\xd0\
\xce\x12w$\xdau\xa4\x9d}x\xe3\xbb^\x83\xfb\xbe\
\xf5\x17\x98\xa7\xe4A*\xdcAL0Np\xe1V\xe0\
\xfd\xbf\xf8~$\x8b\xdb\x106\x16x\xacR\xac\xd4$\
\xda[\x93\xb6)\xd0Y\xa0\xe8\xf72\xf6\xed\x1ccc\
\xa7Wi\xcc\x93\x5c\x0ee\x99\x92\x89\xae\xab\xb0g\xac\
\xd62c\x91\xad\xf5/EE9B5\xa2\xe6\x9cd\
Cmc\xb0\xda\xc1\x95\xd7m\x00\xa2~\xdc\xf9\xf9\xa7\
\xd0K\x22D\x04\xb7\xa9)HO\xab\xfez\x92_\x09\
H8}\x868\x14\x1b0s\xf4\x8dtZ/\x90\xcf\
\x14za\xcc\x82p(\x08\x8e\xca\xe5Q\x5c\x88\xa4\x90\
\x07h\xc7E,\xce\xce\x01\xcd9\xac=\xfd\x1cTK\
_\xc1\x1c\xaf\x95k\xb6CL\xce\x8f\xeb\xb2\x82\xda[\
4\x7f\xfd\x96S\x0bN\x89\x01\x18C\xa7u;X\x04\
\xe0-\x8a\xd6\x03\xa4\xec\xb1\xa1\xa1\x04\xc3\xab\xd6an\
\xfbA\xae\xef/\xfd\xd5\x02\xe6xQ\xa1\x8f;\xc0P\
Q\x0f\x81\xfe\xa6 \x87i\xeaaSq\xbd\xca:b\
\xdc3\xa9\x9a\x9a\xd1\xe6U}\xf1\x02\xb4\xa5\x9a\xafq\
w\xd1\xf7\xadn\x17;\x0e\x0f\xe0\xb2M\x87\xb1\xb0\xfb\
\xe3\x08\x8f\x9d\x85\xea\xc5?\x8c\xe2\x86\xadH\xa7\xbf\x89\
d\xe10\xd2\xfa\x04R<\xc8A'k\x06\xd6c\xcd\
\xab\xcf\xc4u\xaf{\x0d\x16\xe7\x87\xb1{\xc7Q<\xf5\
\xf0\xb3x\xe6\xe9\x9d8rd\x02s\xdd\x1e\xdb/\xca\
\xc5\x22\x12\x8a\xea\xa3\xb4\xcfn Q~\x14\xca\x8e\x84\
\x09\x99U\x05c\xfd\xf7\xc4\x97\xed\xe7\xe7U\xdaw\xda\
+\xb5\xa9B\x8a6\xe5\xc3Gd\x14\x04F\xfbB\xf4\
U\x12\xcc\xd0f>\x92\xa2\xfc\xf9Oc\xcb;\x7f\x18\
iu\x0eH\x16\x81\x84\x8bj\x0b\x13\xd4r\xe0\xaaj\
\xc4\x14\xfcD\xe5-\x8bH\x0e}\x1b\xd1\xe8!\xbc\xf7\
\xbf\xbe\x07\xe7]u!\xfe\xea\x0f\xff\x11G'S\x94\
\xfa\xa9\x1aS\x8c\x89\x052\xd6Qi\xb0\xaa\x10\xa3\x1a\
\xd1\xac\xaf]E\xadad1\xb5\xd3\x0e\x90L\xef\xc2\
\x86K_\x8b\x9b_\xb3\x09\x9f\xff\xc2a\xf4S\xc3\x87\
 B%l\xe3\xe7\x7f\xf5GP]\xd1F|d'\
\xc2\x8eI,\xca8\xac\xb3N\xeb\xb0\xd8\x87\xa4\xd1\xc6\
\xa1\xfdc\x1c\xfa\xe0\xac\xffD*b$dV)\xfc\
\xc9\xed{\xedD\x9c\xa9GaJ\xd2\x91\x17\xa8\x10r\
n\x0a5\xfb\xa01\xf4EM\xac]_\xc1\x85\x97\x9f\
\x89\x1b^w1\xce\xbdt#\x82\xcaj,v>\x83\
/\xdey/\x8a\xc5*:\xb1Q\xad\x94\x00\x1cy\xe9\
4H\xd6\xa2\xb2\x22\xcfJ.\xccJ\x9a\x8f(h\xd2\
\xe6\xa8\xd6AaNK\xfa?\xb9\xfeH\xb8020\
Y\x85\xa4\x864\x1b]\xce\xc4\x5c\xb5a=w\xd2B\
\xd3\xa8\x00\x1a\x0b\x90\x13\xc6\x1e':e7\xe0\xf3\xab\
\x00\xb9\xb0B\xab\x1d\xe6\xba\x00\x11\xf1\x93\x0a@\x9f\xad\
X]Aup\x1d\x0e\x1e\x7f\x0e\xcd\xae1n$!\
K\xceR\xad*7\xce]U\x84\xf8m_>\xb6\xe0\
\xfb\xad\xb8\xbd\xe6\x1c6\x18\xc4+na\x9bqj;\
k!\x00R\x01H\xea\x12A6;]<s4D\
\xa3\x13`du\x84\xe2\xc2n\xb4\xbe\xf9\x9bh\xae\xb8\
\x0c\x95snAi\xdd%\xc0\xf4}\x88\xebcLL\
\xf1\xd4A`j7\x82\xe2]\xe8\xaf\xad\xc2\xa5\x17\x9c\
\x89K\xaf<\x07\xbd\xce\xb58|`\x0e\xcf<\xb1\x17\
O<\xb6\x0b{v\x1f\xc1\xf1\xa9\x06\x97\x86.\x94K\
\xa82\x84'5\x81\xec\x06\x02\xf1\xb8\xbb\xae1\x1ar\
\x0c\x22\xa1\x03\xaa4K\xe5\x9eU\xf5\xb5\x92C$.\
\xdd\x09\xd9\x1c\x08\xae\xce4\x80/l\x0b\xf0\xb6+\xa8\
\x81H\x8a\x85R\x88\x83\xdbg\xd1\xf7\xf5/c\xf5\xad\
\xafA\xd2\xfd:\x82\xb4D,\xc3\x19\xbf\xf8\xa4\xda\x8e\
\xcb0G\xf2\x12$\x11\xd2\xa9\x03\xe85>\x81+n\
\xb9\x09\xe7\x5c\xfa+\xf8\xd4\xef}\x12_\xf8\xea~\xcc\
\xb4#4{\x01\xd2\xb8\x01$\xa4\x1e\x18)\xef\xedX\
\xf1\x95\x1b\xaac\x1f;1\x9c\x04As\x11i\xe7(\
^\xfbCo\xc07\xbe~\x07bj*Zo\xe3\x87\
\x7f\xf4b\x9cq\xcd\x85\xe8\x1d\xfd\x0c\xc26\xddt\xdb\
\xb3\xcf9G6k\xb3F7\x8e\xca\xfd\x989\xdc\xc2\
\xe4\xc4\x227\xe8\xe0~$\x1e\xe8\xce@os\x1a_\
\xa9\xe50YmB\x1bR\xbaq\xc8\xed\xe7\x88\x09\x04\
\xbd\x16j\xc5\x18\xe7\x9e\xbf\x1a7\xbe\xf6\x1c\x5c\xfe\x8a\
s1\xb06\x05Z\x07\xd0\x99z\x02\xa5\x0d\xef\xc1\x9b\
\xdeQ\xc3\x9d\x9f5)\xc1\xb6\xcb\x92N\x81\x07\xea\x0d\
\x03RI(\xa0N\xb3.=Vaut\xd7\xb3\xc0\
\xa7TZw\x0e\x0c\x22\xe3wBe\xcf\x08\x05\x88\xaa\
L\xfb\x8825\xdb\xd3\x071\xb8\xe1b\x0c\xf5\x03\x98\
\xd4\x92p^\x0dN\xdb\x09\xc9\x83\xf7fz\x95\xc9\xe4\
\x1f\xa7l\x03\xc8\xb8\x162F@o\x93e\xaa\x01\x89\
\xbbb\xd5\xdaaN\xe8\x98\x9b\x9cB\x93|\xcc\x94\x09\
\xc5\xc6\xb4\x18}\x95~\x93_b\x92v8u\xd7\x97\
\xfc.\xa3Or\xf0]=>[\xccQ\xeb\xf6i.\
\xbf\xcd\x06\xd3 \x8f\xc4\x1aY\xd2N\x17\x07\xa7\xc8\xfb\
 \x8d:\x1aM*/\x15\xa00\xf68\xea\xc7\x1f\xc7\
\xc2\xda\xeb1p\xce\xf5(\xad9\x86t\xe6a\xfa\x91\
\xa9F\x13#\x99?\x8ed\xee0\x82\xf0n\x14*\x03\
\xd8\xbc~36\x9f{\x1e^\xffC\xef\xc0\xe4X\x81\
\x99\xc1c\x0f>\x8e\x1d\xcf\xee\xc3\x91\xf1y\xc6A\x05\
\xb2\xd2\x97\x0b\xc6\xa8)\xd1]\x5c\xe2\x99K\x00h|\
\xb80\x01\x85\x95nA\x88\x18\xe4I^\x01\xf2\xa8\x1c\
\x9cNq\xff\x9e\x10\xaf\xb9P\x0aIF\x83\x11v\xdc\
\xb7\x17\xc5\xe1\xfb1\xf2\xb2\xab\x90N<\xc8\xc53)\
\xa8\x86\x89\x96\xacpV<*\x86&\xe2\xa6\xb7\x1dD\
$e\xf6\x7f\x09\xfd+/\xc4O\xfc\xef\x9f\xc0\x96\x0b\
\xee\xc2\xef\xfd\xf67\xd9\xb2_H\x9bb\xf5\xa4m\x91\
\x1a7\x9d*\x96y=\xd0\x98\xb3\x83\xb8\x88d\xf2Y\
\xac\xbf\xe86\xbc\xfc\xfaM\xf8\xc2\x97\x8e\xe0\x95W\x0f\
\xe2\xb6\x0f\xbc\x03\xf1\xf4]\x08\xc9(@\xe7d5G\
]\xa1\xaa\xc9\xfb<\x81\x0c\x07#8~h\x1c\x84|\
\xc9\x8d`\x1a\x09e\xb2\x19}\x03\x9flnS\x93_\
S\xd1\x0b\xe4\xe5\x08Q(\x84H\xba]\xa4\xed\x05\xac\
YS\xc35\xaf<\x17\xaf\xbc\xf9\x12l\xbd\xa0\x0a\x14\
\x0f\x00\x8d\x87\xd0;.kP\x5c\xf1J\xb4\x0e\xdf\x8b\
\xbb?\xf9e\x04\x85\x1a'\x84\xc9m\x1b\xcb\xbe\x0d\xb1\
5#\xb1Sa\xa4\xbc\xf9\xcc\xa75Z^SE<\
cG\xcbx\x0c\x8cA\x90\x04$\x19\xff\xca\x94\xf7\x10\
\xb7\x99V8.\xa0\x1b\xa213\x86\xd1\xf3\xae\xc5\xe8\
\x8a\x0a\xb0\xb7\xe5\xe0\xbf/\xf5mCU\xc7\x04t\xf9\
}\x15\xc0w\xe8\xbc\xb0\xbe\x00y\xcef\x11\x80\xd1=\
5\x1d\x98b\xd0\x83\x04\xab\xd6\x8c\x80v\xfc\xfc\xec<\
\x97\xfc\x92j\xbb2\xb2B\xa9*\x11~\xc6\xe2o\xdb\
w\x99\x82\x0b6\xa9'#\xe5\xbd\x90[\x1b\x97\xef\xf2\
\xb3\x95+s=~e\x06\x814\xdf\xa4\xdf\x1cj\x86\
\x18k\x94p\xf1\x8a\x16\x8e\xcc\x8a\xeb\x8e`!\xe7\xa5\
\xec\xbb\x1b\xe3\xfb\xefG\xed\xcc\x9b0x\xc1\xed(D\
\xfb\x80\xa9\xc7\x90t\xda\x08B\x92\x1e\xa6\xe4E\xb3\x85\
\xb4\xf14\xd2\xe3O\x22(U\xb1\xb2\x7f=n\xb8\xe5\
\x1c\xdc\xf0\xfa\xd7`a\xaa\x8a\x1d\xcfN\xe2\xd1\x87w\
\xe0\xe9'\xb6\xe3\xd0\xe1c\x98[L\x10\x16J\x5c\xef\
N*\xf0J\xa4\x171\x05\xba>\xd9\x0d\xb8\xf0&\xcd\
\x8d5\x0e:\xc5\x8a\xee\x81\x8c\x8e}e\xe0\xf1\x03\x09\
\xd6\x0e\x01\x17l\x04&g\x12$\x83\x05<\xf7\xd5'\
q\xc9\xba\xcd\xa8m\xba\x1a\xe9\xe4\x03@Z\xe6\xb2b\
\xd2\x91\x84\xed\xdcv\xcd\x8c)B\xfcO\xdd6B\x94\
\x91\x8co\x07\xaa\xfbp\xf3\x8f^\x8bs\xae\xba\x10\x8f\
\xfd\xcb\xa70{t\x02q}\x11!m]n\x8c\x9a\
\xed\x01`\xa5\x01;\xec\x03\xc7\x04\x9a\x8b@c7^\
\xf7\xae\x9b\xf0\xcc#\x7f\x83\xf7\xff\xf2\x07\x10\x15w!\
\x1e\x1f\x93hE\xdfP\x9b7(k\xff\x00\x1e\xee0\
\x0e\xecx\x94\xab%\x05T%\xd8\x1a\xb8L/B\xbb\
\xd7\xd4\x98'.>\xae?\xc1n[bt=t\x9a\
\x0b\x9cr|\xe1Ekq\xc3kn\xc0\xd5\xd7o\xc1\
\xf0Z\xf2u\x1eB2{\x08I\xdcaBGT@\
a\xdd\xeb1\xb7\xff)\xdc\xfdgw\xe2\xd1\xa7*\x5c\
}\xb8\xd3R\xe2\xd7nH\xde`=J\xb0\xbd\x19\x8c\
$\xb6w\xa6L\xc3\xde\x9f~c\xba\x1d\x1b\xfe){\
\x5c\x84\x015\x1d-\x14\x22Vu9s\x94b\x02\xba\
!\xea3\xe3X\x11\xf5022\x84\x10-\x9b\x0f`\
\xb0\x93\xc7\x0c\x0c\x97\xd2 \xa0e\xd4\x80\xf4\xbbi\x0c\
\xa2\x91GB\xf0N\xa7\xb5\x83\xd1& a\x82\xe1\xd5\
CTp\x1e\xf5\x85\x861\xfe\x89q\x8c-\xaaQ\x91\
=\x00>\xf1\xbb\xb4K\xf1\xf5;#\x9f\x16\xe6\xd0l\
>?\x1e\xdc\xe5\xb6\xfb\x1e\x00W\x0dF\x8b3\x900\
\x0f\xf0{\x9f\xef\xc3/\xbe\xa1\x8d\xad+S,\xcc\x07\
\xa87t\xf1\xa8\xe7[\x0f\xcdg\xbf\x8a\xd6\xc1\x07Q\
;\xf7V\x0c\x9e\xf5\x06\x84\xf13Hgw %\x1c\
\xca\xd6ij\x95M\x9b\xbeH\x85\xf4\x90\xb4\xf7!\x9d\
\xda\x0d\x94\xca\x18\xe8[\x83+\xaf:\x0bW\xbe\xf2b\
t\x1a7`\xef\x9e)l{\xf0)<\xf6\xc8v\xec\
\xd93\x8e\xe99\xda\xd1\x11\x0a\x95\xa2\xa4\xdfv\xc8n\
@\x86\xcf\x94\x9bG3\x1aP\x03\xb2\xf5#\x06\xeca\
 \x04Q,\x07\xb8\xfb9`\xa8\x1a`\xe5 \xb8\xa0\
J\x01\x11\xb6\xff\xcb\x9d\xb8\xec'>\x80`\xe8,\xa4\
S{\x11P\xa4\xa0\xa6\xf0\xea&\xd5f\x1cV\xf9L\
\xad\x81\x90\xbc\x08\xf1\xfe\xafc\xe3\x99\x97b\xe3\xaf\xfe\
\x0c\x0e\xdc\xfd\x05\x8e\xb9(\x9bB\xa7\xe2X\xcb?r\
\x8ef\xd2\x95)8i\xf2il<\xed|\xfc\xd7?\
x\x07V\x9d\xd6A:\xfe8\x82\x1eA\x7f\x92\xfe\xca\
\xa8U/\xce\xedN\x22 JzB\x15\x87w\xef\xb7\
\x1a\x02\xb72\xcf!p\xa9+ ]\x84%\xbdX>\
\xeb\xb5\x1bH\xda\x09\xd6\xac\x06\xae\xb9\xf5B\xdc\xfc\x86\
\xabq\xce%+\x80\xe800{/zG\xe6\x10\x06\
e\x04a\x19Qa\x10I\x14\xa3\xb0\xfa:\xcc\x1f\xdc\
\x8e\xfb?\xfe\x19\xec>R\xc0\x81)-)&\x12\xda\
\xee1\xcfNc\xe7\xd5\x99\x1e\xacQ7\x83\x96\x0d\x9f\
T\xb4\xac\xdd\x93\xa5\xdb1\x1d\xaf\x9d\x80\x8d\xce\xdf\xa5\
\xaeC!3\x00\xcd\x1e\xa4\x82\xad\xcd\xd9I*\xdc\x86\
\x91U\xc3\x88\x82\xe3\xa6\xa7\xa2\xa7b\xe8\x90N\xd5\xf1\
\x7f\xca\x0c\xc0\xf3#x\x88\xc7\xb3\xfe;(\xe2\x17\x03\
\xa5\x05\x19Z1\x82\xee\xc2\x22Z\xcd6\xe2\xa4\x22\xe9\
\xe4\xb4\xcb\x03\xca^\xa7B\x18&\xb5\xd7Z\xf9\xbd4\
^\xbf\x96\xbb_\xc82\x93\x8a\xa9\x99Z.\x11G\x19\
\x81\xa0\x00\x93\x8c\xc2z\xb7\x84\x01o?\x5c\xc0\xcf\xdc\
Q\xc4[\xaf\x8dq\xfbe\x09j\x05\xf2\xb3\xcb\xfdI\
\x80]\x84ha\x16\xdd\x87>\x85\xd6\xce\xd5\xe8;\xff\
&\x0cly#\xd0z\x12\xc9\xdc^\xae\xf0\xc2S@\
\xd0\xd8\x04\xb0p\xf2J;F\xd2>\x8ad\xfa\x00\x10\
\xde\x85Rm\x18\xe7n\xd9\x82s/>\x13\xef\xfc\xd1\
+p\xf8@\x80'\x1f\xdf\x8f\x87\xbf\xf38\x9exr\
7\xc6&\xea\x88\xe3\x08\x95B\x91]P\x1a\xf0d\x93\
F8\xff\xc8\xcd=mFb\x9e\x8dn\x80\xaf?\x03\
\xbc\xf9\x0a\xb1-\xcc\x17\x12\xa4\xc7\x80\xda\xa7?\x85\xf3\
\xde\xf7.\xa4}S\xc0\xe2\x82\xf1\x0c\x10[\xf1\xfdA\
v\x97X\x03!g\x16r\x14c\x19\xc9\xe1\xc7\x81\xca\
.\x9c~\xcd\xe5H\x17g\x91\xcc\xcdsl\x82m\xfa\
gq\xa4\xd9\xe8\xd6\xffe\xba\x15q$K\x17A\xe7\
q\xac\x1a\x1dAr\xec\x19\xaefd\xa3\xfdT\x9f\xb6\
\xd6d3\x16\xdeHf\x8fQ\xaeC\xaf\x8cC\x07\xa6\
$\xe29\xa4^\x80\xae\xe1'\x87\xc0\xaa\x9aIQ\x87\
d\x80\xa4\x04\xb2z\x07\x83U\xe0\xb2KFq\xe3k\
\xae\xc757\x9d\x83\xa1u\xf3@s\x0f\x92\xa9{Y\
\x05\x0c\x02\xd2\xaf\xa9\xd8\x09q\x95\x08i\xb1\x84h\xcd\
-\x98\xdb\xf7,\xee\xfc\x83\x7fB)\x8apt\x01\x98\
Z\x94D6\x12Z\xda\xb9\xc8\x1a?-\x098\x85\xc4\
\xe16\xa7\xce\xb8\x17\xceV\xe0\x1a\xa5:\x97\xa1\x08/\
\xb2\x15\x91-\x8c\xd4c\xda\xb7r-I\x1d\xa6\xa4!\
\xa0\xb9\xb0\xc0?\x5c\xb1v\x88U\x0aQ\xb7\xbd@-\
\x8f6s\x00e\x09\x9f=e\x06 F\xa0\xa5?U\
\x80j\xe2W\xb2n@\x03M\xc8\x8f=0<\x82\xe6\
\xfc\x82\xf8\xfem\x19\xe5\x18ADq\xe6\xa1\xf4\xed\xd3\
Z\xee~\xa1M-\xfa\xa0\x1d{M\x88\xaf2\x00\x8b\
\x04\x96\x94w\xca\xa6\x8bJ\xd7^S\x84\x92\x0d\x87\x01\
\xaa\x11u\x1e*\xe0\xcf\xfe-\xc4\x17\x1f\x89\xf1\xee\x97\
\xc7\xb8\xf9<\xea\x19O\x19X@\xc0\x0d\xdaC\x09?\
\x9d\x1aG\xfb\xdeOa~\xc7f\x0c_\xfc*\xf4m\
\xd8\x0a4\xb6q\xcf<f\x04\xec\x88\xeey\x9b;\xe0\
V{)\xf5\x99\x9f\x9fC:\xff(Px\x1ca\xff\
\x006\xae>\x0d\x1b\xdf~6^\xf7\xce\xb7b\xeaX\
\x17O=v\x10\x0f\xde\xb7\x1d\x8f=\xb6\x0b\xfb\x0fN\
\xa0\xde\x03j\xc52K@\x9a\xabn\x87\x5c\x8c\xa4\x1a\
8z!\x1b\x02\xed\xdd\xe3\x0b\x01\x1e\xd8\x95\xe2\xb5\x17\
Q\x13\x15\xb2'\x84xf[\x1d\xd5\xcf\x7f\x19\x9b\xdf\
z\x0b\x92\xcew\xa4\xb30-\x1d\x19\x1a\x94\xbe\xfc\x80\
qk\x8d2*A[2\xd8\xd2\xee\x02\x92\xf9\xbb\x8c\
\xfd\xa0\xe05\x15\xf5\xe2\x828\xfa1gyc&B\
\xd0\xdb\xe4F4\x0f\xb1\x97D\x8a\x82\x1a\xf9\x97\xf5\x96\
\xe9&\xb3\xd2\x84\x88\x82\x0ae6'\x170y|\x1a\
}\xb5\x80\x8d\xa7~d\x9d$\x17I4_\xd2\xa3\xd6\
\xea\xc0\xc6\xb5\xc0\xcb\xaf\xbf\x1c7\xdc\xf62\x9cs\xe9\
Z\xa02\x0eL\xdf\x83\xf8\xf0q6\x86\x86d\x1b\x09\
\x0b\xa6E8-o\x01)\xa9~\xaboA\xfd\xe0^\
|\xf3\x8e\x7fD\xa7\x1d\xa2\x1e$\xf8\xces\x94vM\
D\x17\xa0g\x88S\xbd \x99~\xcb\x1e\x22\xb0Y\x83\
\x1e\x83\x14\xe6\xe8\xa1$\xef\xbd\xef\x8eS\xfb\x82f\x0c\
\x92Q<\xa1y\xe7\x8cAQ\x15\xc9\xb3\xd4\xa0\xe6\x8d\
\x9d\x0ejC\x03&\x81K\xbb/g\x8d\xf3\xca\x9a\x96\
\xbam_\x04\x038\x11\xf1\xdb\x17>G\xb4u\xe1d\
\xb1)\xcc\xb4\xd6_Csr\x9e\x8d\x19j\xf8\x22\x82\
\x0f\xc9\x09\xcb~P\xd7fK\xac\xfd\xe4\xee3\xa1\x93\
\xbe\xe5\x9f\xdd\x82\x9e\xef_\x19\xc4rO\xaf5\x97f\
\xe61\x020\xde\x006\x82\xc5E\xa4Q\x07\xfb&\x03\
\xfc\xaf\xcf\x15\xf0oO\xa6x\xdfu\x09.\xdeH\x99\
Y@\x93\xf4\xf3^\x8aFB\xc6\xa4\x10\xd5\xde~t\
'\xfe\x0a\x0b\xeb/\xc0\xf0\x957\xa1\xb2\xfe\x02`\xe6\
A$\x8b\x13\x08\x02\x9a:I\x19\xd6F\x9c:/T\
\x1f\x01\xbd\x00\x98_D<\xff4\xd2\xe0)\x04\xd5\x0a\
V\x0co\xc4\x8d\xaf\xdb\x8a\x1b\xdf|+\x9a3\xef\xc0\
\xce\xed\x87\xf1\xe8\x03\xdb\xf0\xf8\x03\xdb\xb1}\xc71L\
\xceR\x00\x0f\x15\xfc\x8c\x10'\x92\x07\xcf\xc9M\xe4\x19\
H\xc0\x01V\x07&\x80\xedG\x02\x9c\xb9\x0e\x98\x98M\
1P-\xe0\x99\xfb\x8ebp\xcd\xfd\x18\xbd\xf6\x12$\
\x13\x0f#\xa0.?i\xdb\xd8\x03t=3Z\xaa.\
\xb4\xfcO\xcc\x99\x03\xf2\x89\xf0\x9d\xce.\xbam\xfe!\
\xfd\x0e-\xfeU\x0a\xb7^\xb0b6zP\xf9\x8f/\
6=}\xd28L\x81\xf2(\xa6\xf6\xcccf&F\
\xa9\x14!\xe6\xf8\x06\xe6d\xec\xbe\xa3\xc4\xac\xb4C1\
\x12\xc0\xf9\x17\x8f\xe0\xc6[^\x8ekn\xbe\x1a\xc3\x9b\
J@\xeb\x11$\xb3\xf7!\x1do!H\x0a\x08\xd3\x8a\
U\x84\xf92\xec<\xa7\xca\x1a\x01\xa2\xb5\xb7`~\xf7\
>|\xe3c\x7f\x83F'D\xa9\x9c\xe2\x13_\x07&\
\xe7EU\xd2\x1c~\xb19\x18\x22\xb7\x81<ys\xda\
R1L\xbf\x13\x1b\x85\xd7(\xd4\x83\xec\xfa^\x11\x80\
\xc6[\x88\x90\x94akO\x09\x8eH\xa4D\x91\xc6\x02\
\xfa\x87\x86\x04\xfegt\x0d'\x95mVevu\xb3\
\x04\x9c\x9e\x80\x01\xe4\xbf\xcb\x0f8\xf3\x99w>\xf9\xeb\
\x8aN\x12\x13\xe8\xab\x02\xd5Z?\xa6\x16\x17\xc4\xff\xef\
\xd5`#\xc9\xa0\x05)\xb51\x85-\xa6\xa1e\x9f\xfd\
\xae=^%_A\x01\xc67\xcc\xd5[]\xba\xad\xf4\
kw\x0c@\x8e\xd1-\xef\xf9\xe3\xe3\x90\xe17\xbd\xa4\
\x0c\xc0\x07\xf6\xa4\xd8\xb6?\xc0\xab.\x08\xf0\x9e\x97\x07\
\xd80\x98`f^\xf2\xe3\xd1N\xd0l\x86\xe8\xef\x0b\
\xd0;\xf4\x0cZ\xc7\x9fA\xdfY\xd7b\xe8\xc2W\xa1\
\xb4~\x1c\x98y\x18Ic\xc10\x02i\xb9k\x19\x01\
\xe7\x91\xf7\xb8\xc4\xb7\xf4\xa7\x0f\x81\xc56\x92\xc6\x1e\xa4\
\xc7w\xb3\x9eT\xed_\x89K.;\x13\x97\xbc\xe2|\
\xa0\xf1r\xec\xdf\xd5\xc6\xe3\x0f\xef\xc5\xa3\x0f<\x86m\
O\xee\xc3\xa1\xa3\x22\x8199\xce\x04\x8f\x90ZC\xf0\
\xf8\xde\x9dTS\x11X7\x0c\xcc7b\xf4\x95\x0bx\
\xfc+\xcf\xe1e+\xd6\xa2\x7f\xebEH&\xb6q\xb8\
0u\x1d\xd2\x5c\xfb\x8c\x9b\xca\x1aN\xb5\xe9\xb7!z\
\xbbk\x96\x97\xdcN\xea\xf9=\x08\x9c\x9d`\xc9\x86W\
\xeb\xa3\xa5\x1b\x91z\x96\x15\xb1\xf0\x08\x8d\x07\xa0\x1f\xe3\
\x87\xc60\xb7\x08\xc4\x15Q\x83(\x95\x99\xb8w\xd2\x8d\
\xb1j\x14\xb8\xe6\xda\xf3p\xe3\x1b\xaf\xc5\x85W\x9d\x86\
\xb06\x09\xcc\xdf\x83\xde\xa1\xc3\x08\xa8\xa7IZB@\
AL\x5c\xe3A%\x13\x11~\x84\x94\xf6]\x98\xa0\xb0\
\xf6\x16\xcc\xee:\x80\xaf}\xf4\x13ht#\x14K\x09\
\xfe\xfe\xeb\xc0\xd8\x8c\xf4\xb0h\x98\xd2\x04\xae\xfb\xb1_\
h\xd4&\x11\xe7\x08\xcc\xa0\x22\x9f(\xc5t(q\x02\
^0\x95\xb5\x07\x18\xe2\xd2\xa8@\x0e\xab0\x15\x89\xc5\
0l\x0a\xd7R5k\xf2d\xb5[\xa8\x0d\xf5\xf3\xed\
Pi\x0bE4y\xcb\x04\x9fu\x19\xd8\xafk\xb9\xdc\
\xc3\xb4y\xc8\x1d\x9c[P\xfb\xdd\xb2\xb5\xc8\xcd\xadq\
\x0c@\x80Z5\xe4\x90\xcaN\xe3\x18\xf5w0\xb5\xf7\
%y#$\x08f\xdb1\xe5\xda.Y\xbf\xbf\xab\xc7\
gQ\x82Jvn\x0e\xe9\xd5\x85\xe3\xf7\xb4\xe6Z\xef\
=\x9b\x8a+\xb8\xcfTr\xa5\xdf\xc4\xd2\xff\x9d\xa0:\
]\x93\x8cI\x1d\xa4\xf8\xfcc!\xbe\xb33\xc5\xdb\xae\
\x02^wq\x82\xfe\x88\xf2\xf2\xc5\x08\x97\xd4\xa9PG\
\x84j5E\xeb\xa9\xfb\xb1\xb8\xf7q\x0c\x9d\x7f=\x06\
\xcf\x7f#\x0a\xc3;$,\x97B\x5cCN{\x93\xaa\
C\xd65)\xd2\xdb\xc2Bb\x08IA\xc6\xd1\x1aC\
:s\x14i\xe1~\x84\xb5\x01l\xder\x1a6_\xbc\
\x15\xb7\xff\xe8\x8f`z\xac\x8b'\x1f\xda\x83\x87\xbf\xf3\
,\x9e\xda\xb6\x03;v\xb7\x990\xfa\xc9pM\x01#\
\x00\x1e\xd9\x9b\xe0\xe6\x0b\xc0}\x02\xa8\xa44\x15\xa7x\
\xf2\xb3\xdf\xc2\xcb>x;\xc2\xe1\xcdH)\x9e\x81r\
\x06\x889i\xba\xbbG\x9dL\xccV\x95\xb4\xe2\xdb\x9a\
\xaa\xf8{Ob\xf1F\xf6\xf5wkT\x14_\x9do\
\x8cr\xc7\x19\x97$\x0b.\xa9c \x9b\xd1\x9c\xdbn\
<:\xc7 \x8e\xee}\x82s8\xe9\xcbn;\xe6j\
8[\xcf\xe9\xc7\xcbn|\x05\xae\xbd\xe5\x0a\xac9\x8b\
8\xc3N\xa4\xd3_D<5\x8f -\x22\x22iO\
\x01F\x8c\xc6\x0c;3\xd9\x85\x5cM)\x225\x80\x88\
\xfff\xcc\xed:\x8a\xaf|\xe4\x13\x5c\x99\xaa\xd6\x97\xe0\
\xef\xbf\x11`\xe7\xb1\x04\xe5r\x88VO\xa4\xb7\xa6\xf2\
*\x7f\xd3lC\xf70\xa1\xbe\xf9V\x5c9\x09\xa9\xaa\
\x13\x03\xab%\x879\xe3\xa6\x14$\x91:\x02\x1c\xcb\xc5\
u\x04\xa4\xbb\x14\xab\x06\xe4Bn-\xa2T+y\xde\
\x04'\xfd\x97\xd0\xb57\xaf'R\x07|\xfc\xb2D\x05\
\xf0\xef\xc3\x7f\x9dap\x0a\xeb4\xea\xca\x93\x03\xa5r\
\x84B\xa1\x82vc\x91\x8d\x1bb\xe8\x13U\x80fC\
\xcayK\xcd|\x8b\x04L\x93MW\xca\xcbu\xae\xb1\
5\xf9m\x1d6??\xdcX`\x0d\x97v\x95z\x1c\
\xf7\xf6\x17\x92[u\x9b^\xef4j\x8aC`ks\
!\xc5L3\xc5\x9f~3\xc47\x9f\x05\xdeqe\x80\
k\xcf\xa48m\x16\xdclX\xa4\x1ez\xd4\xe1\xa8L\
\xcdJ\x1f\xff7,\xec\xbb\x1f}g\xbd\x02\xa3\x17\xdc\
\x8e0~\x16\xe9\xc4v\xa4i$\xd0\x8f$\xaf\x95\x90\
\x1aC\xae{]\x0ak\xf0q1\xf9!{H\xdbs\
\x88\xe7\xb6!\x8d\x9e@X\xadbth-n|\xf3\
Y\xb8\xf1\xed\xafGs\xe6\x87\xb0\xe3\xc9c\xb8\xef\xee\
'\xf0\xcc\xc3\xdb\xb1o\xd74Z\x0b\xecT\xc0\xae\xb1\
\x00\x97\x9f\x19\xa1\xd1M\xb9\xa2l|,@\xe9\xef\xbf\
\x84+\x7f\xe2-Hk\xf3@\x9d\x8c\x82&\xa6\x96\xed\
\x16\xcb\x8b\x08\x11\x98\xce>\xe0t~\xd5.\x95k\xe4\
`\xbfn\x00O\xc2\xbb\xfdi\x10\x86\x15\x16zR\xb3\
\xfd\xadn`\xce\x1b\x07\x18\xdbw\x04\xa5$A)J\
\xf0\x8a\x9bO\xc7\xeb\xdev\x0b.\xb9\xee\x12\x14\xfa\x8f\
\x03\xddm\x88'\xf6\xb3\xd1\x95:(\x85q\x99\xd7%\
%\xa3l\xa6\xf5\xb79'\x11\x7f\xa1\xcc\x92?Zs\
#\xe6w\x1d\xc7]w\xfc-\x1a\x9d\x08}\xd5\x04\x9f\
\xfa\x16\xf0\xec!BT\x01\xbb\xdbl\x0e\xbf\xa6\x1e{\
u\x81\xcc\xacx\xf7\xa6\xb7\xef%\x83\x19\xaar<R\
\xee\xdd\xa4\x06\xb0d7\xe2\xc0H\x7f9\xa7\xa2\x0d\xae\
\x1c\xdd\x93tf1\x08\x0b*\xe0\x14\xfa\xe6\x22\xaa\xd5\
2g\x5c\xa2\xab\xb6\x11\x19\x08\xd1\x9dX{\x9c=\xce\
\xa6o\xd8\x80\xa0\xacM\xcf\x97\x05\xcb\xda\x00\x96h7\
\xb9`\x06\xdf\xf8'\xf7\xca\x81\x9a\xfc,\x96J\x0c\xf5\
\xdb\x8d\xba\x14\xbd0p\x9c\x092\x90\x82\x0a\xdasO\
\xfb\xab9}_-\xfd\x86\xa0\xbd\x06\x97^\xa7{G\
\xe0\xc6\x8ab!\x9a\x06X\x98\x0cA\xa67\xad\x03g\
\x18\x88\xe6\x8c)\xe0b\x83!\xf5a'\xcd\xb9\x98b\
\xf7d\x88\xff\xf5\xa5\x14W\x9e\x1e\xe0\x1dW\xa6\xd8\xba\
:\xc5|\x13\x9c2KM,\x9bm\xea\xa4\x13b\xb8\
\xb5\x88\xe6\xc4W\xd0\xde\xbf\x0eC\x97\xdd\x80\xbe\x8dg\
!\x5cx\x14\xe9\xcc>\x0e\xe9\x15\x82\xea\xb8\xcd\xa9\x16\
\x1f\x96vf\x13\xf0_\x1a\x031\x83\x8076\x15\xff\
L\xea\x07\x91\x1c\xdb\x0f\x94\xbf\x8d\xea\xc0J\x5cz\xf9\
\x19\xb8\xf4\xfa\xcb\x81\xe6M\xd8\xbf{\x02\x8f\xdc\xbd\x0f\
\xcf>\xf4,\xf6l?\x84\xa7w\xf6\xb0a55\x97\
\x00F\x86\x0b\xa8?\xd5\xc5\xc0\xe7\xbe\x8es\xdeu\x13\
\xe2\xceS\x08M}C&;\xda\xb0Z\x01'\xc3\xcf\
\xf3n9\xdfp\x98\x85\xf4N/\xf6\x0c]y\xach\
\xa3\x08\xa5\xe2\x91d\xd19\xff\x95\xb3\x9b\xcbZQ\xbc\
EZ\xa7 \x97\x05\xbc\xeb\xc7/\xc5+\xdfx=6\
]\xb0\x1a\x88\xc6\x90\xce\x7f\x06\xf1\xd8$(w)$\
M\x8b<$\xecZ4{!/\x8d8\x09\x80\x8c}\
%\xa4a\x8ch\xedu\x98yn\x0c\xdf\xb8\xe3\x13X\
\xe8\x86\x18\x1cL\xf0\xe9\xbb\x81g\x0f\xa6\xacN\x91\xa1\
\xcd\xb6\x0d\xd3\xd2Z*\xbey\xff\x1a\x02\xca\xe9\xc4\x16\
\xdes\x94\x9f\xb9#\xef\x18-u\xa2H\xcbIU\xb3\
o\xad\x1b\xd0\x19\x03\xc9\xfe@\xd1\xb4l\x0f\xf3JL\
\xc4\xe4\x9a\xed\x1f\xe4\xcaJbh\x5c\x1e\xcf\xf3\xf8\xbd\
\xa9w\xcb\xea\x9c\x909\xb2>\x99\x1b\xd0\xbb]\x0df\
\xc8\xeb\x04f\x02\xd8\xe8\xc1v!\xf2Y\x97Y\xd2w\
\xc8/K\xee\x14\xd6\xe3\x8d\xee\x17P\xb1D\x93\xd3O\
\xddyl\xfd\xfel\xc5U\xbf5\x97\xd8\x08|I\x9f\
\xed\xf6\x92\xa9\xf4jA\x95\x1c\xa8Yd|}\x13*\
\xacQh\x0e\x15\x18nM\xa1\xd6Ty\x8b+\x08\xa5\
xp?\xf0\xf8\xc1\x10\xaf:\x17x\xf3%)V\xf5\
K\xe1\x0c\x8e\xe4k'\xe8L\x91\xc13B\xbdu\x0c\
\xcd\xc9O\xa1o\xd3V\x0c_|-\xaa\xeb\xcfF0\
\xff\x08\xd2\xfa$\x90R\x19/I\x9c\xe1teE\x05\
&\xb2D\xd3X]`\x0da\xa9\x02\xdb\x0e\x22\x12\xf1\
4\x17\xadq$ScH\x8b\x0f\xa2P\x1d\xc0\xe6\xd3\
6a\xf3Om\x01>t9f\xc7\x12\xec|\xe2 \
\x0e<\xf9\x04v>\xb9\x1f\x93\x13Mt*\xc0\x97\xbf\
0\x85\xca\xaa\x87q\xfaM\x97\x229\xfa4\xb7\xd6\xe2\
^\x07\x06\xd6\xdb\x9c$O\xab\x954V\xdf\xb2\xe3\xe6\
\xd4\xa5\xdax\x98@]{\x16\xcb{)o\xde\xc6\x11\
\xab\xb5\x88%K\x0c\xfa\x0bF&\x89\x94\x04\x9f\xdf\x89\
\xf7\xfd_\xefFa8\x00\xda\xfb\x11\x8f\xdfk\x82\x96\
\x8a\xd2\xaa\x80\x19\x99\x86\xb9-\xa7\xe8\x9a\xacB\xba\xd7\
B\x11)I\xfe\xd5\xd7av\xe7\x0c\xbe\xf6'\x9f\xc0\
L;\xc4\xc8p\x8a\x7f\xfd\x0e\xf0\xe8\xae\x14aQ\x0a\
\xb1\xf8\x04\xafRY\xa9\xc9\x8f\xd3\xd49R\xc2\xb7\x86\
U\x8d\xe6T\x09\x1b\xfav\x0es\x9f\xdav\xdd#*\
\x8b^\xbd\x14a\x9dmk\xd06nl\xc9\xa1)Y\
u\x22;\xa2\x93?2\x19\x8by\xf2=)\x03X\x86\
\xb1g\xe6\xdaC\x02\xd2\xa0RR\x82\xcb%b\x00\x05\
\xc4\xdd\xae\xcd\xe5\xd6rX\x9c\xecbj\xfa\xa9a\x8f\
\x095_\x8a\xd9B\xfel)h\xad\xbb\xcf\xb7ca\
\xbe\xab\xb9g\x15+u!Y\xd8\xe0\xd2I\x85\x06\x05\
-\x88\xdf\xd5A;2bj\x01G\x8a\x1f'a\xf3\
\xe5\xa7S<\xba\x0fx\xd3\xa5\x01n:/E%\x05\
f\x1b@'\xa4\x5c\xee\x04s\x8b!\x16Z!\x86\x1b\
;\xd18\xba\x13Cg^\x8a\x81\x0bn@y\xc3\x14\
0\xfd8\x92\xe6\xacH8\xb2T1V\xd3\xe4\x16\xbd\
\xacf\x07)v\x93\xae2\xa4\xb7\xaau>$\x18O\
\x12\xb4\xdbD2\xff,\x92\xe8\x19\x04\x95\x1a\x86\x07\xd7\
\xe1\xea\xdbN\xc7\xd5ox5\xbas\x038\xbe\x7f\x0e\
G\xb7o\xc7\xbe\xa7w\xe0\x9e\x7f\xdd\x8f\xda\xca!\xac\
<\xf3t\xa4\x13\xbb\x99\x19\xb9\x82\x98\x06\x9a\xabJ\x90\
\x11^\x22\x06\x9d\xfbKF\xe9\xbc\xdf\x16TzF=\
\xdd0\xde\xde1\xc7\xfa\x00Z\xf9\x8bs%\x12\xf47\
t\xb1\xb0\x13Qq?z\xb3\x1d\xbe\x7f2\xaeR,\
\x01\xa3(+\x91\x97*\xb5\xdeh\x84\xf8\xc2\x12\x92\xa0\
\x87h\xf5\x0dX\xdc7\x89o\xfd\xe9\xdfa\xbe\x1db\
\xa8/\xc5\x97\xee\x07\x1e\xdc\x9e\xb2C\x80J\xa1'V\
\xba\x9b{\xd6\xc1\x9b\x81\x9a\xf6(\x16\xb2{+f\xaf\
\xed\xc6\xe0\x19>\x95102VF\xea$\xb0\xd3\xfd\
\x91E\x01d\xf03s\xea\x5c\x84\x01z\xad:\x0a\xc1\
HN\x00\xfbq\xa3n\x1c\x19\xbd?[\xcea\xd9\xc7\
)e\x03f_\xf8\xc5\x16\xc4\x05\xa8\x10\x89^\x97\x04\
\xa7pHfFb+\xe3V\x8b\xbeW2\xdb\xf5v\
\xf7\x1b1\x9aF\x0e\xda\xccaIIh\xa7\x06d\xf4\
~\x8fa\xb8J\xb1j4\xf4\xd5r\xa320\xf8\x17\
I\xa49\xdft\xab\x04\x0d\x89!P\x91\x8b\xd9v\x80\
\x8f\xdf\x97\xe2\x9e]\x01^wQ\x8a\x8b\xd6\xd3\xe1\x01\
\xdb\x07\xa8\x9aL<\x1fcq1\xc2`\x1dh5\x9e\
\xc0\xc2\xc1\xa71t\xfe\xb5\x18\xbc\xe0\x16\x14\x86w!\
\x9d|J\xb2;\x22\xd3\xf2\x8b'(\x1b\x00\xec\xb84\
\x99+%&\x81\xad\xff\xcc\xf6\xe9}O\x0afP\xcc\
\x01%\x16\xf4\x9aH\x1a{\x91\x8e\xef\xe3h\xc4b\xdf\
(6\x9e\xb9\x16\x1b/\xd8\x82\xab\xdfv%\xea\xc7\xe6\
\x91\xc6u\xa0}\xc0D\x06\x9a\x8cI\xdb\xbdW\xf2\xfd\
\x97\xc0\x7f\xbbC]\xbb4\xbb\xf8yC\x90\x9f\x1d\xbf\
\x8c5Jx\x8d\x16\xfe\xf4\xb6*\xffD\x19/\xa7P\
\xca\xf1\xed.B\x22~\xfe\xa2\x9b\x0d\x16\xd2\x08IK\
m\x1e\xdb\xb1\x12\xa8\x00*u\x12\xadz9fv\x8c\
\xe3\xee?\xff$f\x9a!\x06\x06R|\xed\x11\xe0\xc1\
\x1d)\xeb\xd1\xb4n\xd2](0\xc6I\xc3\xcc2[\
\xddf\xfc\x18&\xed\x13\x80\xb7^\xc6p\xca\xc7e\xf4\
d\xf5\xae\x18\xfe\xae\xd8\xd3\x10%+\xa0\xbe\xb7\xc1\xee\
{G\xf8\x12\x14Fq\x0f\xd4O!\xe4 ;\xc7\x88\
\xd4\xe8\x90\x9bz\x9f\x03<\x1f<x>\x15\xc0\xbe\xcc\
U!5B\x84\xa1\x8d_?\x8d\x9eE*_\x1a\x16\
\xa5\xee>\x1b9LIlS\x17\x9f\xec\xf1\xe2\xd3\xa7\
\xfc~\x09\xfb\xb5\xbd\xd5\x8c\xeb\xc3\xd4\xf5\xb4P\xcb\xf7\
\xf5/[|S\xe1\x94-\xf3\xac!\xc1nU\x1c3\
\xf0`\x9fZ\xbc\x0d\x1d\xf8\x96iQ\x13$\x88\x88T\
\x1c\x8a3\xdf5\x91\xe2\x0f\xbf\x01\x9c\xb3:\xc0\xed\x17\
\xa78o]\x8a\x85V\xc0)\xcf\xa5b\x82\xf6,\xb9\
\xfeC\x8cP\xc5\x9d\xc6=X\xdc\xf3\x18\x06/|%\
\x06\xcf~;\xc2\xf6\xa3H&\x9f3\xb5\xf7)\xd6^\
\x09\xd1\xcd\xb7\x94\x9d\xf0\xddr\xda\x03[\x5cJ\xc4t\
d\xc3\x1b\xbbA\xc2\xcd\xd88\xb47iM \x9d\x99\
\x00\xc2'\x11\x14+\xe8+\x0f\xf2i\x93\xd9i\x04\x9c\
\xdcC\x0a\xb4_\x1f\xd7\xa9!\x0e\x1d\xe5\x9b\xcc\xa7K\
\xa5\xbd/\x85\xd4\x18eu)c\xdb\xb0\xc6(\xd5w\
\xcd\x09\xad\xb1,g<\xd4J:2\xe2\xac\xbem\xfa\
\xa2\xf8;\xda\xde\x83\x93BHi\xcf\xa1\x8bh\xf5\xcb\
0\xb3s\x16_\xf9\xc8?`\xb6\x13bd\x08\xf8\xe6\
\x13\xc0}\xcf\xa5\x1c\xd1My\x06\x92\x96\xe2\xcbN\x9f\
Z\xbc\x04 \xaf\x10If\xd6<f`\xd5'}\x97\
\xd7\xf7\xcd\xfd\xea\xafm\x19\x04\xbfM\x8ba\x08\x1a\x09\
K\xb0_\x8b\x8b\xd2X)\xb6\x22\x8cD\x05\x905\xf0\
\xe3\x11\x97[\x13\x8f\xc7>\x0f\x13xa*\x80=\xb9\
N\x1f\x19\xbb2u\x1dP \xcb\x0a7\xac\x12\x0ek\
\x89\xd9p\x0f1\x00\x8a\xd5_\x9a,fC|\x9d\xf5\
\xdf\xab\xf9\xe6O\x7f\x8e)\xe8\x0cj\xdbk+\xeds\
L!\x83\xd3\xdc\x0e\xf5\xb8\xbc\xc2@\xf1\xebZ!c\
\x90\x08\xa7\xf0R\xb9\xb3(\xc0\xf6q`\xdf7\x81\xeb\
\xcf\x0cp\xeb\x85\xc0\xaa\xfe\x00sT-\x9b,\xb6\x14\
\xb6{\x1c\x98\x9d\x8b0:W\xc7\xc2\xf8W0\xf7\xcc\
j\x0c_~\x1d\x86N;\x0b\xa8?\x86t\xee\x884\
\x00e=\x98\xe2\x05\xdcf\x13\x9d\xd9\xdf\xe5\xe2\xee$\
8\xacz:\x079iU[\x99,\xb6\xa2\x87d\xf9\
\xa6]\xdek#\xa9O\x98\x1c\x0d\x93\x1f`\xeeR7\
\x85\xd5\x0d\x8d\xd5\xdb\x8f\x18\xb4F-uazV\xe5\
\xccC9\x98\xd3\x14\xcc\x86\xccJk_'\xb6\xfaF\
&F Sg\xc7\xfd\xcb\xd7\xf6\xd4\x05\xcb\x9c\x8c$\
e\xfd\x93\x92\xfe\x89\xf8;\x88\xd6\x5c\x8b\xf9\xbd\x0b\xb8\
\xeb\xa3\x9f\xc2l\x8b\x0c~)\xee}*\xc0\xddOK\
\xed?j\x80LE7\xb2\xba}\xe0\xa4\xb8\x8d\xe9W\
\xcf\x8d\x1b\xd5R\xe0\xefyNl].7T\x99\xeb\
le \xbb\x85}c\xa3\xdd\xc2\xda\xbaL\xdek\xaf\
AzP\xc83\x17\xff\xd0\x11+s^r\xf2\x13\xd3\
o\x9e\x17\xe8\xfb\x132\x80%\x06\xbf\xfcg\xb9A(\
#\xa0\x08:\xfa\x5c\x88\x5c\xa0&Id>\x9a\xa1\x8d\
\xf4\xde\x93\xe4\x1f\xa7\xf7\x0bCp:\xbfk\xb2\xb1\xb4\
\x1f\x9bg\xefs\xddz<\xe3\x9f\xd3{|\x95\xc0\xc0\
\xd9\x8c;${Cb&s\x9dq\xd8F\xe5\xc1\xa9\
\x90\xfc\xf7d\x1f \x01\x8e\x00_\xdb\x09<z\x08\xb8\
\xf9\xdc\x00\xd7oM1PL1\xd7\x12!\xd6kR\
\xeb\xed\x00\xd5R\x88\x91\xf9q4\xc6>\x83\xc5\xcd[\
0r\xf5U\xa8m:\x0f\x98}\x02\xc9\xe24'\xa7\
p\xf3\x122\x14\xe6\x162+S\x89\x09h\xe0\x8e\xb9\
_Kp\x92hE\xe7\x91b\xa4\xb4I8r\x5c\xe2\
\x12\x18\xee\xfb\xbb\xce\x97\xdej\x98s\xac\xd6\x0f4\xb1\
c\xb0\x92\xdb#\x04s.I\xf3\xd5\x9a\x81\xdeV\xf3\
$\xa5MJ\xf2\xd4\x01{/9\x22\xcfZ\xcds;\
\xd6\x02\x07\x13\xe8\x13\x19\xd8\xbf\xe6Z,\xec\xef\xe0\x1b\
w|\x0a\xd3D\xfc\xfd)\x1e\xda\x0e\xdc\xfb\x0c\x95}\
\xa7\x82\xab\x92S\xe10\x84'\x04,\x9c\xce\x12\xac\xc5\
%n\xa2\x9d\x0ae^\xcb_%\xfe\xa5\x5c\xd2\xba\xec\
\xcc\xfc\xbb\xc4,O\x85Q\x14\xc0\xa85\xc8\xc4\x05\xd0\
k\xf2\x90Q\x0e\x8a\xa3?\x97\x0d\xe9S\xb5\xca\xd9\xe5\
\x84w\x9eG\xe8\xfb\x132\x80%p\xcfp\xcb%\x9a\
\x92\xbat\x0dG\xa4\xaa:\xb4\xa0\x94U\xe6\x12{L\
\x87U\x96\xf4\xe2\x1a\xd4f\x1e6\xec\xd7t^\xd5\x06\
\x8e\x1a\x05\xe8\xdc|\xd6 \x901\xfe\x09\x13\xd0\xe0\x1f\
\xdd\xc2F*Z\xf6\xea\xd7\xdf\xf1\xdc\x1b\x1e[V;\
F\xc6\xc0l\xf9\x85,\xba\x16\xf7a\x97\x0dU@\x0e\
\xa9\xa7\x1f\xf0\x8f\x8f\xa6\xb8\x7f/\xf0\xba\x8b\x02\x5c\xb9\
I\x9a=.P\x95]*\xf1\x94P\xfb\xe7\x10\xf3\xad\
\x00+\xdb\xfb\xd08\xbe\x0f\x03[/\xc2\xc8%\xd7\xb2\
\xa10\x9d~\x8a\x02\xbe\xa5\x1e?\x05\x12i\xb3\xd1\x1c\
\x94\xcc,]\xce\x80g%\x15g\x99\x19#\xa2\x95f\
\xaaR\xe8\x8d-\x15\x17\x0aa\x9d\xaf\xde\xe5\xec\xfb!\
+\x19hn9p67\xc4\xce9\xbfq\xc6\xce\x0c\
\x11e\x10\x8ew.\x8f(|^ai&\xccJ\x9b\
\x94\xdc}$\xf9W^\x89\xd9=\x1d\xfc\xdb\x9f\xfc\x1d\
&\xea!\x86\x06R<\xbc\x13\xf8\xd6S\x02\xfb[L\
\xfcr\x0a\xcaX\x95\x9a)\xce\xb5\xe5t\xfc\xa5R~\
Y\x0a\xd3>\x03\x16N\xb9\xef8\xaa\xd1\x22*\xef\x1e\
\xf4o~\x0e-\x025\xbf7\xfb\xdaV\x8e2B\x94\
+!yS\xe7\x82\x82N\xa0\xfe?\x0f\xf4?\xb5l\
@_\xcfP\x89\xea\xcd\x86\xad\x07\xa0\xf3B\x99Z4\
\xc3\xc6\xb7\xeeb\xa7\x8d\xa5\x93\xa1\x8d\x9f\xd2\xeb%\xf1\
x\xb9\xff\xae\xe2\x8fW\xf5\xc7\x87\xf6\xa6$\xb3\xd8\x03\
\x84\xa1X\xb8ob\xab\x9d<\xcb.\xe0r0\x889\
\xbf\x1ac\xcc\xcd8\xce-\x0b\xadn/\xdd\x8c2f\
-\x85\x0e\x1c\x99K\xf1\xe7\xf7\x00\xdfY\x07\xbc\xe1\xa2\
\x00g\xad\x02\x16Z\x94h$\x86\xc4\xee\x22\xc5\x13\x84\
\x18Z\x08\xb0b\xf6),\xee\xdb\x81\x91\x0b.\xc7\xd0\
\x05\xd7\xa10t\x18\xe9\xf4.\xa0C\x10^\x5c^\xec\
\x22\xf3\x06l+\xd0\xb8\xdd\x22\xf7`\xc2PE\xc2\x9a\
\x11:?_\xf6q\x02\x06\x90\xddHAn\x03\xe73\
\xf9\x0c%\xf9\x9ee\xfb\x0f\xf9\x82M\xcc\xc1\x12\xc2q\
\x14!@B\x8d\x90\xf9\x87\xe22\x89\xa5\x17d\xe1\xab\
F\x82f\xd8\xcfO\x05NV]\x8e\xf9C\x09\xbeu\
\xc7'0>\x1f\xa0o \xc5\xb6\xbd\xc07\x9f\x14\xd7\
t\xb3+\xc5U\x98\xa5\x99R\xea\x11Udpm\x9f\
\xe1\x0b\x05\xc7\xf0=-\xdb#`\x7fO\xdb\xcfsH\
\xd2\xde\x89\x8f\xd2\xbd\x08IM\x89v6\x00\x837\xd4\
\x98\xed1\x01m,\x12\x04T\x8e\x5cU\xa3e\xa6\xcd\
\x03Q\xfc\xd6\xd3NNf\x0b8\x89\x0d`\xf9\x0b9\
\xee\xa3\xcb\xa4\x0cY\xfa\x03\xe8\xaaI\xe9l#C\xd8\
\xaec\x5c\x1d\xa6\xe8\x87M\xf3\xf5P\x82\x9f\xfa\xab\x90\
H\x83z\xf2\xc9?B\xfc>\xacW\xa8\xaf1\xedt\
=\xa3zdo\xcc\xd3!t\xa6r\xd2\xcd\xfe\xceA\
\x02\x07\x5c\xf54\x1a\xcb-\xa8E\x1a7\xa4x\xea\x18\
\xb0{<\xc0\xb5[\x02\xdc|>\xd5\xf4\x134@\xe9\
\xbc\x94hTo\xa7\x98\xad\x87X\xd1\xecaa\xfa\x01\
\x0c\xed\xe8\xc7\xc8\x15\xd7`\xe8\xec\xdb\x10v\xb6!\x99\
9 y\xf4\x5c\x82@}\xdf\x86\x18\xccu\xed\xb8M\
\xd8\xac\x95\xf3V\x15\xca\x1a\x89,\x94\xcfL\x84\x89\xd4\
\xb3\xc1,fMe\xe1\xec12-\x1e\x92\xf2\xbe\xcb\
\x08p/\xf4Wt\x5c\xdf\xbb\xb1\x8c\xb9\x80\xd5\x05}\
\xed_oybr\xf89EB\xf1\xfdi\x0b\xd1\xea\
+1\x7f\xa0\x80o~\xec\xaf1\xd5\x08P\xab\x00\xbb\
\x0e\x02\xdfyF\xac\xfdD\xfc\x14K\xcf\xee\xde\x9c\x0a\
\xab\x0d6S\x8b\x18M{2;rc\x0b\xa2\xecC\
3\x16\xe1?n\xbe\x9c\xb5\xd0\x10\xf0\x12\xa9\xec\x08\xdb\
\x86\x0f\xb0\x8a\xe9\x84\xbf\x9f\x0f\xa0\xb4`4>c\x18\
W\xa6D\xc5n\x95\xeeT\xb8-C\xd7\xcb\xd9\x05r\
)\x19'e\x00\x19\x18\xb1\xccg\xf9\xa3\x15\xfe\xf9\xed\
\x8als\x8c\x5c4\x994\x99\xd4F\x9b\xda\xd5G\xfb\
\xbe;w\x88\xaf\xf7\xf3\x5c\x18i\xe8\xeb\xf2\xb2\xd7\x1d\
.\xb1\x12\xdb\xc2~G\xb8n\x17\xca\xa6s\x8d\x1e\xb3\
\x1b\x8b?\xe3k9d\xe3\x81X\x8b08fGA\
\xb22\x01\xfa\x8c<}\x818\xb0\xbe\xb9+\xc5\x13\x87\
S\x5c\xbf5\xc05gH\xb9\xef\x85\xa6\x5c\x8b\xfc#\
\xcdI`r\xa1\x80U\x8dE\xac\x9a\xfe:Fw\xaf\
\xc7\xc8e\x97\xa1\x7f\xc3f`\x81j\x10L\x1a(o\
\x88\xd2\xc0@r\x0f:\xdbE>\xc3/\xcc\xc4\xd9;\
\xc9\xbd\xcc\xc6\xb4\xc4\xefM\x01\x9f\xd2[m\x1fOf\
\x22x\xbc\xf5_\x92\x90\xe2\x5c\xa9\xee#\xd5\xaf}/\
\x87c\xc0Kt~\xd1g\x5c \xbd!N\x91~\x14\
 E\x06\xbf\xcbQ\x1f\xab\xe0\xcb\x7f\xfc\xd7\x98\xa9\x87\
(\x96R<s\x00xlW\xcaMQ[-\xa3s\
\x9bB5\xfe\x06w\xf8$p\xfb\xcek\xb0i\xff\xb5\
\xb2\xc1\xb5\x08sLL\x7f\x937\x04zv\x06\xb5\x8b\
d\x84\x8bg\x1c\xb4\xcc\xd2\xb8\xfb\x8c\xdeo\xa7\xcd\x04\
\xd1\xf9\x81c\x19\x10\x97\xb5\xa3.\xfbx>M`)\
\x02\xf0\xed<\xde\xc2d\x17TQ\xa0F\x02\xca\xd3\xc9\
H5x8x\xca\xad\x9fT\xe2g\xda8;\xa3\x9f\
_\xcd\xc7Z\xfbM\xb0\x10\xff\xa71\x01v\x0c\x1a\x18\
\xe4CS\x973\xb0\x84\x0d\xe6\x99\x9auU\xe9d\xda\
\x17\x96C\x9b(\x01{M\x89{\xf0\x10\xad]\x02\x93\
xD\x91\xaai\xca\xcdQ\x16{\xc0\x9dO\x02\x0f\xed\
\x03^\xb9\x15\xb8t\x930Ij\xc7M\x8fV\x1c\xb3\
\x94\x9aoE\x98m\x1c\xc5\x8a\xc3G1\xb2\xf5\x0c\xac\
\xb8\xfc\x1aT6-\x02\xd3\x8f!\xa1x\xfe\xb0\xc8\x9e\
\x02U\x22m\xce\x7f^%P\x00\xa6\xd9,\xb9\xb5\xcb\
\xba\xab\xf2[\xc3\xdb\xb0K\x16\xda\xbbHNw\xd75\
V\xa6kP\xba7\xed\x9e\x0a\xc1\xc6I\xc5'\x0eM\
\xd8$\x1e\x07\x0f,dp\xd1\x92\x86iQ9\xaf\xa1\
\xcd\x98\xdb\x17\xe1_\xfe\xf7_\xe0\xe8<\xb0b\x04x\
\xee\x00p\xdfv\xcaF\xa5\xae\xcb\xb27)\xb4\x9b\xc2\
\x9f\xc83C6\x00\x7f\xfc\x02\xbf\x03~m\xfb\x01{\
\xb1F*ll\xb3\xb7L\xdd}OH\x18F\xe5\x13\
\xa1[\x1aW\xfdP\x7f\xc3\xe9\xc2\x12\x1f\x9dY8\xdf\
\x0b\xa0s\xa1\xea\x86\xbc\xefy\xf3\xea5 \xf1\x5c\xf0\
\xf6\xe2Y-\xe5\xa4L \xc3\x00\x14\xa6\xf9M\x03\xfd\
\x93\xbb\xeb\x1b\x88\xe4\x9cE\xee?6\xd4\x88\x05\xda\x0f\
\xc6a\x125i\x8f\x12\xfc\xe3\x0a>\xa8o_\xa5y\
\xc6\xcdg\xf7\x91o\x81p\xc7\xf9\xec\xd0\xc127\x13\
b\x15\xf7m`~\xb5W\xcb\xab\xf9!\xc2\x7f)\x1c\
u\xba\xa80\x1a\xb7\xff\x953\x9b\x9cn^`)\x91\
N5:\xa9H\x08E\x14\x1e_L\xf1\x99\xc7\x80\xa7\
\x0e\x037n\x0dp\xda\x8a\x14\xcd\x1eUMK\xd1K\
\x03t\xe6bL\xce\x86\x18\x98\x066\xd5\xf7\xa2~\xe4\
\x00F\xce\xb9\x0c#\x17\xbf\x06\x85\xe1\x83H'\x9f\x95\
@\xa2\x80keK\xf4\x9c\x07v\x96@6\x8dD\xb7\
\xd24\xbb\x19\xd4j\xef\x12\x80\xf4\x0b\x8f\x9d\xe5\x8c\x86\
~\xdd\x9b|\xd8\xb0\x8c\xc5\xb6\xea\xf0\xb8\xa5\xf9\xcbk\
 .cy+\xbe~E zXF\xfa\xd8{\xf1\
\xe0\x8c\x9e7\xee\x22iO\xe0\xb2\xdb.\xc4\xd9\xf5:\
f\xc6f\xb1}l\x11\x1bF\xbb\x98[H\xa9]\x01\
O\x17E\xa5\x17\xa9\x19,\xc5_i\xfe\x85\xa9\x83\xa2\
\x15\x98RsWjt\x93\x1c}\xe3\x86\xe3\x8e\xbe\x06\
\xa6\xab \xe0q\x0b\xf3\xd0\xc6\xa0\x0ea\x0a\xe58\xe4\
\xe5\x5c\xa8\x99LJ\x0e\x17\xd6\xca@j\xbc5\xe7\xb3\
\xb3,\xcc\x82\xfa\x0f\x86TH'\xe3R\xcfz\xb3\x96\
x\xec|\xaa\x7f\x1e\x0e`\x19\xc0\x92\xe3\x969i\x16\
\x22\xa9N\xa4\x03\x96\x9fP9g%\xea\xbc\xe5\x99e\
\xbb\xd7\xecC&V\xfb\xfay\xbe{/z\xcan9\
\xcd\xees<\xda\xf9\xf8=\xa8\xba\xf4\x18\x9f)\xb8\x14\
\x0d\x7f\x97Y\xcb\xad\x99x\xfd\xd7\x97\x08:\xd1\x12\xcf\
\xae\xf8\xc2\x93\xadf\x02\xc4(\xa7\xb1\x0c\xc6>\xc0\x1d\
\x93\x80}\x93\xc0\xa1i\x0a \x02^~6\xb0z0\
\xe4~\xf0\x94iH\xe7\xa6\xde\x80\xedv\x88\xc5&0\
:\xfe\x08fw>\x83\x95\x97]\x85\xa1\xf3oD\xd8\
\xdd\xc3\x05-\xd9>\xc0E;\x85\x0bhL\xbf\x8b\xc8\
\xf3<\xd6\x1a\x12\xed%\xee8\x96\xa6\x8b\xe64a\x8b\
\xdc\xbc\xb9Y\xb2\x1dTB\xe9Qj\x1c%)h\xcf\
\x9f\xb79hE\xe0\xecf\x15\xbb\x85Y\x13+}<\
6\xc5\x99\x95\xd9\xc4#\x8e\xf5\x9f;\x82\x91\x15\xfd\x18\
\xb9m\x14\x88\xd61\x95\xbe\xfe\x83\xc0\xe2|\x1b\xe3c\
-\x1c:\xd0\xc4\xfe\xbd\x0b8zh\x11G\x0f\xd71\
9\xdb\xc6\xfc\x025\xe2\x94:\x0a0\xebQ\xa4\xea@\
\xdc\xccF\xa2B%{U\x88\xdee\xe4\xf9\x8c\xc0\xa0\
\x05\xd3\xea;CgJ\xcc\x0c\xd5\xc4P\xe9\x04\x87+\
d\xaa\xfbQ\x91=U2\xf6H9\xd3?\x90\xbe\xa0\
Vu\x94\x07\xa0c\x90\xd9u6\x1e\xcb<3\x01]\
n\x8eO\xe6\x0d\x08|\x06\xe0\x1f\x17\x9c\xd0\x0d\xe8]\
P%\x90\xbd\x82\x1c,E\x0b5T\xd8E:i\x09\
$\x95\xe3R\xe2\xdb\xeb\xf0\xe3y\x03\xecmf*\xff\
*s0\xc4e>\xb31.9\xc6`\x8f\xb5\xa3\xcb\
\x11\xbd\xc9\xaa\x12\xf5v\xd90\x0f\x1b@$(\xd4U\
\x89U*\xb1\xc6#C\x14|\x1eI\x80\xb3\xf6\x09\x9a\
\x07\xba\xa5\x0e\x95\xdd6\xfa\xe7SG\x81\x83\xd3\x01\xae\
\xda\x9c\xe2\xa2M\xd2\xc0\x82<\x06T\x00\x836P\xfd\
h\x80\xa3\xa5\x10\xa3sM\xac;v7V==\x82\
u\xd7]\x89\xeai\x9b\x81\xf9\x9dH\xe6\x8eKt\x1f\
w\xce%\xdc\xe11\xc1\x9c\xbe\xef\xdb\x012\xbb\x22\x9f\
\xcd\x97\xf9\xde\xdb\x11\x99\xe3\xbc\x0bX\x86g1E\x96\
\x97\x98)\xf0\x0d\x8fN\xb8\xfb!6:U\xe2=\xf0\
\x17\x81\xd3}\xf9\xafq\xfb\xf1d\xca\x82'\x8b\xf3H\
\x17\xe7\xe4\xd8(@X\xa4V\xe8%\x0c]P\xc6\xd9\
\x97\x0f\x01\xd1j\xa0[D\x5c\x8f\xb8T\xe2\xe4d\x13\
G\xf67\xb1w\xdf,\x17m\x1d;\xb6\x88\xc9\xa9\x16\
f\xe7\x12j\x9b\xc0<\x95Sk#\xea\x01H\xc6U\
j\xd4!\xf5\xf9\xa8O\x03\xb9v\xb5>c\x8f\x83\xb1\
\x8c\xa1.\x933ah\xc2\xd8\x9a\x9c@\xd7\xb0s)\
\x9a\xe3O\xa5?\x17\x22`\xd4\x08.\xaap\xa1\x18q\
'#\x99\x1f\x7f\x81\xf2\xf3\x97u\xfc\x9c\x0c\xf6\xe3\xc5\
\xf4\x06\xe4\x17\xce&\xe3\x11\xb3\xd1K\x0d\xc1K\xb8\xba\
\x86s\x1a\x82\xcc\xc5\xe4\x0bq\xba\x08@\xc1_&\x17\
\xc0;.\x13\xcf\xef\x13\xb8G\xdcj\xd0\xc9\xc2r\xf7\
t\xfa\x97n@\x0f%d\xa4\x9d\xb3\xd4\xea\x17\xd2\xdd\
\xc7mHm>)\x87hQ\x087\xd5\xe2\xaf\xf5T\
b\xdd\xcc\xe6\xbcT \x85>\xabpG\xaf\x14\xf7\xee\
\x02\x9e<\x14\xe0\xc2\xd3\x803\xd7\x04\x12\xb0\xd2\x02\xe6\
\x89\xf37\x81\x99F\x80\x89\x85\x10C\x133X\xf1\xdc\
\xd7\xb0\xf9\xd2M\xd8|\xe3\xe5\x886R\x82\xcf\x0e\xa0\
\xb1(\xa3\xe2\x96Dj31{\xcbK\xdf\xe4[\xb0\
:\xb0G\xd0\x22\xba\xed\xf85\x88\xc8\x19\xe8r\x84\xef\
\xce&\x7fmk,\xcf]iUB\xb5\xc98\xa4$\
\xa7\xf30\xa4\xa5\xf7\xdc\xb6\xf5*\xec\xd8Z\xbaFm\
V]Z\xf2Q\x22\xa9NFD\xd5K\x90\xf6\x1a<\
'j'\xa2Z\x87\x14\x9724P\xc2\xd0\x8a*\xce\
\xbch\x10\xd7\x17O\x07\xba[\x107\x8bXX\x08p\
\xech\x8ac\x87\x1b8|`\x12\x07\xf7O\xe0\xe8\x91\
9\x1c9\xde\xc0\xfc\x02\xb5\xad\x93y\xa3\x12oD\x88\
4\xacn\x12p\xcd\xc6vWVX\x9b\x1d\xe9\x0d\xba\
\xcc\x00\x7f\xcat\xccYdn\xb7\xa1n\x14\xdf\xee\xc0\
\x08:\x14\xcf\x1a\xd7\x9fl\xf3\xfe\xb0\xc6mo\x1e\xdd\
\x02\xfa\x8c\xd9-q\x86>r\x8f\x93\xd6\x03\xf0h\xde\
\x19O\xac\xea\xe7A\x10\xb3T\xf6\x22\xb6x\xa7\xba\xfe\
\xd4\xea,G\xaa55c\x10\xcc\xb9\xfa\xb2\xeaCV\
\xe7\xc9@\x10\xb3I\x1d\x14\xf6m\x03\xf2\xda-HN\
w\xcaD\xbf\xe5\x0cX\xe6^#\xdf\xd7\xad~\x5c\xde\
\xa3\xea&\xd2a:\xb4\xe0x\x86\x93\x8c\xbe\xa5\x9b`\
%\xb5\x04\xa7\xd4c*\xe4q\xcf\x0e`l:\xc0e\
g\x00\x83\x15\xea\x08#MMHom/\xa4\x98H\
\x22\xec\x9e\x0c\xf0\xf8\xbeCX\xfd\x8dC\xb8\xfc\xe6\xb3\
\xb0\xf5\x86\xad(\xf6\x1d\x04\x16\xc6e\x5c\xa6Rqv\
wy\xb7\x9d\xb3\xbe\xfb\xf18\x0e\x15y.-\x9b4\
\xa4B\xcc\xbb\x81\x9c\xda\xe5{\x0e\xe4*j:\xf3\xb3\
\x05\x1d\xea\xb2\xaaUF7\xf6\xf7\x9e\xafS\xfbL\x8c\
-h6LX\x18\x83\xe8\xd4\x12S\xc0J(\x13\xbe\
9\x90QR\xd2\xe8\x22\xa5'f\x98\x8bP\x01\xd6\xa8\
T\xc4\xf0h\x05\xc3\xeb\x07q\xde\xcb\x07\x81t\x05\xd0\
\xbd\x10\xbdf\x88\x99\xc9\x0e\x8e\x1d\x99\xc7\xd1\x83\xc7q\
\xf8\xe04\x0e\xeck`\xdf\xc1:\xc6'\xda\x5c\xe2\x9d\
\xea5VJ%i\x84jlyv\xbbZ\xd8\xef\x82\
\x85\xc4\xce\xe1\xef#\xfaN\xca\xbcq9\x08o~\x8c\
,\xcc\xa4\xac\xa7T@\x06\xc4\x0c\xdc\xd4\xfb\x0a\x88'\
W\xdd$\x9a\xa9\xcb\x9b)2\xfbb\x09\x03\xf0\xec-\
\xfe\xba\xb8\x81\xbb\x8d\x9d\xd9g\x86\xc8E \x88^\xc7\
!\x8cF\x97\xb2\xa0[#\xf9\x0c\xac\xd7\xf6\xd6\xea\xda\
\xb3\x17\xb3\xd1\x83\xf9\x89ul\xcd\xd9\x84\x0c\xd1[\xe2\
N\xed\x06\xb4A\x13>\xf3`\xd8\xef\x19\xa82\xdc\xd1\
M\xa8\xc23\xbb!=\x85\xcf\xce//\x9e\x81o6\
\xe1\xc3\x90\x92\xf1*\xa8\x15;\x8a\xa4\xad\x13qq\xd2\
\xfbX\xef\xa4*v\xa5\x00\xfde\x89S\xff\xce\x0e\xea\
X\x0b\xac\x19H\xb1\xa2\x0at\x1aR(\x92*\x13\xd1\
\x9e.U\x80zP@\xeb\xae\x03@Z\xc5\x05\xaf\xd9\
b\x9a\x84J^\x81\x5c)\xefx\xcf\xadU\x86=\xe5\
\xee\xde\x14\xed\xd0\x5c\x0f\xd5\xdd\xf5\xcc\xce\x03\xa2\xb6\x14\
\xc3X\xfcV\xdf\xd9\xa9\xccH}U\xf95Q(\xcb\
\x852,\xd3\xd8\x0c|\xaf\x81\xf1\xe9\xf9\x08M\xd7[\
\xd3\xba\xcd\xf8\x5c\xddBsNEpT\xb6\xcd\xb4\xb4\
\xe6\xd2\x81\xf56Rj\x09\x87cr\xc7Q\x84\xb0T\
\xc2\xaa\xf5U\xac:\xa3\x86\x8b\x8bk\x81\xe04\xa0\xdd\
\x87\xc6<09\x96\xe0\xd0\xa1\x10\xff\xf4\xe9'\xf1\xd5\
\x7f\xdb\x8er\xa9\x80\xa4#U\xac5\x9a\xd0\x22\x14#\
\xd5}\x81\xa2\xc4\xaf#tf\x0fg\xa8\xb6\x9e\x0f[\
\x18\xc4\x04>Y#\xb5[B}\xab\xd3g\xb7\xa8\x0b\
\x09\xb1\xc7\xf9{\xc0\xe7\x13Y\x06\xe0op\x17\x04\x97\
\x17(\x19\xc2\xe1H<\xd6[\xbc8\x91\x94|\xfc\xa2\
?\xd9\x88>\xb3\x11b?\xa7\xdf\xf3\x0e\xf8\xba?+\
\x026\xea/\xcb\x182R\xdd\xee]a\x9b\xce\x8d\x97\
\xedk\xe7{\x0fx\x89|\xcee\xa1\x99w\x94\xcf0\
|C\xa0E0\x06\xeay0\xd5\x97rd\x07\xe6>\
\x89\xd6\xc4m\x9aXP\xf5d\xd3\xb0\xa4\xd3\x12\xacG\
nmr[\xf5\x0d\x80\xbb\xd9\xd0\x8a\x04C\x038\xfb\
\xa2!l8}\x14\x03\xa3\x03\x18\x1a\xe9\xc3\xc8\xaaA\
\x0c\x8cT\xd0\xdf\x17\xa2\x5c\x22\xa3B\x03\xe9\xd4\x83\x92\
!(}\xbf\xbc\xbd\xa1\x19m~*\xae?r\xe5\x0d\
\xbe\xed\xc0\xc0v\x9fUh)1\xbbY\xbd\x8c@\x1b\
%\xe8\xabR^u\x1c\x99\xc8\x0c\x9at\xc5\xf5L\xfc\
\x88\x17 #\xd3\xa4FHU-\xb3&\x0a\xc5\x18r\
k\xcaT<1gc \xbc\xb8\x053\xff\xb6\xd4\xbd\
\xea\xe7\x5c\x89(0.6*\xf5.\xa9\xd7T\x99)\
\xa1J!\xed9\x09\x19\xa6u\x0c\x03Tk%\x9cv\
N\x1fN\xbbd\x03\xce\xb8\xe8\x87\xf0\xe0\x03\xff\x0f\xa6\
\x17\xc85\xe7!<\x8bA\xdd<\xdb1\xfa\x82\xc3 \
\x04\x9f:}!\xe8\x82\xe6\x8c\xf1\x91T\x00\xd3PY\
oJ\xbd4\x19\x12\xf0\xf0\xbe\xdd\x0b\x1ej\xcf#\x80\
\x93\xf4\x05\xc8rp\xef\xba\x99\x1b\xb2\xd7\xf6F\xc1\xcb\
\xd3kr\xf7\x1b\xd6y\xd5\x81j\xbe\xa74`\x9b\xe8\
\x93!Q_\x05PR\xf6\xe2\xf9\xcd'\xba\xe9D\xba\
\x1a\xbd\xd74\x01\xe1\xeb\xfb0_7\xb8\x95\x5cyu\
\xc0\x9cW\x93X\xbc\x14\xd0<\xd3s\x0cU\xbeq]\
hEjr\x86\xaeV1\x22}\x94NOe\xd1\x8d\
\xcb\x8e\x1aN\xf4\x0f\x00\x83\x03\xc0\xc8h\x19k\xd7\x0d\
a\xd3\xc6\x11\xac\xdf8\x8a\x0d\x1bVc\xc3\xc6!\x8c\
\xae\xac`x\xb8\x8c\xbe\x81\x1aP\xa4\xfc\x00j\xa9=\
\x0d\xb4\xe9\xef^\xa0E\xed\xa2\x1bHg\x9bH[M\
\xeeRDR;\x1b\xf5\xa7K\xe5\xc9d\x9e#G\xa8\
\xfc\x8d\xb7)\xb2\x92\xdb1w\xcbd\xfd\x83\xed\xc62\
\x84\xeeC4>\xd4\xd7:]\xfd?\x83\x93\xec\x1cg\
\x94G+93``)\x92\xb1q\x01\xe6\xa0\xe5 \
G\xe6\xf7\x1a\xefo\xdeZF\xa2\xc4\x97\xe62 \x05\
9\xb0-\x84\xdco\xc5\x12\xc2R\x1fP\x1a\x06\x822\
Gx\xf5f\x03\x14\x1a\x8fbh \xc6\xc4\xac;\x9b\
?\x02g\xcct\xb0?\x13\xe3\xa8j\x90\xb9Y%~\
M~su1\xa4\xc9l\xdc\xa3\xc6\xaa^\xb2XV\
\xfae$|>\xec\xd7\x97\xa1'w\x03\xe6\xdd\x08\xde\
\xe4\xda\x18\x1foA\xfc\x90M\xcb\xbd5 \x22is\
o3\x8dj2\xa4\xe9\xa4\xa9W\xf4\xd3\xe2B_\xc8\
{\xacA~\xe3,\xa0\xccq\x8d\xb4\xcf@\x7f\xea\x00\
k<\x07\x99\xac)=\x87\x86\x9e\x1aH\xc9\xd6X=\
\xc6K\xffu\xf7\xeaw>\xe2\xd0\x0d\xdb\x9eL\xab\x1a\
\xa9\x9b\x88~L\xd0\xbeDD\xde\x07\x0c\xf4\x97\xb1n\
M?6n\x1c\xc1\x86\x8d\xabp\xda\xfa!\xac\xdb8\
\x88\xf5\x1b\x06\xb1bU?\x06\x06\x22\x14\xab1P\xa0\
\x85\xa5\x86\x9c\x0d\xa0}\x14\xe8\xcc\x00\x9d9\xa4\xc7\xeb\
H{M\xa4\xd4\xdc\x92\x0a\x97\x92\xb4\xe2)\x91:\x00\
b\x99)\x1b\x89MX\xd6\xe8\xbb\x96\xe4<Ve\x98\
\xaa\xd5)\xe1\x8bp\x7f+xy\x86K\xca}I\x82\
\x97\xaa6B\xd1ROQ\xbd#n\x1e\x0d\x16\xf0\xf7\
\x90\x22%\x0fm\xb8X\x02\xc7\xa4\xbc\x1d\xe7e\xcd\xe9\
\xf0\xcc\xf1\xbc\xd6R\x18E\xb33,\x03\xd4\xd3-\x0d\
o4v\x02\x92\xf4\x81\x17\xc1\x9a2Z\xa4\xe9\x0b\x8b\
\x15\xae\xa3\x80R\x0d(\xd4\xb8\xb7\x02\xcd}g\xae\x85\
\xc6\xd414&&0q`\x02Scsxrg\
\x8c#\xc7\xca\x5c#\xa2M\xd9\x9f\x1e\x03\xf3\x1f\x99\xb4\
r\xe3\x06\xf4m\xb0\xba\xcb3j\xae\xe9\x06e\xe9\xc0\
\x08Q\xe9\x22\x94\xf3\xbay.\x16\xb9e\xe7\xb9\xca\xd8\
qq\xe2\x87s\x03\xe6\xb8\xc6\xb2\xe1\x99\xfe\xc5\xbc|\
\x005\xe4h\xccu\x1aw%\xf5R\x8b\x82f8\x9c\
\x83\xf66SP\xe1\x8f\x96\xfc\xd6kzADy\xc9\
/\xe8\xccI}nN\xa2D\x9c\xdf{\x9ed\xd2\x9e\
r\xd4jJK\x99\xcb<\x1b\xcca\xaa\x103\x91s\
\x11J\xd9\xeb\xa5\x88\xd3\xce\xd1\xdf\x0f\x0c\x0eV14\
2\x8c\x95\xabF\xb1a\xd3\x0a\xac[?\x8a5kF\
\xb0f\xed0V\xafY\x85\xe1\xc1\x14}\x95\x0eP\xa6\
\x22\x83M\xa0\xb7\x00tf\x81\xf6N&p\xcc. \
\x19o \xe9\x92\x14'\x18\xa9\xe9\xc0\x0a\x81%\xda\xcf\
2/\xb24\xd9\x84%\x0d\x17\xf3\xac\xecV\xba\x9b\xca\
L&\x86]w\x96\xd3\xc3U\x0e\xcbk\xe9~\xe3\x98\
\xba\xcc \xafdv\xc1\xbd ,G\x97K\xed+|\
\x0c'\xae\xf8\x12\xc3\xdbC\x99\x8d\xe4Q\x82\x0d\x03\xd0\
\xe0\x18/20\xb3\xf7\x8c\x8e\xc9L\xc0|\xacC\xd6\
8te\x00\x16Jx\xcaY`\x04ET@P\xa8\
\x22\xa8\x0cp\x17k\x84\x15\xe6\xe4\xdd\xc5&\x9aG\xe7\
\xd1\x988\x82\xe6\xe4$\xe6\xc7\xe7\xd0\x9c\xed0\x91\x13\
\x14\xa7\x08\xcer9\xc0C\xbb\x8a\xd2D\xc6\xba\xb9\xfd\
\xc2!95\xc8\xbb}/\xc0\xd1\x8b>\xf7\x91\x9a!\
vOq\xe2\x82\xe7&|>\x03\xf7\x97%\xebll\
B\x96\xa5\xbe\x10\x15`)\xcaw\x0b\xe1c43x\
mr\xc8'\x0cC$1\xf5\xfe\x13\x08\xa3^>g\
\xa9p\xa5\xa2\xad\xab\xcfw\xe5\xe5oN\x99\xb9M\x86\
\xd0\x1e\xe9\x92VA\xef\xf95\x87\xed\xa6\x5c\xa2\x8b\x83\
;\xd4%c\xb8.\xf7S\x13\xf8\x81\x00=\xd6\xab\x8c\
\xea,2.\x92\xc8\xb1\xbe\xfe*\x86\x86F0\xbab\
\x04\xab\xd6\xae\xc0\x8aUCX\xb3f\x18+\xd7\x8c`\
\xe5\xeaQ\xacYU\xc2\xe0p\x15\xd5J\x09A\xb9\x01\
\x14\xea@\x8fz\xd1M\x01\x1d\x22\xf0\x07\xb8\x1cw2\
M\x04\xdeA\x92\xb4\x11$\x1d\x0aH5\xde\x0a\xa3\x97\
\x1b\x0f\x83\xb7\xf2\x8e\xe3\xabt\xb5H\xcb\xaf]h\xfe\
\x9a\xb0c\x85\xe1.\x10H\xe7Q\x89\xdcA\xce,]\
\xea8<*3H\xccj\xac\x8a\xd0d\x95\xad\x9em\
\x0d\xa9\xfeN\xcb\x98\xfb\x95\x90\xb3\x12:+G\xbc\x88\
As\x1d\x87.\x0c\xb4V\xc4\xa6bT5:Ul\
\x95\x1bi\x22\x0a\xfb\xef\xe53[\x848\x8c\x10\x14\xcb\
@\xb9\x0fA\xa9\x1f\x88j\x5c<\xa5\xd7\x88\xd1<\xde\
@c\xea0\x9ac\xe3X\x18\x9fAs\xb6\x89V]\
\x8c\xae\xb4\x04\xc4w{i\xc8\xd5\xad)jp\xa0\x9f\
z4\x86x\xf6\xb0\x18q\xa9\x7f\x9fo}\x97X\x17\
\xb7\x97\x9d\x01\xd3\x174.\xabY\xf6\xbf\xf41\xb0\xfb\
\xdf\x0b\xc5\xa6WT\x104\xeeQ]D\xee\xd9\x9c\x01\
n\xbe6d\x8d~\xb9\xef\x96c\x06\xfe\xe3\xd4\xeb\x01\
\xe4\xeaI\xd8=\x96\xb9\x00\x11\x22\xc5\xfc\xb7\xd9zm\
[,i\xa0\x8d\xf84\xec\x89\x94\x1b\xba\x9a\x01v7\
e\x91\x80\x09\xc4\xe4\x188\x8a\xe2\xe2\x14\x5c2\xb4\x85\
\xd4F\x9e\xddi\xda\x198\xa4\x96\x92\xdc\x9cC\xda\xbc\
p!\x95\xc0\xe8\xe0}\x01\xfa\xfa\xaa\x18\x18\x18\xc1\xc8\
\xca\x15L\xd0+W\xad\x94\xbf+G\xb0bU\x05+\
VU\xd1\xdf\x1f\xa1J\xd5?\xcb\xb4\xb9\xea\xe0\xee \
\xddy\xa0{L$\xf9\xe2\x1c\xd2\x99\x06b\x82\xe9\xbd\
\x16\x82\x9e\x947\x0b\xb8A\x85\x8b}'\x86\x14IO\
2\xcf5\xe6\xab9\xa6&\x9d\x05\xe0:\xd5.\xd6@\
\xe8]w\x99\xf1\x03\xe5\x90\xd9\xd2j:\x92t\xa3\xd7\
S/F\xc6\xb6a\x19\xfa\xa9u\x94\xcc\x84\x02\x1b\x86\
\xac\xcd>d\xb3{D\xeb\xcef\x7f\xed\xf1\x12s\x8c\
\x06,8l\x91\x09\x975e\xc3,\xcf2\x1b\xd2\x1a\
5U\x13\xf2\xd2h\xb9jN\x91\x18s\x0dA\xa5O\
\x88=-\x22i\xa5h\xcd,bq|\x1c\x8bc\x93\
X\x1c\x9fEcz\x11\xedzJ\xd5\xd4\xa4\xec\x16\x15\
N\x8aB\xde\xb7\x9c\x10i\x04\x0d\xb5\x0b\xa7\xbc\x0e\xbd\
\xec?\xdf\x17`b>\xe0\xf0b9\xd6X\x0f|c\
\xb1\xb9c\xd71\xc8\x10\xbb\xcd}\xf0\x05\xa9\x19\xbbo\
\xa93\xea\xb4\xce\x0dW\xc66\xf3\xc5B/\x17}\x9b\
\xb1\x0dd\xd4\xee\xe7\x7f\xbc\xa0@ \x97\xf7\xe1x\xb9\
\xafk\xc8#D\xda\xa3\xf6\xdf~\xc0\xce\xd2\xdc~\xfa\
T<\x02\x9e\x13\xd5\xf3\x0f[\x97\x88I\x0cb\xc8O\
\x09\x1e\x85\x00\x95\xa8\x87\x12\xea\xf2y\x1c\xa3\x1a\x05(\
W\x8a\xa8\x94\xcb\x18\x1c\x18\xc6\xe8H?V\xad\x1a\xc5\
\xc8\x8aQ\xac\x5c1\x8a\xfe\xd15X\xb1\xb2\x82uk\
\x060<\x14\xb2\xab\xad\x5ci\x02Ej\x9c1O\x96\
\x1d\xa0w\x0c\xe8\x91\x0e\xde\x04f[\xdc\x802I\xa8\
t\xacJX\x95\x8ef7p\xc6c\x0f!3\x9a\x1e\
\xb7\x02s\x85G\xbc\xa8\xb8\x8c\xe4\xf2\xe7\xcb\x02q\xf1\
Mg\x90\x95\xd2\xb9\x8b\x1a\xb3rT\xa5w\x06bz\
./\x0fRge\x05o%\xcbT\xf2\x10\xd5\x97\xc6\
\x96 =(\xea\x8c{\xee8\xf9\xa3\x84\xab\x8c]7\
\xa6Z\xf1\xa9@\x89nt=\x97^P\x0d{\xfa\x9d\
&;)c3\xae5_q\xb6\xe2\xd3\x9c\xabTD\
08\xcc\xad\xc5\x10V\x81n\x88\xd6l\x0b\x8d\xbd\xb3\
h\x8c\x1fBc|\x0a\x0b\x93\x0bh\xcc\xc5\x1cr\xcd\
v).\xb2Lu\x04)\xb8GzW\x92\xc5:J\
(\x81\x08(V%:\x93\xa27\xc7fC\xec8\x04\
\xec9\x9ab\xdf\xf1\x00\x87\xa6E\xb2S\x91\x11\xd7B\
L\xb7\xb0\xc7\xcc\xcc\x10}\xc5Ki\xc8F\x90\xf2=\
Y\xb6\xba\x84j\xb9\xc7$\x83\xd6\xc4\x14\xad5*\x9e\
\x09\xba\xb3\x82\x22_\xa8)9\x09\x1d\xe7\x1e'.\x09\
f~\xb5D\x15p\xdf\x1a\xae\xad\x14k\x16\x90*\xfe\
p;05\x0e\xf9\x1c\xcf\x1b\x90\x09w\xcc\x0e2\x1b\
\xd1\xa0\xf9\xfc\x5cj\x8c}\xe8\xd4\x85\xb7\x83\x0b\xceZ\
\x8b+/\xbf\x12\x03C5\x8c\xae\x1a\xc2\xea\xd5\xc3X\
1Z\xc2\xf0\x00\x95\x82\x02\xaa\x95\x06\xa2\x22E\xc9\xcd\
\x02\xf1\x1c\xd0\xdb\x0e\xf4\xe6\x80\xf6<[\xd2\xd3\xf9:\
z\xa4\x7f\xc7\xd2UFR|I\xaa\x90\x1f\xaeh\xcb\
i\xc9^\xd3\x0c\x0c\x22x\xcdo0\x1c\x99\x9d\xc9\xdc\
t,3+Z\x96\x5c\xe1\xb9C3\x1e\xdc\xce\xb8\xb6\
To\xcf\xb2nu\x95YL\xe0Y\xe3\xddV\xf3'\
\xd7\x18\xe7t\x1e-J\xf6\x5c\x9f~\xc2\x8f^\xc4C\
\x19\x96x\x8d\xc5\xc51&\x97\xaba\x8ev\x1b\xdaG\
\x16\xcbT\x06\xca\xc6],\xa7\x8dz\x8c\xcf\xdb\x0dN\
\xc8h\xe6\x9b\xcf )\xb6\xba\x86f\xb2\x01\xd3\xcf\xce\
\xa07{\x18\x8b\xc7\xa61=>\x8f\x1e)\xeb\xb1$\
\x04Q\xec?WU'C\xae\xce\x1bU|f\x8d&\
A\xa9\x1c\xa0R\x16\x86J\xc7\x1e\x9d\x01v\x1dM\xb1\
\xf7\xb8\xf4\x0c<>\x93`\xbe)\xf3R*R\xddE\
\x82\xfeN\xef\xb7\x02+\x131a\xa2\x133\x01`\xea\
5\xd1\xfb\xf0\xc1\xb92?\xdfi!u \xa5s\x16\
\x95uS\xa2'\xba1\xcdY]\xb0\xa7;\x9bwZ\
+p\x96\x01v:\x82\x93W\x05>\xc1:\x89\x0d\xd6\
\xe8b\x0e\x18\x9a\x9d pW\x8a\x1bhQ\x0e\xe3+\
\xf7\xad\xbe\xba1\xbd*\xbfj\x13\x90\xefT\xe2\x12\xac\
\x97..\xe4G\xdf\xbca\x00\xbfw\xc7\xefa\xdd\xf0\
}@k7\x90\x1c\x05z\x8b@k\x0ch\xcf\x00S\
\x0bH{m\xd3]V\xe1\x5cv\xef\xd0\xca\xd8\xf4e\
F[F\x85\x08\x1aK*\xc1d\x1f\xcb\xbb\x08}\xba\
U\x8d9+\xedM\xb1\x09\xb3\x1azL\x06!*\x14\
TH\xeb\xaf\xa6O\xdf\xb9e\xc94\xfdTb\xf1D\
\xb1\xb7\xff\xecu\xed\xc9<\x84\xe2\x9fT\x86)\x9d\x93\
\xfcx\x81\xec\x16w\xca\x9aV\xbdu\x9b\xd7\xb1\x18[\
c\xd1p\x8cL\x88\x91\xd1\x91\x85\xf1\xe40\x89W\xbd\
t\x89\xda\xc2\xdb#FP(\xa1=\x13\xe0\xde\xbfz\
\x94\x1a\xe8\xa2:,Y\x98\xa52u\xfd\x15\x88\xde&\
}>\xa6\xe0+j\xf8\x22\x9e\x1a\x22d:\xcfb\x1b\
8:\x01\x1c\x9a\x00\xf6\x1eKql\x1a\x98\x98O9\
\x1c\x9b\xd7\x86\x13\x85(L@v\x05\xd9\x02\x88\xf8\xd5\
\x85\xcd\xbb\xd3\xd7T\x99Q\x19\xe8\xae\x8c\x93\x85\x81[\
#\xf9\xf8\xc4\xe0\x5c\x18\x8a\xd0\x01!dj\x17\x96p\
(\xb0\xc9\x95\xf0\x88^\xd7-GU\xd9=c\x07\xb7\
\xf4:\xa7\xa4\x02,9\xa1Ej\xd9\xaa3\xd6\xfa\x9e\
\xf6l7\x1f\x0bYM\x00\x86\x10{\xb6/\x80\xea\xc3\
YC\xa0\xc2~e*\xb4x\x01\xa2^\x8cw\xbe{\
\x18\xeb\xce,\xa2\xbb\xff!D\xe4:k\xc7\x08\xba\x0d\
\xa4\x9dYv\x9d\x91\xe3\x9d\xe8Y+>i1U\xb3\
\x9f\xbd\x0d\xea\xb1NS\xfdS&X\x83g\x1c<\xd3\
\x03}\xc8&\x01E\x0e\xdaj\x7f\x04'P\xfd\xf9\xa1\
\xac6\x8fK\xfb)\xb0\x992SKY\x892\x0c\x1f\
\x0dX\xf4`\x05\xabF7\xfae\xb6\xb2\xc5+\xc4\x18\
j\x90\x84\x0d\xbc\xd1K\xb9\xebg\xee\xd8\xb7,e\x8e\
3a\xac^\xe0\x8a\x85\xf8\x1e7\xd2\xf4i\x1b\x7fa\
\xbb\x03\xd1q\xea\xda5\xd1\x87\xf6\x86\xbcn\x9a\xda\xd1\
\xc9\x0f\xb5R\xe3'\xc1\xf7\xc5\x19\x0c\xaf*\xe0-\xbf\
\xf9j<\xf0\x8f\xdb\xf0\xd4\x83\x13\x08\xaa!ja*\
\xfd\x9a\xc9=K*cY\xdc\xb4\xedv\x80}c)\
\x0eL\x01\x07'R\x1c\x9d\x06f\x17S\xb4\xa4\xd3\x98\
%.*\xa4\xcc\x1d\xa0\xb8\xa9\x93\xac\xa2Fn\xb2\xba\
`\x11X\xb6V\x84NT&\x10\xca\x93\xfez,\xef\
OS\xcc\xc9\xcf\xd9\xd0y\xd6p`\xd7)K\xbcD\
TO\xd3\xbaru\xc09\xea\xd6\x0e\xe2\x19\xfe~b\
~\xf3<\x0c\xc0\x1b\x97v\x92\xf5c\xdeD\xd2i\xac\
\xb3\xdb\x08*\xd5U-t\x9a\xb1\xf1\xa5\xab\xeb\xcfW\
\x1a-\x96\xf2X\x81'\xcd(\x8d8*\x14\x11\x1d\xdd\
\x8b\xe4\xbe\x1fG'>\x17A\xf1\x1c\x04\xa5\x1a\x82B\
\x85\xe34\xc2b\xc4\xdc\x1aQ\x0b!\xc8\xc56\x07\xc4\
\x8b\xe2\x86c#\x1e\xfdm\x22\x8d[\xa6\xde~vr\
\xa4\xba.\xbd\xb0\x18\xc7\xddk\xba|h\xac\xc3\xbc\x1e\
C\xb1\xd4\xad\x1fe\xf2\xc5\x5c\x82\x8b\x95\x0a~\x0dB\
\x87L2\xe7\xf2tE\xeb_\xb6\xe7v~s\x8fG\
x\xd7tv\x08\xcb\x15\xec\x8e\xf7'\xc0\x87\xa5\x12`\
\xa4\xc3\x92\xeb\x9ak,\x11\xc9f\x146\xc0E\xab\x03\
\xfb\xca\xa8\xcfH\xfc\x0d\xe6cSS\x1b\xc2cr\x99\
\x86@\xfe\xb8\xb9\xdd|\x01\xe9\xdc\x04\xca\xb5:n\xf8\
\xf0\xd5X\xb1\xe5 \xbe\xfa\xc9\xa7X\x7f\x1f\x1c\x88p\
x2\xc5\x18\xf5j\xa8S\x1bu\x82\xf3)&\x16(\
\xec\xdat\x86\x0c\xe5\x5caD\x01\x5c\x92\xe9G\x7f\xb5\
\x1c\xb7\xc8\x06Y'\xfa<\x8bx\x5c\xf3O\xff\xfe,\
\x83\xd52k\xfa\xda\xce\x9dQ\xad\x0c[\xd0\xdb\xf2c\
P\x14\x94\x19p$6\x00\xae\x9a\x1d\xe4*a-}\
\xf8\xc4\x9f\x9b\xe5e\x1f\xa7\x8c\x00\x96,zF\x97\xc9\
Z\xb0\x93\xb8%a\xc0f\x02\xad\x9f\xd4\x96e\x96\xf3\
\xf8\xfd\xe9\xfc\xcc?\xa1}\xcf\x1d\xa2\x91Q\x05\xe0\xb9\
'#\xc4\xe7\x1e\xc6\xd4\xa1\xc3R\x9aKK*Q\x8c\
G\xa9\x82B\xad\x0fEf\x0a\xfdH\xab\xa3\x88\xfa\x07\
\x10U7\xa1X-!\xa2\xef\xfbz\xdc\x17.\x08\xda\
\x08\x83&\x82t\x8a\x82\xc2\x81x\x1eH\x1a\x00u\xd3\
\x89[H\xbbT\xd6\x978o\xd6\xa8\xa2\x064\x13N\
\x94Q\xc2,\xbc\xf3\xa3\x11\xed\xce\xf5\xb8\xb1\x85\xf6>\
\xf1\xf9\xc0\x9a^i\x01\x0d\x07\x83U'\xd7\xb9Q\xf9\
\xeb\x03hE/\xf6_\x037$t\xd4\xc4\xc1k\xb3\
\xd0%\xf5\x01|=@{\x19fv\x81Yk\xcd\xe1\
\xf7\xd6\xd3\xf8\xb0I\x9d\xb2\x88\xc52.\x9f\x05\xfa\xf3\
\xe2\xdd\xbc\xc7\x98|\xdd\xd5\xb1K\xbd\xbc\x8b.\xe4@\
\x0d\xaa\x0f\xd0\xa8#m=\x85\x0bo\xde\x82\xd5g^\
\x87\x7f\xfe\x93\xc7\xf1\xe9\xaf\xd71\xd1\x0a0W\xa76\
oB\xe4\x94\xc9G\xc5@\xc3\x02\x95\xda\xa64_\xe7\
\xa6\xe6\x96p\x1a\xafb\xaeeS\x9a\xec^7\x86M\
%\xb2e)0o\xbbQ\xd5`\x99\x94ksJf\
\xb7y\x97\x9b\x11\x0a\x12\xfc\xe3~\xa013y\xfb\xd9\
\x12\x15\xc0\xbb\xc6\x89\x88?8YM\xc0\x1c\xe2_\xf6\
\xc4\x8e\x979\xe9\xce\x1b\x87j\xff3\xd7\x8a\x96\xaey\
\xde\xcf\xef3\x01\x9d7\x8b\x04\xcc\xd6\xe1\x1c{\xb1\x0e\
\xef\x9d\x890\xd7\x8b\x10\x17\xc1\x05\x1e\xa8\xf46M\x92\
\xc4\x09\xb4\x10\xcePh\xd6\x94\x95\xee\x94JM\xf6\x03\
\xe6\xf6\xcc$\x8a\x88J\xfd(W\x891\xf4\xa3P\xeb\
G\xa1\x7f\x18Qy\x13\x82J\x01a\xb9\x84\xa8\x12!\
\x1a\xa0\xbe|\x8b\x08\xa3\x0e\x82t\x11H\x1b\x82$\x88\
I\xf4\x16\x11\xf4:\xc2$h\x13\x92\xa1\x891\xa7\x9b\
,\xe9\x88\xeb\x02s\xf4\x96\xc5F\xa7\x90X\xe7`\x19\
\x84\xa0AP\x99\x8d\xa3.7e8\xba\x11\x9cD\xb0\
{Oa\xa7I\xdc\x91\xcb\x9b\xda\x82\x0a\xc5\xf5\xbc6\
\xe6\xdf\xdf*~0\x8e\x17\x8f`\x98\x96\x03,\x8a\x04\
\x1d2R\x99\xadz\xbe\x8ba\xc8'\x00-\xb75}\
\xd9\x98\xdds2\x14\xf2\xf1\x07\xae\x00\x09wl\x91\xda\
\x89\xf1\xe1\xe7\xb0z\xcd\x1a|\xe8\xb7n\xc3\xe8G\x1f\
\xc5\x9f\x7f|\x1f\x86\xfb\xc4\x05<\xdf\x08\xb8q\x0b\xe9\
\xf0\xdd\x5c\x8cJl\xdc\xd5Z\x05\xc8J^\xab\xd5\xf8\
\x0c\xd2\xafd`>\xd65\xce\xdf\x8f\xb7\x1f|\xb7`\
\x06\x1b\x9a\xebh\x10\x9d\xfd\xc6\xda\xc3)\xb6\x85\x18\xab\
\xa0R\x9b2cm#>\xc3w/t\x7f\x9d\x04\xfd\
\xf3c\x09\x03p\xdb\xc9uer\xeb\xe5\x85<z\x10\
\x9e\x0d\x1fn\xed\xd8co#}\xcd$Z\xab\xa9\xf7\
W\xafg9\x9c\x9aUu\xaf\x107\xa6\xaa\xacvq\
b\xec\x19\x07[e\xab\xa5\x14\xe3\xd3\x06\xb2)\xcb\xa6\
\x0d\xc7IHZ\xdc\xd6\x18\xfb|\xf4\x12P\xff\xb9\x19\
D\xc1\x0c3\x05\x8e+\xa0V\xf2\x06\xf5S\xfb\xbeb\
\xb9\x8a\xb0ZC\xb1RET\xe9G\xa1o\x00\xc5\x81\
!D\x95\xd5\x88\xca\xfd\x88\xfa\xfa\x10\xf5u\x11\x15\xba\
\xcc \xc2\xb4\x89 \x9e1\x1e\x87\x06\xd0%\xb5\xa3\xc5\
\xcf\x94\x12\x22L(\x80\x15\xfcZY(\x1f\xb1\xa6\xf7\
\xef\xf7\xab\xf3tH+I\xdc\x02Xb\xb1h\xc0\x86\
\xcc:\xb9\x9b\xc9\xb4\xd4^\x8e\x99\x02\x9d\xde\xfcx\x92\
\xd7R\x9d\xaa\x17\xf6\x17\x1e\xf6\xcd\xd8\x12i\x93\x8b\x11\
\xcco\x8aiJaxD\xed\xd5a\xf4$\xaa\xd1\xb6\
\xb3\xb6O\x83\x8f}\x16'\x08\xc05\x9ba\xd0\xc5\xe1\
\x9d\x15$33\x88*\xdb\xf0\xae_>\x1b[.\x18\
\xc5\xc7\xff\xf0\x09\x1c\x99\x8cQ\xa9\x84ht%\x98\x8c\
\xd6\x5cK\xd2\xc5\xda\x96\xcb\xdf~\x1e\xcf\x9250h\
\xcf<\x1c\x11:5\xc51goN\x15\xdb/#\xad\
\xf5\x13\x15x6\x07\xc6\x8cC\x99\x92<Ie\xa6\x8e\
\xda\xd9sX\x0a\xb4:\xd2RZ\xb6\xfb\xcdGV\xde\
\xf7'm\x0d\xe6\xdbt\xec\x02,\x91\xe6\xce=\xab\xf6\
\x804\xe9\x98\x96\xdcv\x05\x8d\x90Qc\xa0\xe7B1\
\xb3\xe0\x8c\x1b\xce\x18\xa8\xf0\x8b\xe3\xed\x89{#\xc5\xa1\
\x85\x04\xf7\xef)\xe2\x9d\x97u1;\x93\xb2\xaf\x96\x22\
\xb7z1\xd5\x7fO\xd1\xeeJ\x84\x96\x14\x12\x96\xbb\xb6\
\xdd\x89m`\x12A@1Rq\xea\xb8-\x1bM\xb5\
\xe3\xa9\xf3O\x13\xc5\xa8)\x11\x85&\xf8\x88\x1a3\xaa\
;2\xaa\x84(V\xab(Vj\xa8T\xfbP\xec\xeb\
C\xa1\xaf\x0f\xc5\x81u\x8c&\x0a\x95\x84\x8f)\xf4\x93\
?\x99\xfc\xe0\x8b\x08\xd8\xc3 \xe8\x81\xd4\x8c\x80\x18E\
,\xa1\xc0\xdc0\xd5\x14\x9f\xe0\xf90\x0a\xaa\x10;\xa7\
\xa3e\x83<\xbd2Zj\xec\xf4\x09\xdd\x19\xef\xf2r\
\xd4\x10\x90\x0d\xcc2\x1b<\x03\xf55\xee\xc1\xe3Vv\
%U\xa4\x18\x8b\xaa\x87\xdddHb\xdcS\xaf\x80/\
\xc9\xc9\xe5F*\x88u\x09\x9a\xbf6\x1c\xd9\x5c!o\
/\xf17\xa0\xaa\x8cbHt*\x03gCRR\x14\
C\xbe\x90J\x02\xa3{\xe0)\xbc\xec\xa6\x8d\xb8\xe0\x92\
\x1b\xf0\xf1\xdf\x7f\x02\xff\xfc\xe5i.\x0eR\x22\x15\x95\
4\x07\xb6\xea\xc3H_O\x0b\xb1\x00\xc5\x10>_^\
\xbd!9:c\x1a\xc9\x22\x02\xcb\xf4\x8c\xd0\x93@\xb4\
%Q\x17\x8e\x86\xcc,\xf94l\x05$\xd7\x01\xd4\xec\
Y\xa9\xfc\xc4\xae\xe9\x5c\xf9r\xff\x5c'\xba\x88]\xef\
\xccl?Ok0\xcb\xfcU8\x997n\xe02Q\
6\xb8\x81\xa31\x89\xbdJg`U\x12\xd2\x1c\x9c\xf0\
\xa1\x8b\x9a\x8a|\x86\xa2\x93\xa2\xef\xd8\x8e\xc0\x86P)\
\x92\xf1??]\xc0=\xdbb\x0c\x16\x81\xd1\xfe\x14\xeb\
\x87\x02\x8c\xf6\x01\xd5B\xc0\xf5\xe0\xa9A\xb1\xc6\x8b\x10\
\xe4\xe3g\x17\xa0\x22.\x84\x0e\xb8\xf6\x9b\xe6\x1d\x10\xe1\
i\x09C\xabc\x99\xbc0cuew\x90\xd9\x88\x14\
uX\x8c\xe8YG1\xa8\xa3\x14M\xf0\xb5\x08fR\
\x10\x09\xf7\x0f$\x14\xd1\x17\xa1\xd2_C\xa1\xda\x87B\
\x91l\x0f\xfd(\x0d\x0d\xa3\xd0\xbf\x02\xc5r\x84\xb0\x1c\
\x22\xaa\x94\x11\x95\x9a\x08\x0b\xa4f\xb4\xcd\x93\x18\x04\x05\
\x9f\x93/\xbb\xc9\xbd\x03\xd3^\xd7D\x1a\x9a\xd0Q\x9e\
\x14\x99=\x89Y00\xddCVJdK6\x86\x17\
\x91f\x09\xd8)\xdc\x8e\xa8T*g\xfa\x04\xf8\xab\xae\
\x12\xd8\x89C\x1b\xb8c\xad\xf6y&\x92-\xc8\xae#\
\x10WaV\xa5p\x07x\xe5\xc1m\x00\x93\xf1\x0cd\
p\xb8\x8aN\xf90\x0a\x22\xf4\x8e\x1dF\xff@?~\
\xee\xb7.\xc4i[\x8f\xe1\xf7\xffh\x17\xe6\x12\xa0\xbf\
\x1a\xa2IyX0D\xc4*\x81pz_8\xb9\x09\
\xf1\xe1\x88\xcf\x0e\xcd{O\xb4\xb2\x10\xcc{|L\xc9\
\xf0\xbc\x01]=7\x8eR<\xd5(\xcb\x05\x85\x09\x99\
~\x19\xd6\xa6\xa6\x7f\xf3\xe6\x03\x0f\xc8\xe5\x15\xb3\xccV\
x>#\xa0\xfd\xb19\x9b\xde\xbe\xaf\xa5\xf9\xd2Z\x16\
Qj\xd3\x8b\xae\xe9\xe5\xcc\xabT\xb2\xf5\x00\x1c\xf4\x91\
\xcdk\x92\x7f=\x8cb\x85\xb8\xd9\x1d\x22d\xa4\x11\xe7\
??D1\xda!\xe7\xd7W\x8b)j\xc5\x14\x95R\
\xca\x15uV\xd6\x80U\x03\xc0\xca\x81\x10\xa3U\xfaL\
>\xaf\x15\x81ZE\x02|\xb4\xfd2\xe5\xe2s\xd1\x0d\
j2e\x99\x83V\x89\x95\x09\x16W\xa2gx\xb1q\
\xee\xc2,$\x0c\xdd\xd4\x000\x91m\xc5\x22\x8dk\x01\
\xe5\xc2\x02\x0b\xa5\xc80\x06rIQI0\xfe\xac\x5c\
B\xa9ZB\xa1\x5cA\xb1VCa\xa0\x1f\xc5\xbe\x1a\
\xa2\xdaJ\x94\xabED\xd5\x22\xc7&\x85Ui\xb9\x16\
\x04u\x04X\xe4\xba\xf8\xe8Q\xeb\xef\x06\xd0\x5c\xe0\xb6\
\xda\x1aw\xef\x16\xceb\xd0\xac\xe5?\xb3\xb1\xdcN\xb5\
\xb27#\xeat\xa3zp\x8c\xee\x8f\x99\xbc\xba\x1d\xdd\
\xf5tN\xc4\xc6\x90\xc5\x9a\xbe\xdd\xdbN\xa3\xea\xdb\xea\
\x82\xb5\xb0\xd3\xdf\xb6\x8ax<53\xb3;\xcdY\xbd\
F#\xf26F\x14EH\x1aM$\xcd\xbdx\xcb\x8f\
n\xc0\xf9\x97\xbd\x1c\xbf\xff[\x8f\xe1\x89\x9d-\x0c\xf6\
E\x5c\x90\x15T\x0f\x90z5X;\x806\xe9\xb0\xd8\
\xc5\x5cDI4\xc3uL\xa6\xa4g\xf9W}(\xc3\
.|\xf4&k\xa2\xea\x82\xdb\xee>\xd3\x13f!\x95\
\x825\xee@\x10\x8b\x08f\xf5\x96\x9c\xc0\x94\xe2\x81\xac\
\xe5L\x13\xfec\xa9\x11\xd0\xd9p\xdc{\x7fl\xfe\x02\
\x9a/\xe4\x10\xd7\xf9\x87}\x96\x86\x98\xed_\x03\x89\x9c\
\xb4wp5\x03\x7f\xe8\x1f\xaf\x10\x85\xfe^\xf5E\xd9\
\xb3Ta\xc7\x85\x83\xd3\xc4\xcc\xb7\x81\xb9V\x80cs\
)v\x98\x8dM\x9b\x80~C\x99|\xb5R\x80\xbeb\
\x8a\xe1\xbe\x00\xa3\xfd\xc0h\x0d\x18\xaaP\xe7\x9e\x00\x03\
U\xa0\xbf\x18\xa0\xcf\xf8\x8b\xe9\xc1\x05MzR\x91\x87\
\x03J\x989x\xc9Mf\xfa\xc9\xa1\xc4\x19\x86q\x82\
\xb6!\x1c^\xb0\xa6\xda \x849\xd8\xace\x124\x94\
\xc7\x10%(E\x1d\x94\x0a\x1d\x14\xc2EF-\x1c\xa2\
l\x1a\xfcV\x8a@\xa9JA(\x05\xa4A\x15\xd5\xbe\
>\x94j%\xc4\x94\xb6Z\xae\xa2:2\x82r-D\
u\xb0\x80r\xf1\x09\x04\xedy\x07\x9e}\xbd\xcd*\xac\
\xde:Z\xc9c\xf4s\x9bs`\xee\xcbu\xc4\xc8*\
\x92\x9e\x0ab\xf9\xc12\xd2\xc5\xcf2\xf4A\xaa\xfe\xc6\
)\xcfn\x0f\xd9\xf5V\x94\xe8+\xd2A\xcef\xc1'\
u\xf7j\x09\xcdOl\xe2}D\xebO\xf8\x22B\xef\
\xe8!l=\x7f\x15>\xf2\xb77\xe1o\xef\xd8\x8e\x8f\
\x7fb\x1f\xafK_Y\xda\xbfs\x1f\xc7\x98Z\xb0\x9b\
\xdc\x00S\x01X\xed^\x86\x15f+\xe4\xf8\xd4\xa5D\
oU\x08\x8f\x01\xeb\xb1\x16\xba+Bu\x9b\xdc\x19\x03\
\x85!\xf24\x98.Y\xa2\x92\xc9>\xf3\x09u\xb9:\
\x10\xcb.\xc8\x0b5\x02z\xd7p\x1c*S\xbd\xc9A\
\x19;\xfd\x86\x03R\xa8$%1\xfaF\x0d\x154N\
/T\xe2wm\xbf2\xfd\xffx\xf1\x5c\x02\x8b\xcf0\
dOSI'c\xe1\xf6\x10/\x03%\xcd\x04\xd4\xa0\
\x0e\x93\x1aC}\xe1\x89I\x1c\x9dw\x09+\xa2NQ\
~\x01I\xe5\x00\xfd\x15`\xa8\x0a\x0c\x96\x81\xe1\x1a0\
BOb\x0e\x15\xa0J\xc9D%j\x08*\x9bV\x93\
\x9d\xc8\xb5D\xc5#\xe9\xd93\x01%\xa2>\xe8\x9cP\
v\xa2\xf1d\x18)\xa3\xe3\x93\xb1\xcb\x0cr\x98\xb3\x09\
TbC\x15\x95\xad\xa6\xc6\x02\xe8!\xc4\x02\x8a\xc1\x02\
#\x16\xf2i\xb3\x9aK\x0e\x88\x18x\xdf\xaf\xbe\x1ak\
V\xf7#i\xce\x9a\x9e\x0cV\x5c{\x8b\xb9\x9cc\xd8\
\xac\x81\xb5\xf3(\x06pq\x18Y\x09\x96\xa5Nu7\
f\xa2\x03m$\x9c\x9e\xde\xcbw\xf0}\xe3j\xfd\xce\
 \x88\x1c\xda^\xf2\xf0\xee\x87\x82\x80|\xcd9s\x12\
o\xf3\xda}\xd4C\x14\x15\x11OM#\xaa4\xf0\x81\
_9\x13\xe7\x5c\xb0\x02\xbf\xf3\xff<\x81\xfd\x93=\x0c\
\xf7\x15Po\x91\xadF\x98=1\x01\xed\x0c\xcd\xad\xc1\
\x12a\x12\xcc\xd8\xf2\x08Jg@\x8d\xa0\x9e}\xc2\x1a\
M\xedr8\x0ca\xf9\xab\xbaR31\xbd>\xfa \
\xe4'\xfa\xb3\xa6\xc1/\x99\xa0eT\x80S},U\
\x01\x96&\x9b-\xb9\x9e+\x8f\xed\x0e\xd4\x1b\x0a\xa8\xac\
\xb2u_y\xf1\x01\xb9\x90E[\xfeH9\xac\x06\x0f\
\x99\xc5t\xe1\xc1rW\x9a\xdf.\x0bc\xa4\xafJc\
\xceA7\xe5!|\xf4b\x08\x5c`\x93c \xcc\x18\
\xbc\xe1\x13\xf4\xa7\x22\x9c\xb3-\xe0\xe0L\xd6Z\xcf=\
\xff\x22b\x00\x01\x86\xca`\xb40XM\x19=\x0c\x95\
\x03\x8c\xf4\x09\x83(R\xd9(\xb6\x0dH\xd4\x22q\xef\
v/\xe5\xce?\x02/)\xacS\xba\xd4\xe8\x82Kq\
\x133\x1eE=\xa9\xbbn/M\x99\xa9pm\x00J\
N\xe9\x01\xcd$D\xbb\x95`\xddh\x88\xf7\xfd\xf2\x8d\
X\xbbq\x0c\xf1\xd1\xc3\x08(|\xcdvD\xcej\xd9\
>\x85\xf9\xc9(\xda\xd0D\xdd\x8d\x16\xcf\x19\x89c\xe1\
l\xc6(\xa8\x8c\xc0k-f7\xbd\x0bqt\xfb\xd9\
\x0f;\xcc$\xc7.\xbb\xe1\x5c\x1eB\x16B\x93\x17!\
$xT\xa9\x22m\x92\x9d\x84\xecLZ\x004\xab6\
\xda\xdfY\x00!\x95uCb\x1c\xed6z\x07\x9e\xc5\
+^\xbd\x11\x1f\xbf\xe0\x06\xfc\xe1o?\x81\xbb\xbe3\
\x85\xc1\xbe\x02\xa2f\x82f\x97\xd6\x22t\x81A\xa4\xe2\
1\xca\xb7V\x0f/KSa\x8c\xee\xad\x1cT\xce\x11\
\x0e\xcf\x97\xbf\xf1\xfc\xdf\xf8\xc1}v2L\x22\x14\xbb\
-\x0c\xcdd\x1d0Y\xd5.\xabue\x10Xz\xca\
\x9d\x81\xbc\xd7yA\xb2\xdc\xb6\xca\xab\x032\xc8\xd0e\
2\x99M\xe4\xbb\x823^\x11/\x8a\xd0\x09,w\x87\
\xeeP\xe3\x035Q\x84dk\xe0\xd2b\xc6\x84+\x05\
4\xa4b\x8f\x0d\xe9\xa5\xff\x94\xb0\x94\xb8\xf2\x8c\xcdc\
\xea\xbeWN\xac\xadbn\x22\xf8\xdfn\xa6\x98i\x00\
\x09\xc5\x0d\xd9cSF\x04\xa46T\x09\xc2\x97\x02\x0c\
\x10c\xa8\x18\xf4P\xa3\xa2\x9fN\x05!F\xa1E$\
\x08^J\xefwi[\xd5Uo\x86\xd7\xc2\x8aP\x05\
\x95\xa0V\xd7\x15\xbd\x98_\x8cq\xda\xba*\xfe\xc3o\
\xbe\x16+Gv\x229\xb4\x1d\x01\xf9.\xb5>u\xde\
M\xa8p\xd9\x17\xe2\xbe~e\x03\x9b\x5c\xb8\xeaRi\
\xea\xad\xba\x85\xde\xb2\x03\xdc\xf9\x9c\xdd@\x19\x8bKC\
\xf6\x8c\x82\x19_\xa8\x17\xc2d\xab\x05;\x86\xe1\xe7D\
\x04\xc5\x10\xed\xe0B\xf4\x16\xba\xe8[_D\x90.\x00\
\xcd\x19\xa4\xady\xa4\xc4%\x99\xb9\x89\xab\x91\x83\xd1x\
\x1f\x98\xb1)\xe1p\x85\x17BW\x05\xf4\x8e\x1f\xc6\x8a\
\x91a\xfc\x8f?\xbe\x0e\x97\xfe\xcd\x1e\xdc\xf1\xb1\xa7\xd1\
.\x14\xd0_\x00\x9am\x09\x1a\xa2\xba\x01d$\x96\x84\
P9\x8f\xc4\x09\xe8\xc4i_\x09\xf9L\x85\xa0\xbf\xa9\
\x1c\xbb\xcb\xd6?\x94\xd0\x90\x0c\x8eq?0jT\x9a\
w\xfa\x18\x9b\x81\x08\xd8\x13!%\xb7dY\xfa\x5c\x9e\
\x090\x03X\x96K\xf8\xea\xc6rg\xf7\x07k5<\
w\xf3b\x0fp\xf1\xfe6\x16\xda\xaf\xf7\xaf\x1b\xc6L\
\x92Kotj\x85n2\xfb\xda\xfc+\x9fI\xa2I\
&\xa2\x8d7\x91\x94\xd0\xb26\x03O\xc8X\xa2\xf7\xec\
My\x04\x95\xb9U\xef\x87\x0a\xcf\x15E\xd0_r\xf1\
\xd3\xfe#\xc9\x81f\x8adV[\x97\x1b\x8f\x811\x00\
\x12\x8a\xa0\xea\xbf\xfd\x86\x11\x0cP\xf1\x11~\x0f\xf4\x11\
\x93\xa0b\xa0\xe4M\xa0\xc0\xa5H\xdd\x96\x01\xda\xe6Z\
\xc5b\x88\xf1\xa9\x18W_\xb1\x0a?\xf6\x9f_\x8dJ\
r\x1fz\x87\x0f\x22\x8c\x8a\xecFt\xe3\xcePzv\
S\xfa\x04\xa8e\xb1\xcc\xe6\x95y\xd3#\xcd\x86\xb5^\
\x05\xd7\xd0\xd2f%fL\xe5\x1eQ\x9b\x8b:\xe4g\
$\x991\xe4\xb9\xf7Yc\xa3\x1b\xa7\xb5\x0c\xcadk\
\x9bt6\xf7\x96\xf0\x95\x8f|\x0d#+\xfbp\xce\x95\
k\xb1\xf2\xbcu(\xaf\xda\x80\xa0@\xc6\xd0\x19\xa4\x8d\
\x05\xa4\xdd\x8e\xc9\x96\xf3k'8\xf4'\x5c\x9dT\x82\
\x82\xf4]lm\xc3[\x7f\xe2Ll\xbd`\x18\xff\xe7\
\xff~\x04O\xefoc\xb0\xaf\x84F\xd3\xc5\x89\x13\x0a\
\x90X\x13E\xa2:\x05\x1a\xd8\x93\xcb\xfc\xd29\xf4Q\
\x90\xaa{\xaa\x11d\x10\x82\xd9\xb7Fm\xd6\x22\xb9.\
\x89HU\x1d\x7f\xb3*\xdd\xb8\xaf\x9d\xba\x8cSz\xb0\
\xea\xf9\x02\x8e_B\xf8\x99\xac$\xddK\x86\xbd\x09\x11\
dY\x8b\xd4\x03\xf0J\x1by\xb7\xe2\xaa\xa4\xe6\xf4\xd5\
%\x83\xcb\x8bs-\x14\xe6\x07\x11e3\xc82\x0c\xc0\
\xb7p\xfb\xf3\x99\xe3\xa8\x99\xc9\xf5>#7\xa4\xaf\xcb\
\xf9\xe8\x81\x1el\xf4\xd3z\x0eZ\x0a\xc4x\x1b\xa8M\
\xb8[89\xb1\x168!\x06@\xc4_+\x11\x82\x90\
\x82\x134n2\x06\x0e\xf6\x85\xe8M\xc5\xb8\xe5\xd5\xa7\
\xe1}\xbf\xf8r\x04\xb3_C\xb20\xc9\x90\x96*Z\
d\xd2L\xad\x14\xd6\x8d\xe6\xcdk\x1ei\x99:\xfby\
\x98\xe7\xaa\xd3:\xa2\xb1L8\xafo\xfb;\xce\xfb\xca\
\x07#\x92\xcf\xee\xca\x87+JP\x19\xe8T\x0d\xb7.\
\xb6$\x8fY\x84\xb4\xd9@u\xe3\x11l}\xd5\xb9\xf8\
\xf6'\xb7\xa39\xb5\x1b\xb5o\xedFyE\x15k\xcf\
Y\x8d\xb5\xe7\xaf@m\xedZ\x04\xa5.\xd0\x22f0\
\xc7\xcc\x80\xe3\x03l\x82\x91\xd9)\x8c\x14\x84\xa9p\xe0\
\xd8\xa1\x1d\xb8\xf0\x8a\xf5\xf8\xe8_\xbf\x1a\x7f\xfa{\x8f\
\xe3\x9f\xbex\x04\xa5R\x89\x87@\x05\x82\xc9@H\x0a\
\x07\x87\xe5j\xe89\xdf\xafg0\xd5\xb7rZ\xbb\xce\
\xb6R\xb1\xbf\xb7Ts\xc8\x11\x94k\xa6\xeb+>\x8a\
\x84b\xeb\x96\xcen\xba,f\xb3\x81\x97\x9e\xe6\x95A\
\xdc\xde#\xcd\x17\x05\xe5\x0f\x979x\x89\xae\xe1}\x9e\
A\x94\x5c\xf3\x9f<\x00^\x11\x8ce\xcem\xd5'\xcb\
\xf9\x15~\xba&\xa1:\xa6L\xa3\x10o\x87\xf9\xaa\x81\
\x0e\xc0\x05\xc3j{\xae\xa5~\x10\xd5\xa3\xd4ed\xd5\
e/m8w\x9b\xee*|*\x7f\x87{\xf7c>\
\xf6\xd3_|\x98f\x8d\x92v\xf1\x0d\xb30^\x0c\xca\
H#5\x80\x9a\x86N7\x84\x80KQ\xc0>\xeb\xee\
X\x8c\x0f}\xe0\x22\xbc\xffW.F|\xf8\xb3@\xbd\
\x8e\x908\x07\x05\x10\xe5\xddU\x06\xa6[\x86\x9a\x83\x97\
~I\x02\x1bq\x98YT\xefw\xbe\x15XO\xe2\xad\
O>\x85\xd7\x95\xbb\xf6\xd7\xdbaa\x87\x12\xdd\x1a\xda\
u\xc8\xaf\xa9\xd9\xf4\x8a\x1a8\x9f\x7fl\x0f.\xbc\xfe\
2\x1cy\xfc &\xc6\x9b\x98\xea\x05\xe8LS\x1f\xc0\
\x03X\xfd\xc0\x01\xacXS\xc1\x8a3\xd7`\xe4\xec5\
\x18\xd8\xb8\x1eA\xb9\x05\xea\xc3\x9e.\x122\xa0\xda\x8b\
Z6L\x8b\xc9\xd1\x83\x92\xccJ\x88'\xc7Q\xeb\xab\
\xe3\x97~\xfb\x12l\xbdx\x1d\xfe\xe0\x0f\x1e\xc3T\x1c\
`\xa8V\xc0\x22\x95p7\xf7C\xd3\xae\x05m5\xd8\
-\x0f\x88\xdc\xfe\xf6#=O,f\xb3LVjR\
\xaa\xdb\x93\x914U\x9c\xd2X\x09s\xac\xbf\xe3\xfdG\
\x96J|f\xf2\x02\x8a\x82f\xa2\xbfr\x04\x9f\xbf\x94\
\xc2w\xbb\xf1\xb4\xf9\x87!6\x81\xf6F\x7f\xf7j\xff\
+\x83\x10\xd7\x87\x17\xd2\xa8\x9b!W\xd5\xc4\xdd\x90\x07\
a\xcd\x04\xdb*=\xaa xVj\xdd\x83\x19h\x94\
\x09\x93\xf5\x17\xc1\x1b\xc32\xb9\x1b\xcb\xcd\xb6e?9\
\x95\x89\xd1\x82~\xef\xa9\x1a~}\x02?\xd8JmC\
\xec\xc5\xa0\x0aG\x05\xb1\x1b\x14\xe3\x18\xbf\xfe\xeb\xd7\xe0\
-\xef\xdb\x84\xde\xc1\x7fF\xd8n\xf3A\x1cb\x9c\xb9\
9\x7f\xfd\xb2\x03v\xca\x95g\x18\xf3\x06\xece\x11d\
g\xdb+\xdb\xe6V\xdc\xbf\x7fo\xcb[\xe3b\xde\x8f\
\x9f?w&\xd3\xc7[\x10\xd5\xd9\xd4\xdf/\xa2\xd4z\
%h\x8ft)\xb2n\x12W\xbc\xe52|\xfa\xf7\xef\
ER\x92\xd6Y\xc5R\x80)\xf2\xf2\x1c\xa2\xc6\xa0\x07\
\xd0w\xdf\x01\x8c\xae\xa9`\xf4\xcc\xd5\x18={\x05\xfa\
\xd7\xaf@Xjs6h\xdah\xb0\xcd\x80C\x96\xa3\
\x821\x10\xc6\xccP\x09e\xc4\xedg\xf1\x86\xf7\x9e\x85\
\x0b\xae\xb8\x05\xbf\xff?\xbf\x83\xef<:\x8f\xbej\x09\
aK\xd6\x88\xec4\x14P\xa6\x1e\x1e+\xf5\xfd9U\
c\xa6e\x02&F\xc1\xdev.\xed\xda\xaa\xc7Zb\
\xcc\x11.\xd1\x13U\xd7\x92\xf6`\xa2\xea\xb9\x88\xc4\x1c\
\x1b0\x97\xcc\xd4(8\x09\xf1\xe3\x84\x81@\x1ef\xf6\
\x0c\xf3KC!s\xd2\x9dc\xba\x22\xd2\x97\xa8l\xb6\
1\x06Y\xe2\xf3\x92[\xcc\xb0$\x8aPo\xd8\xd5\xcc\
\x93\xf5^FU\xf0\xf4Z\xb9\xb6\x07\xfd=c\x96\xb2\
\xe5\x8c\x9a\xc9\x1f9\x17\xa0HN\xcf\xd5\x98\x93\xe6'\
\xe4\xd99\xc9\x7f\xa2I\xce#\x1f%t] WT\
\xc5s[\x9a\xf9 \xd8O\x92\xa6/L\xf0?\x7f\xeb\
5\xb8\xfeuUtw}\x1a\x11\x1b5=\xc9o\x89\
\xdc1`7\xc8,\xe1\xa9An\xc9\x8dX\x1a]^\
B\x09\x8f1\xe7\xc8\xf0\x07?A\xc8\xcd\xafN\x9e0\
\x8e<\xa1\xbb\xf1I3u\xf7\x99\xf3\x1ahy3\xaf\
\xb2\x91\x0a\x9bb\x11\xf1\xe4!\xac:{\x18g\x5c\xbc\
\x02\xdb\x1e\x9e\xc2\xc8H\x80VG<,\x85(\xe4b\
\x1fd\x8f\x99:\xd4B\xe5\xe0A\x0c<p\x10Ck\
K\x189}\x05V\x9c=\x8c\xc1\x0dk\x10\x94\x03\xa0\
\xbd\x88\x94\xfa\x08\x92\x01\x87<(\x09\xb5\x0c#Wl\
\x01\xf1\xf1\xbd\xd8r\xd6j\xfc\xde_\xdc\x84\x8f\xff\xc1\
6\xfc\xdd\xdf\xefEP.s \xd7B\x93\xd4X%\
N/\xde1#@\xfd\xac\x05\x97\x1d\xe9\xdf\xbdS[\
}\x86\xe8\xa9\x87\xde\xe6\xe2\xc4'\x0f\xfe\xbbeX\x8a\
\x83O\x8c3^\xa0\x17\xc0~\xe6\x19\xbd\xfc%\x5cF\
>\xda\xa8%-i\xad\xc4\xa4\x04&\xef\xd5\xd0\xe7\xf4\
\xbf%\xd75:\xb4\x96\x09\x97\x094VcOb[\
.\x18,E%\x19B\xf59\xa2\xb7\xe1\xf3e\xb1\xed\
\xb9l\x91\x9c\xecl\xf8f\x0a\x7f\x06|\xa4l\x87b\
-\xbe\x99\x91Z\xc9\xaf\xc3\xb3\xe7 \x81\x14\xa5\x5c\xa2\
\x8ar\x1a6\x8c\x00\xbf\xf3;o\xc3eW\xcf\xa2\xbb\
\xfb\xf3(\xb0\xbe*m\xa8\xac\xceo\x87\x97\x93\xdc\x96\
\xb8\xf3\x9f\xe7\x1ff\xbe\x94\x91z\x85F\xdc\xbd\xe8z\
\xe9Z:\x0fKv\x12t-\xbcM\xc9\x01ky\xfd\
\xd6-\x8cb4u%\xba\xcb8\xc3\x8d\xcd\x0d\x08\x5c\
\xcc\x7f:\xb3\x07\xd7\xbc\xfe<\xec}\xe2^\xb6\x99\x10\
\xb3ltR\xd6\xd7[\x84\x8cL\x5cE\xa7\x14\xa0\xd5\
\x0d0}\xa8\x83\x83\x07\x8e\xa1r\xff1\x0c\xad,c\
\xe5\x99+\xb1\xe6\x82\x0d\x18\x5c\xbb\x16(7\xb9\xf1J\
JQ\x95\x9cV\x1a\x22\x8cJ\x88\xa7\xa7Q(\xcd\xe0\
\xc3\xbf~\x0e.\xbar#\xfe\xe0\xb7\x1f\xc1\xce#-\
\xd4\x88;\x93\xaaJE\x9e\xd9\xf1\x92\xcd\x88\xf5\x96\x9f\
\x1f\xc6\x1c`?\xb4\x01\xc1*\xa4\x0cs\xe03\xe5\x0a\
\xaa\x08=\xe9\xfe\x8e\xd8\xe6#9\x15\xee*\x99\xb4`\
'\xd3N\x99\x11d\x18\xc0\xc9~d\x8d\x1b\x1elu\
\x9b\xdd]9!N\xcan@\xe7\xc6p\xc9\x16\xd9\xf6\
\xdeR\xe8\xc0AS\x97HaBm\xcdnT\x0f\x80\
\x04\x9a\xa8z\xa0\x1c3\xeb\xe2\xb27o\xcbMie\
\x1a\xe1Bb\x04\xf2\x88Y\xef\x5c\xad\xc6\x99\x9b\xd6\xe3\
\xb3\xd6j\x7f\xb2\xf3\x08\xdcno\xabJ8\xe2\xd7\xf1\
q\xa6\xb0\xc7\x90\xf8=\x95\xb2*\x86\xe8\xb4\x13l\xdd\
T\xc1\xc7>\xf6#8c\xcbs\xe8\xee\xbd\x07\x11\xf9\
\xaf\xb9\x0b\x89g\xad\xf7\x10\xbd\xbf\xfeNl`\xd9`\
\xad\xec\xc2\xe9\xf8\xddY\x96\xd8i\x14)ys\xee\xc0\
F\xb04\x00/\xe3\x1c\xd0\xf5t\xd7`\x83\x5cz\x12\
K\xb2JN\xbf\xff\xa0\x99P\xcaK [@on\
\x16\xc3\x9b\x13\x9cq\xcdV\xfc\xe3'wb\xddzj\
\xd6\x09\xac\x1a\x16#*\x9d\x8a\xcai\x91;\xaf\x91R\
9\xb9\x10\xc5B\x8az/\xc0\xc4\xe16\xf6\x1e8\x82\
\xea\xbdG\xb8\x07\xe0\xc6\xf3Wc\xcdy\xebP[\xb7\
\x1e\x88\x1a\x5c32i\x92\xbf7E\xd2.\x22=\xba\
\x0b/\x7f\xcdi8\xfb\x827\xe2\xff\xfc\xf7{\xf1\xe5\
o\x1cA\xb5\x5c2\xb5.\xc4\xc0\xbbT\xd1\xf1e\xbd\
\x22]\x9d\x12\x9d\x13_]2*\xb2\x95\xb2&\xaa\xd6\
b\x02\x99\xe4\x021\x00*/o\xe9%\xbb]\xf3\x05\
\x9e\xf3\xdby9\xc6p\xd2l@+\xc5\x14\xaf\xea\xae\
\xb5l\xcd\xcbo\xe6\x8dl\xf8\x9b\x81\xef\xe2\xeb^\x9a\
1(\xc4/[B|\xf9K\xe1\x8c?\x5cu\xf5\xd9\
\x819*w\x94\xa5\xed\xba\x15\xcez\x10_\x0e\xc9\x00\
\xb2\x5c\xbc\xf6\x12\x8c\x96\x01\x16\xf6c?ZK\x8dZ\
\xeeT'\x9aBw_^\x84\xa2B\x7f\xce0\x0c)\
\x0c8D\xbd\x9e\xe0\x15\x97\x0c\xe2\xa3\x7f\xfa\xc3X=\
p/\xba{\x9eB\xa1H\xfa>\x11\xbf7;>\xf1\
/\xcb\xf1\x8dmD]T\xba\x11\xbd\xb52\xd1-\x86\
\xa9jim\x1f\x028C\xeer\xd2\xc62\x1b?\x04\
\xd6\x18=\xdc4zi\xc9\xd6\xf5g\xb0\x95\x8bF6\
]\x86\xf2\x9c\xd5\xe3F\x1e\x16\x09\xd0\xe1\xa8\xbed|\
'n~\xe7u\xb8\xeb\xdf\x0e\xe2\xbe\xe7\xdah\xc4\x94\
\xe7\x01lY\x05\x9c\xbd\x16X?\x22!\xde\xa4Sw\
\xba)GN\xb2M\x8a\xc3\xb0io\x86\xe8\x1cka\
\xe2\xd8\x01\xf4\x7f\xe7\x00F\xd6\xd5\xb0\xea\xec\x95Xu\
\xf6*\xf4\xad\x19\x06\x22\xca\x1ek iw\xd1=\xba\
\x1b\xab\xfa\x8f\xe3w>z5\xce\xfb\xd3\xc3\xb8\xe3\x8e\
\xc7\xd0\x0d\x03$\xc5\xc8\xea\xec\x96\xc1{[d\xb9\x1c\
@\xf9\xdc\xede\x15R~\xcd\x01\x99!Img\x9b\
\xa5q9*@py\x15\xcaT\xb3(4\xcf_\x95\
\xfe\x96{\x9c\xbc(\xa8\xf7\xd7\x87\xaf\xde\xf9M\x81M\
\xef\x06\xf8\x0dk\xab\xd6\xa8a\x05\xac\x1dH\xb6\x15\xb8\
5x\xa8/\xc0\xbb\x13k\x8e\xd0V^\xda\xe6\xca\x04\
\xe2H\xba\xa4\xefj\xb1\x11\x07Yf\xe0Kb\xff\x06\
2f\x7fw\xb3\x96P<\xe8\xaf\xa64\x17:\x9b\x9f\
\xb0\xbc\x9e\xed~,\xf3'!\xa5\x92\x1c\x94\xf2\xe4\xd3\
f\xec\xafE\xe86b\xbc\xe1\x95+\xf1\xff~\xe4v\
\x0c\xe0\xcb\xe8\x1d\xde\x8f\x02\xc5\x03\x93\xff\x90\xc6o\xb3\
\xff\x1ch\xf2=g|\xd9p\xe9=X\xf5\xc9\x0bY\
\xa55\xe2\xa2\x9a\x11%\x19\x95\x90\x10u\x98\x0aD>\
\x8a\xb2D\xaeMA\xed\xca+\xe5\xba\x81x\xce\x01O\
\x0a\xe6v\xa4-\x8c\xea\x13?\xfd#\xa1\xe3\x14\xcd\xe8\
b:\xfc\x08A\xdd\x19\xba\x97b$\xcd:\x8a\xab\x0e\
\xe1\xed\xef\xbf\x02\xf7\xfd\xca}(\xf6Q\x86_\x82'\
\x0f\x05x\xe2\x00\xd0WI\xb1q\x148cU\x80\x8d\
#\x14\xc1)\xf3N\xc8\x80\xac\x0fd\xa3\x02ElF\
!\xda]`bO\x03\xbbw\x1dD\xadz\x10\xab7\
\xd5\xb0\xfe\x9cUXu\xf6Z\xd4\xd6T\x11\x16\x12\xa4\
\xf59$3O\xe2\xc7~\xfa\x0c\x5cp\xc9\xeb\xf0\x9f\
~\xf9\x1e\x1c\x9a\xa8\xb3\x11\x92\xfb?\xfase\xf7\x88\
S\xc5\xf2\xc5[34dV\xc7\xc5\xca\xb8\xf9b\xc6\
\xc95\x01\x9dW\xc5\xae\xa3K\x93Xr\xbe\xfc\x85\x96\
\x93\xfe\xc1)\x95\x04\xcb2a\xfb\xd2\xa37\xb3\x8e2\
`J\x07\xa6\x14U\x17\xac\xe3\x1c\x92*\x8b\x1c\xa4\xa7\
O\xe9x\x13|\xed_AKR\xe96\xf3\xf4\x1e\x0b\
5\xfd(S\x7f\xbcF\xf2e\x99\x95\x8b;\xcf\x80\x07\
{GK\xc9\xd9\x9d\xcf\x19j\xfcE\xd4*0\xbea\
\xd3\x87\xe0B\x8f\xce\x1e\xc2\x05HLT\x1f\xb5&\xa3\
\x08\xc1\x81Z\x88F=\xc6\xfb\xde\xba\x05\xbf\xf9\xbf\xde\
\x88`\xeaS\xe8\xcd\x8c#\x22\xab4\x85\x02r\x8bZ\
\xf7\xd0~\x8bv\x7fYz\xb4\xb3\xeb\x8d\xc7;\xd6\x14\
\xb5\xa4Tm:Ga\xe5&\xa0|6\xea\xc7\xa7P\
-\xed\x05:\x8b\xb65\x98e\x90\xb6\x84xnm<\
\xa8\xea\xc6`u\x1e\xf3G;\xfa8$i'T\xa3\
\xa9\xf8o\x0aT\xd7#\xac\x15\x90L\x1d\xd5\xa2E\xb9\
\xa9\xf431\xe9\x1f\xb2\xda\x97\x90\x1c\xdd\x81\x97\xbd\xf6\
&\x5c\xf7\xaf+\xf1\xf5\x07'Q\xab\x06\xd2\xe8\x03\xe2\
J\x1d_\x00\x1e\xde\x97r\xf6\xe5\xdaa\xe0\xbc\xf5\x01\
\xceY\x1f`\xe3h\xc0\x06\xbdN\x0c6 \xb6\xba\x06\
bG\x01\x16{@c_\x03G\xf6\x1f@\xdf\xdd\x07\
\xb0jC\x15\x1b\xce_\x8f\x15\xe7lDid5\x92\
\xfa\x0c\xae\xbe\xed\x95\xb8\xf5\xeei|\xe4#\xf7\xa1X\
\xab 6i\xba\xbc>9\x04eQ\xb4\xb77\xf9e\
\xc6@\xedg\x05Z`f\xc0\x12\x85\x83S\xe3\x19\xca\
U\xd0fx\x9e@\xceo_\x7f\x9a\x96\xa8&\xd9G\
z\xa2\x92`K\xde/\xf9\xd0\x18\x82r\xae2)\x9e\
!\xd2Y$\xb3\x7f1\xf6\xf2/\x85\x22V\xdc\xa8r\
\xaf\x95O\xf3\xc3V\xc9\xe1\x9aQ\xeaX\xb4\xc0\x85U\
W2w\xedES\x19\x88\xeb\x82+TB\xba\x95q\
\xd2\xcf\x0bP\xd1{\xce0>\x1d\x9b6\xf5Pfo\
+W\xd89Q\xe4\xc4A?\xbc\xd1R\x94\xa3\x14\xb5\
\xaaH\xfe_\xf8\xc0\x05\xf8\xc5\xff|\x1d\xe2\xa3\x7f\x87\
\xb4>#\xdd\x95LYs\xcf!\xe3x\xb17-n\
\xfe\x15~{\x99v4\xa56*\xc9t-\xea\x1fE\
ax+f\x0f\x17\xf1\xf9?{\x0cg\x9cW\xc2u\
\xb7\x0f!>\xba\xe0\x0a\xf2j\x1d?\xaf?a&\x17\
@_\xd8>\x02\xd9u\x12~\xa0\xc6B/\x1e\x80\xfe\
jl\x0f\xff<A8\xd8\x8f\xb1#\xab0\xb5}?\
.x\xd3&$\xc7\x8fH\x995\x93\xd8d\xbb\xeb\xf8\
\x1e\x05q\x8eK\xc4_\xe3Y|\xf8\xa7\xae\xc63O\
\x7f\x09\x0bT\xdb\xbf\x9bp\xe8\xb6\xadH\x05\xa0\xde\x03\
v\x8f\x03{\xc7S|\xe3Y`\xed\x10p\xe6\xda\x00\
g\xae\x056\x8c\x823D\xe9X*!\xceu\x22(\
{3\x02\x16\x89A\x1chb\xec\xc0\x1eT\xbf\xbd\x07\
\xab6\xf5c\xf5\xd6\xb5\x18L\x9eC}v'\x87`\
\xdb\xd4\xf6\x0c\xe3\x94\x05\xc8\xee`?\xd8\xdam\x18\x83\
U\xf9\xb5T\xca\xf6\xd0\xa7\xd9\xab\xa4ZK\xe5+\xd3\
Z\xce\x9f\xf1\x9c`\xb6\xc2q\x09\xe5,\xffp\x81@\
9\x81b\xd7\xd8\x83\xc0\xf9\x0d\xe8\x97}\x90j%\xc4\
\x14\x08\xb2\x1a7\x95o04z\xbf\xef\xafw\x84\xe2\
\x9d\xc5FTd\xcbH\xfa\x92\xc8\xb9\xb4\xcc&\xccs\
\xc0\xe5\xa2y|\xc2\xf4\x9ac\xf0\xb2\xf8\xc1\x12^R\
\x8c\xbd\xa6U\x01r\xcb\xaa\xd9m\xc6\xc0\xe9\xd7M\xd0\
\xcc<\xd7\x8cTj\xd3s\xde@\x09\xa8\x94\x84\xf8\x7f\
\xe5\xe7\xae\xc2\x87~\xee\x12t\xf7\xfc\x0d\xc2vK\x8c\
d\xd4^<\xf1<)'\xd1\xe1\xfc\x83x\x1c\xca\x94\
M\xee\x80H\xfe\x1e\x82\xbe\x1a\xc2U\x97\xa1;\xbf\x12\
\x0f}\xf2a\xdcy\xe7Q\x1c\x1c\x03\xfe\xc7\x9b6K\
\xe5d;!\x0e\xf2Y&hW\xc3\xcc\x95M\xae\xca\
e\xa7e\x04\x82Z\xf1s(\x92k\xfay*#\xc9\
\xf3\xb0\x8b\x7f\xfe\xc44\x1a\xcd\x1e\xaez\xe7&$\x93\
\x078-\x8f\x12\xcbl\xd9\x1e=\xa7q\x9b\xa5a\xcc\
u\x09z\x13\x07q\xe6\xc5g\xe1-o\xd8\x8a\xbf\xfc\
\xf4N\x96\xe2\xcd\xae$\xf1H\x83Zgoa~\xd1\
\x05v\x8e\xa7\xd8~\x1c(<\x05\xac\xe8\x07\xceZ\x03\
\x5c\xb01\xc0\xd6\xf5\xc0\xe8 A\xee\x04M*\xb9@\
\xa9\x03T@\x94\xba\x00w\x80\xfa\xaeED\xf3\xbb\xf1\
\xad\xcf\xef\xc6?\xffk\x84r%B\xb3\xe3\xd70\xf2\
 g\xdeKk\xd7*kl\xce\xa0i3\xff2^\
!|\xedK\xc0\xc1K^\x9a|\xee\x8a\xf6\xe7K(\
\x7f\x09\x02;Q P\xfe\x1b?\x87f\x19X\xa0:\
\x995\xe2\x9b\x82\x8a\xa6\x84\xb9e\x0aJL\xf4^P\
\x81K \xd1 \xde\xec\x1e\xf1\x82V\xf43\xdb\x85\xd5\
H\xe6\x1c\x11Z\x86\xe1q1w\xdd\x1c\xc8\xf7\x02\x03\
2j\x8c\xce\x9e\xbfYi!</B\xd6\xf5\xe5\xb3\
\x09\x85c\x0e~\x0b\xc2\xa5l51\xf2I^@\xc0\
\xb5\x0c\xc9\xe0\x17\xc51~\xf3\xbf\xdd\x88\x1f\xfa\x91\x8d\
\xe8\xec\xfa+\x14(\x0f\x95\xa8\x96\x0c~\x9e\xe4\xcd\x0e\
>\xeb\x8e\xcd\xac\x8bzh\x0c\xb4Ni\xd3\x10\x18\xa6\
\xc2\x22\xab.G\xd2\xde\x80'?\xb7\x13O|\xe3>\
\x1c\x9c\x00\xf6/\x84H*)V\xac\x88\x80V3\xbb\
\x0b\x0c\x93tt\xe7|\xd9y\xc6\x98U7\x8c\xde\x8a\
\xa5\x86X\x17\xac\xe2>\xe3G\xab\x85j-D:\x14\
\xe0\x9f\xffu\x1eq7\xc55\xef;\x07\xc9\xcc~\xa0\
\xd5\x10\xbd\xc9\x15\xe3w\xd2\x88M\xe4]\x84d7\x98\
\xdc\x86\xb7\xbe\xef\x06\xdc\xf9\xb5\xbd\xd8?\x133\x93%\
\x10A\xe3\x97\x9f\x9ak\xda}I\xa7\x15i;\xb1\x10\
`|>\xc5\x83\xbbS\x0c\xf5\x058}U\x8a\x0b7\
\x01\xe7\xae\x0f\xb0~\x94r0\x806\x19\x11I\xb5\xa0\
\x00\xadZ\x80{\x9e\x8b\xb0\xd0\x0dP\x0c\xbd:~\xde\
e\x96H{\x17\x9abf\xc9eM:\xc4\xebp\xbd\
\x9f\xe6\xec\xef\xf5\x88\xd4k\x8fi8\xb1y\x82\x87'\
AO\xa4\x06\x9c\x92\x11p\xc9\x052\xbe\x5cMd\xf0\
\x9a|R\xaa\xa6\xea8Z\x03P\xe5\xad\xc7\x8a\xfcp\
L\xf6\xadZ\xba\xf7\x99\x82b\x1a'\xa93\xb3\xe9I\
`\xa5\xe4L\x1b$=6\xef\x16\xb4(C\xa8F\x00\
B.\xfc\xd0\xa2\x0c\xb7\xd1-cY\xc6K\xa0)\xb5\
\xe2\xf61\x06?J\xee\x09\x5c2\x10\xb9\xa4\xaaA\x0f\
\xbf\xf3{o\xc6\xabn-\xa1\xfb\xec'\x10\xd1\xc9b\
\x09\xf0\xc9\xf1>y\xe9\xeb\xfd\xfe\xe7\xfa\xa1>\xc9\x98\
\xce\x22#\xa6\x9e\x98\x88\xd6\x9c\x01\x94/\xc5\xd1\xfb\xc7\
\xf0\xc8\xe7\xbf\x88\xa7vw1K\x95\x90R\xcaxK\
\xb0vE\x80Z\x7f\x05i\x97r`}s\xb1\x1a\x1d\
s\xd3a\x97=[\xb7OT/\xd1\xed\xc9c\x11\x10\
\xc73i\xdej\x0c\x16\xdb\x84\xb7\x11Mjl\xd2\xe9\
\xa2ZK8e\xb2\x11\xc6\xb8\xef\x9e\x05\x8cV\x0f`\
\xeb\x0f\x9d\x87dv\x07\xb00/Y~\xaan\xe4v\
1\xcds2?\x83\x15\x9b\x8f\xe1}?|)\xfe\xc7\
\xef>\x82Z_\x88.\x17\x92\x94\x87B\xeb\xcc\xd65\
\x11\x99\xa1\xe9,Mc\x9bZLq|\x1exd7\
\xd5\x83H\xb1eU\x80\xf3N\x0f\xb0u\x03\xb0q4\
\xc5\xd6M\x01\x9e\xde\x97\xe2\xabO\x0b\xa2k\xf7\xfc\xfe\
\x80YEH\xc2\x97\xb3B\xc6\xec\x1c\x9b\xf8&\xe3q\
\xc9U\xae\xca\x94>=+X\xce\x83\xe4/@\x9e\xb0\
3)\x0a'\xc3\xff'b\x00>W\xc9\xd1Z~\x7f\
\xf2;\xe9\xddk\xa0\x16W1i\xbbh'\x7f3{\
\xcd3\xfd\xe4\x1d\xff.\xfc\xacB'\xbfu\x06=\x8c\
\xed\xb35\x8f@u\xb3\xf9\x90\xde\xbf#\xed\xb2*\x9f\
8\xbe(\xdfz\xf0\xccj\x11\xd9\x06\x1e\xfa\x9d\x1f\x99\
\xad*\x850p9\xcaV\x1c6\xcfZ\x99\xaa\x18\xa5\
X?\xd8\xc3\xff\xfe\x9d\xf7\xe2\xcak\xe7\xd0}\xe6\xd3\
\x88\x08\x97r\xa8\xa7\xaeZv-D\xf2:Ug\x09\
3\x16\xa7\x8b\x84\x07\x93\xfaU\x88\x11\xaeX\x03\x0c^\
\x80\xd9\xed-<\xf9\x85\xafa\xe7s\x0b\x98\xec\x04\x98\
C\x88\xe9:\xb5\xb8\x96\x90\xd6\xf3\xb6\x14P\xee\x0f\x10\
Ov\xcd49\xa8\x9d\x9d\x19C1\x8a%u\x106\
\x91(AZ\xdb\x04D}\x08\xe2\x03\x82(\xd4\xf3`\
6\xb2]\x06\xb3\xee\xa4\xe2\xa8J@\x8d|\x0b\xb5*\
\xe2\xf1\x054\x0b!\xee\xb9o\x0e\xad\xe6S\xb8\xf8\xdd\
\x17\x22Mw!\x9d\x9da\xa6\xe2\xeb\xcf\x16'\xc6]\
\x04\x852\x92\xb1mx\xc3[^\x89/}\xa1\x86\xc7\
\x0fRQ\xd7\x80k<\xa8pR\xbf\xba'\x5c\xc1%\
\xc0\xd4n\xc2\x01V\xda\x0aL\x8a\xc7<q0\xe5g\
\xa5\x14`\xfd\x08p\xdef`\xdb\xbe\x00S\x0b\xd2D\
T\xc3X$'@w\x94\xc5G\xb9:\x81f\xffy\
\x0c\xd4E\xa0\xba\x9c\x18\xf9\x99\x97\x01\xcbe\xc1\xa9{\
qa\x19\xcas{\xc4\xfe\xf5\x09\xf7y\x88\xdf.\xe1\
\x92=\xe5\xed\xb2\x5c\x06\xe2\xb2\x98\xc3v\x072n\x0b\
\xfa\x8f\x8c\x81KO\x96\x1d=o\x11{\xa7\xc1\xd2K\
d\x9d\xaa\x0e\xe2\xda\xd3\xb9\x9c\xf3\xfc\x0d\xa8d\x971\
y\xd9`\x9e\xdfZ\xd9\xa9\x8e[!\x98\xf2\x18\xdb\x22\
L\xc7\xaec\xf0\x99\x94\xf9-\xc7@\x18]\x93\xd3\x7f\
\xb9xh\xc0\x92\x7f\xa0\xc65\x84\xb0a$\xc0\x9f\xdc\
\xf1\x01\x5cy\xe5\x18\xba\xcf\xde\x89\x88\xfa&p\xff)\
SU\xd7H\xa5\x0co\xf1T)\xbb\xc0F\xda\xb3~\
\xc2FW*V\x11#\x18\xa8!\xdc\xf2J\xb4\x9bW\
`\xc7'\xb7\xe3\x8b\xbf\xff\x1d\xdc\xff\xf8\x02\xc6;\x11\
\xe6Z\xc0L]*#MQq\xe2\x188sK\x05\
(Q\xcb)\x1fV;\x95\xce\xc1Y\x0d\x9d\xb6\x13g\
\xe7\x9c\x10^4\xdc\x87#S+\xf1\xd9?>\x80p\
d\x13\xeb\xda\xce+\xe0\x85\x0c\xeb\x9cI\xf1G9\x84\
\xee\xb9\x10c\xdd\xda2\x87\xbb\xd3\x18\x8f\xb6B\xdc\xfb\
p\x03\xf7\xfe\xe96\xa4\xe1i\xc0\xf0J\xa16\xca~\
\xd4\xeb\xfa\xeaI\xdaE\xd2j\xa2R=\x8c\x1f\xff\xd0\
\xcbQ\x8eS\x94K\xa6F\xa3\x874\x9d\xbb\xd9#\xde\
D\xf8/\xb7\x02K\xa5\x06\x03U\x96&\x83 \xb7z\
\x08)I+\xc5\xde\xc9\x14\xff|o\x82\x83\x93\xc2\xd0\
\xa9\x5c\x9cTx\xf2\xac!Vj\xbb{\xcd 5\x99\
\xb0\x0cc\xb4r\xd0VK\xd2\xdb\xf2\x10\x02O\x92\xe8\
xY\x859KOK>=\x19J8\x19\x03x^\
\xceaE\x91+\xfc)\x06\x0b\x92r\xb4H\xa6\x06\xbc\
\xe9\xe8\x93\xbf\xac\xf55S\x10\x90w1m\xc2\x90\xa1\
g\xa1D\xf7\xc6f\x0f\xca\xfb\xa57\xed\xa4\xf4\xd2\x1b\
6\x00\x9d\xdbq{-\xb95 \xc6?\xda\xaa\x0e\xbe\
\xaf%\x0b\xe9\xf4+\xba[g\xb8\xa1\x0d\x22\xc4O\xe9\
\xbd\x03\xd5\x90[\x8d_v\xf6\x00\xfe\xea\x93?\x8b\xad\
[\x9eA\xe7\xb9\xaf#$\xe2'?\x94\xe9\x19\xa0D\
\x91\xd1B\xbcE\xcd$\xfd\x91\xc4g\x7f\x22\xcdu\x82\
\xb4\x9c :\xed|\x04\x83\xaf\xc6\xe1\xafN\xe2\xae\xdf\
\xfd\x12\xbe\xf3\xadc\x18\x8fC\xcc'!\x8e/H\xa5\
\x1br\x87\xcd4\x81G\x8f\x89\xc3e\xed\x86!\x99O\
Sv\xdd&\xacx*\xb7e\x04v\x1e\xc4x\xcb\x0c\
\x93\x5c\x95D\x05C\xeb\xf1\xecC\xc7\xf1\xb9\xaf50\
\xf9\x5c\x03\xc1\xf0\xa0m\xa9\x95wI:\x1b\xaf\xb26\
y\xbdf}?\x9f\xbe\xd1\x090\xbd\x98b\xaa\x1b\xe2\
\x81\xa7\xdb\xf8\xf6\x9f?\x03\x84\xa7#X\xb9\x96\x1b\xce\
\xb8<\x7f\xb5\x88\xa76\xbf?\x9e\xd8\x89W\xdc<\x82\
W\xbel\x0dG\x0d\x92\xe4\xe6\xda\x91\xb9\xa2\x0f\x86\xa4\
 ml\x9d\x8a`\x1b\x85pcNa\x92\x5c\x85\xc9\
 \xa6ZU\xea;r\xe1P\xae\x99$U\x82\xfc\x00\
\x1c\x993\xc5\xa0\xfe={\xff\xa9:c\x05\x9c\xeek\
\xc7L\x04=\x9b$(\x16\x10NE\xd6kh|\x86\
C\x12\x1e\xf3\xce\x93E\xee}zR\x06\xe0s\xcb\x0c\
*\xf5\xcc\xfa\xde)U\x87\xd2\x80\xa0$\xa5\xf6\xe0^\
@\x8f\xc5\xf7\xca\xbf\x5c]\x80Lt\x99\x17,\xa1\xf0\
G\xe1\x91=\x0f\xdb\x15\x1c\x0bXr\xa3\xbe\x8d\xc1\xae\
\xcc\x898\x9a\xb9\x9eyf \x95A\x11J\xf6\xeej\
\xb2\xf9\x95\xe8)\xfeA\x8c\xedR\xd3\x8f\x0cP$!\
H\xf2\x0f\xf5S\xb1\xd0\x0e\xae\xbfx\x15>\xf6\x97?\
\x89\x8dC_Cw\xff\x83\x5c\xb2\x9aE\x0d\xef\xbe\x9c\
B\xe7\xabA\xcb\xc1\x01\x22\xfc\x82!\xfc F\xb8\xf6\
tD\xa7\xdd\x8a\xa9\xa7\xab\xb8\xff\x8f\xbe\x8c\x07\xbf\xb0\
\x1d\x87\x16B\x8cw\x02\xcc\xd6St\xbb\xb2\xe9H\xea\
o;\x0a<3F\x9b9\xe0*\xc9\xc3\xab\x8b@\xbc\
\x90\x95\xaa\x0aU\xf3\x93\x92\x1b\x8a\xb6@\x0b+E\xf4\
\x16\xcax\xec\x9e1tJ\xc0\xe3\xdf\xa6\x06\x9d#\xd9\
\xf1gS\xe1\xe4+e\xec\xec;\xee\x22\xee\xef\xc3s\
\xe3R|\x83\xfc\xf2\xa4\xaa\xb4\x82\x10;\x0e%x\xec\
\xef\x1eG\x12\xafC\xb8z\x133\x01\x0a\xdea>\xc0\
\xe5\x9a\xb5e;Y\xe9\xc8o\xb7\x0d?\xfe\xa1\x9b0\
T\x02\xcaEA\x01\x1a\x7f\xa1\xa9\xd8\x8eP\x91!|\
m@#O\xb1\x95H\xe7 !t*\x1a\xcaqY\
~s\x1bC\xcc\x22\xe8|\xc2\xf7\xe2\xfd\x8c\x1dL\xd0\
\x8a_k\xd1[W/&\xc0\xed\x08E\xa6\x12>\xed\
7\xdb\xd1\xaaW>bu\xf3\x8aS~\x9c\x90\x01X\
\xc6\xedq\x9d\xacH\xca\xd6\x89\xd3X\x19\xee;G}\
\xb2\x0c\x07\xf1\xa3\x07\xdd\x86v\x18\xd3\x91X\x96\xd8\xed\
T\x9a\xf2\xe2n0\xcb \x14\xef\xbd\x1b\x9e\xa7OY\
\xf4\xeaMV\x06\x95*2\x10\xc2\xce\xce\xa0#~\xd5\
\xf1\xe5\x8ddh\xfb>~e\x00\xd4D\xa4\xaf\x16\xa0\
\xd3\xea\xe0\x0d\xaf\xda\x8c?\xf9\xf8\x8fa$\xfdG\xf4\
\x0e=\x8d\x90\xa2$\xc9\xc5%\xdeR'\x8e<)\x9b\
\xf16\x98\xcf\xa8\xb7]@\xd6DR\x05\xc3\x1e0:\
\x8ah\xeb-X\x9c:\x07O\xfd\xd9\xc3\xb8\xe7o\x1f\
\xc5S\xfb{8\xda\x0e1\xd7J99\x866<\x15\
\x1a\xd9=\x01|q{\x8am\xc7\x84\x18WT\x81\xb5\
#\xe0\xce\xba\x94\x15\x97\xd7\xff3\xfc\xd2\xa8O\x998\
\x00\x13hER)\x5c\xb5\x16;\x1eZ\xc0C\xcf\xc5\
h\x17C<\xf8`\x0b\xb3{{\x08\xfb\x07\xa4\xe1\x89\
\x16\xfe4\xccRCY-\x0a\xa0\xef\xe2:V\x8c\x16\
pt\x1ex\xe6\x18\xd5Q4\x96w\xca\xf2\x0b\x81g\
\x0f\xa7\xb8\xef\xcf\x9f@gq\x05\xc2\xd5\x1b\xa5\x0f\x9b\
U\x07\x94\x09P\xcd\xbf\x00\xf1\xd4>\x9c{y\x8a\xdb\
^{1\x92N\x82\x1a\xb5\x0a\xe7,?\xe3R\xcbl\
r\xe8V6w\xee\xcasI\xa1Zg\x9e\xb1\x8c\x80\
\xf9\x8d\x93\xbc\xd6\x08h\x90D~of\xfb\x9e\xf8\xca\
\xa3\xdb\x93\xbep\xd1\x7fY\xa0\x9a\x96`l\x03\xe2\xe0\
\xba\x1c\x09X!\xe9\xed\xfb\xdc\xbd\xd9{4\xaf\xf3\xd1\
\x88'd\x00\xcb\x9d\xc7v\xfe\xc9\xd3\xa1\xd7\xc5W\xe1\
\x8a\x1c\xab`\xc6\x8d\xceI\x19\x17'n\xd5Mo5\
\xac\xc5>C\xdd9\xd3f\x1ea\xf8\xe3\xd6\xcc+\xcf\
\x1e\xe0\xdfOF\x95\xb0.\xcf\x9c\xce\xe6\xc5^;;\
\x87\x0bd\xd3\xc3\xac\xdeo`\x7f\x7f-D\xb7\xd1\xc1\
\xdb_\x7f.\xfe\xd7\x1f\xbe\x1b\xe5\xd9\xbfA<v\x90\
\xcbS\x07$\xf9\xcd\xae`f\xe3\xdf\xbc\x17\x03!H\
\x83,\xe5\xe2\x07N\x0b\x11\x920\x01j\x11\xc2\xcd/\
GZ\xb9\x19\x87>\xb7\x0b\xf7\xfe\xc9\xbf\xe1\xb1mS\
\x18\xefEX\xec\x06\x98m\x08\x01\x8f\xf4\x058^\x07\
>\xf7\x0c\xf0\xe0A\x87\xd2\x16\xda\x01j\x85\x14\xa7\xaf\
\x07\xfa\x86\x8aH\xdb\xd4KQ%\x8a\xbf;r\xc9\x06\
\x1e_\xb4\x9aS\x81T\x80U\xf8\xce]\xc71\xd5\x05\
\xea\x9d\x14\xfbg\x80\xa7\xee\x99A0\xb4B\xcc\x86^\
\x02\xd9r\xfb\x8a\xaf\xd1\xaact\xa4\x8a\xa1>\xb0\x15\
\xfe\xb1CT\x0fAj\x22\xcc\xb7R\xccv\x02<y\
\x10\xf8\xc6\x1dO\xa0=\xbb\x0a\xe1\xaa3\xd8\xf8\xe7\x92\
\xaau[\x907#B:s\x0f>\xf8\xe1\xeb\xb1q\
\xb4\xc8\x0c\x99\xce\xc3]\x9e2H\xd5\x0dD\x98z\x96\
b\x9c&\xa45\x1c\xa5\x0f\x85\xc2~}:\xc1\xe8!\
O\xbb\x96\xa6\xe8\xab\xd7\xb3\xc1o\x07\xb7d\xba=\x82\
\xb6\xd2\xdf\x9eP\x8b\xe5\xe4\xe6o\xb9\xf9\x5c\x06x\xe9\
>\xcf\x83\xe1\xe7e\x00\xd9\xe3\x0dq\xfa)\x9f:\x05\
\x9e-\x8fz\xf8\xd1K\x9dh{c\xea&\x5c\x22\xb2\
=S\xadJ\xed\x0c\x94\xd7\x1b\xc9\xe1\xd1\x5c\x94^v\
\xa8\xd9]g\xc3\x80\xbd\xa0\x1f\x8d8t\xac\xc1\xe8\x96\
FRd\x10\x8eW&;\xf4m\x1e\xfc\x94\xda\x7f\xd5\
\xa2\x10\x7f\xdc\xea\xe0C\xef\xbd\x12\xbf\xf5\xbboBp\
\xe4\xa3H\xa6\x8es\x1e\x7f\xd0\x89\x11H\x85Isv\
GQ\xea\x1e\xb2\x84\xa6\x99B\xa4g\x13\xe1\x17bD\
\x1b\xcfB\xb8\xea\x16L>\xd0\xc2\xa3\x1f\xf9g<\xf6\
\xcd\xbd\xac\xe77\x92\x10s\x9c\xa7\x9eb\xa8\x06L5\
\x81\xcf<\x91\xe2\xb3\xdb(\x1cVb\xe09\x86\x84*\
\x0d'Rzl\xd3\xda\x08\x95j\x8c\x84\xcaf\xe9\xbd\
g\x85\xbcG\x02v\x90\x0e\x01\xa4\x09\x0aC#8\xbe\
\xb3\x81m\xcf5\x05\x9d$)\x8a\xd5\x00\x07\xb6\xd7\xd1\
\x9e\xec\x22\x1a\xac\x0a\x83\xf7\xfd\x7f\x1e\x22\xb3\x1b\xa6\xd3\
\xc6\xf0P\x19%\xd2\xd9\x03\x89\xe4\xdb9\xeez4\xcc\
\xd4\x13PQ\x9e}\x93\x01\xee\xfb\xcb\xc7\xd1\x9e\xae!\
\x5c{\x96\x14\xf9\xb4\xc6[\xda3\x14\x1c\x14 ^\x98\
\xc0\xaa\x0d\xfb\xf1\xdew^\x83\xb4\x93\xa0Z%c\xac\
\xb1\xa6{F\xdf\xc0>=\xb4e\x98\xa1V\xb5\x96\xad\
\xe4\xef\x06\x0f\xc0[t\xec\x09\x1a\xfd\xde\x0f\x93\xcd\xd9\
\x1f\x1ccY>\xa2O=\xb2V\xfc\x99tm\xe9f\
\x95\x95\x19\x192\xf2\xb6q\xfe\x9c'z\x9c\xd4\x06p\
\xe2\xdf\xfb\xa2\xc0\xe1\x8b,\x18q\xd2\xd3\x1ffN\x0e\
{<\xd4\xfd\x97\x93\xfb^U\x98\xfc\x18\x1d\xc3\xf0/\
\xea:\x12\xb9a\xfa\x91\xa4\xbeT\xe3e\xf0%\x9d7\
&G\x8b\x1e\xd4\xf7\x90\x80\xba\xf9H\xdf\xaf\x14S\xf4\
U\xa9dL\x1b\xbf\xfc\xd37\xe0W\xfe\xeb\xb5\xe8\xed\
\xfe\x08\x82\xb99\x84bJ\x96\xfcq\x0e\xe7\xd4R\x5c\
\xca\xa6\x1d\xd4\x17\xbdXu\x0a\x89x\x0bW\xafC\xb8\
\xe5M\x98\xdf\xbf\x09O|\xf4\x9bx\xf8\xb3\x8fa\xdf\
\x140AF\xbef\xc2\x1b\x832\xdf\xe8\xf7w\xed\x04\
\xfe\xee\xa1\x14O\x8d\x89U\x9b\xdc\xe1d\xcc\xa2\xfb\x17\
=\x98b\xe3S\x8c\xae(!,\xd2\x97\x1a{\xe0I\
Ro\xde2\xfa\xaa!\x12\x895\x00P^\x89\xdd\x8f\
\x8c\xa3\x19\x033mH\x9f\xc6\x148<\x0d\xec~p\
\x0e\xc1\xf0\xb0\x84YKk%W(C\x09G+8\
\xf7\xda\x18\x1a,ap\xb0\xcc\xf3I\xf1\x12\xa4\x0e|\
m;Po\xcb\x1c\x93JC\x19x\x07\xe6B\xdc\xf7\
7O\xa35\xd1\x87p\xdd\xd9\x92(\xc3y\xf2\xc6f\
\x13SpP\x09\xc9\xf8wp\xfb\xbb\xce\xc3y[\x06\
\x981Q\xa1\x10n\x13n\x90\x80F\xda\x05\x19\x8d\xdb\
/\xe1d\xbcGv/\xb9\xcdn3'\xf3{\xd9\x18\
\x96\x1d\x9f\x947\xd9V\xde\x9e\xaa\xe5\xbdR\x88\xaek\
\xc0c1\x06I\xf6+\x90:\xe0\x15\xd0\xcd_{Y\
\xd5\xc6\x7f\x1b\xbcP\x1b\x80C\x0f\x99\x87\xdc\x8b\xd3\x01\
,`7\x14G\xc6\x10\x8a\x80\xe3\x1e\x81\x99\xc4Go\
b\x97\x9cs\x19%\xde3\xa8\x88N\x94\x91\xc9\x19\xb4\
\xb0d\x80\xb6\xf9\xa5\xbe\xf6\xf9\xae\x8f:\xccO\xbcf\
\x02\xea\xb3\xb5c\xf4f\xcf\xba:m1O\xe9\x03@\
\xa1\xbd\xd4\x1b\xb0\xd0m\xe3\x7f\xfc\xc6\xdb\xf0\xa1_\xb8\
\x08\xdd\xe7\xfe\x18Xl\x8a\xa3Y\x89\x8c\xa5\xbf\xd6\xe2\
\xf7.`\xc2T9n\xdf\x18\x13(g\x0d\xfdU\x84\
g\xdd\x88v\xf7Z\xec\xf8\xc4\xe3\xb8\xff\xaf\xbe\x89\xa7\
\xf7\xd41\xd6\x0e\xb1\xd0\xa2F\xa8t\xed\x00C\xfd\xc0\
sc\xc0_\xdd\x9f\xe2\x9e=\x12\xe9@D\xc3\x04\xa9\
M.\x14\xfe\x86\x01\x06\xa8\xd0\xe8H\x19\x08\xb8A\x9e\
\xcck>\x9e\xc2\xdd|V\xac\x98\xa8\xbe\xb0\xaf\x8a\xe6\
t\x09\xcf>>\x8b&\x02\xec\x9eN\xb9\xaea\xbd\x99\
b\xba\x03<\xf9p\x1d\xbd\x85\x12\x82jY\x10\xa3\x89\
\x19\xd0\x04\x17]\x12\x9a\xcd\xb8\x9b\xa0\xda\x1fr\x83\x13\
B'\xa4wSO\x85\x833)\xbe\xf8$\xb0\xd0\x0a\
Q\xe5J?)\xda\x01pp.\xc2=\x7f\xb5\x0d\xcd\
\xf12\xc2\x0d\xe7\x98r\xdf\xa4+\xcb\xc8\xd9-\xd8^\
D\xdf\xd0N|\xf8C\xb7 \xea\x8a/_\x0c\xb4\x9a\
\xb0\xe618\xcf]\xac\xddw\x945\xc8{g<P\
\xd4h#M\xfc\xf9\xb2\x99\xad\x9e-\xc1\xa2\x09;y\
N\xd6,\x11\xe3\xc6\x06d\xa20\xa5\x8c\x9e)\xaaJ\
\x0a\xa4g\xc4\xd0\xa2\xaa\xfe*-}\xe3\x19\xf1=\x1e\
~j\x08 w\xce\x8czb\xf5s\xef;3Y\x14\
\xbf\xadUW\xcd\xf8-\xf1\xf8\xc4\xads\x91\xd9d\x8e\
\xaf,\xab\x0ad\x11\x87?\x11\xf9\xb1\xe6\xb1\xbf\xc7\x12\
\xb5\xa8\x88Zc}\x8eo\xac\xb4N\x07W\xa9\xa0\xb0\
\xdfD\x8e\xa9\xe4\xa7\xb2]\xdc\xce+\xc1`\xa1\x8b\xdf\
\xfb\x9dw\xe2m?<\x84\xee\xd3\x7f\x8c\xa8K\xd2\x88\
$?\x19\xb9\xbcF\x96V\xdaju\x10\xa3'ka\
\x00\xf2\xc9\x15cD\xa7\x9d\x87t\xf4\xb5\x18\xfb\xe6\x0c\
\x1e\xfa\xe8g\xb0\xed\x91C\x18\xeb\x84\x9c\xd8B\xc4O\
\xd5\x89G\xfa\x81#\x0b\xc0\xc7\xee\x01>\xf5h\xca.\
>\xca0\xe4~\x02\xe4a\xb4E%\x9c\x86Ec_\
\xd1\x07\x0c\x8c\x16\xa5\x85\xb9\x07B\xf2\xa1cNuu\
\xd6fy\x9f \x18Z\x85C\xcf\xd4\xb1\xf3h\x82g\
\x8eS\x7f\x83\x00s\x8d\x80=\x94\xad8\xc0\x81c)\
\x0e<ZG8\xbaJ\xcec\x0c'\xf6\x0a\x99\xeb\x02\
ay\x11k\xd6T9\x8c\x9c;.\xf5d\xcdf\xdb\
)>\xfbD\x8a\xc9Ei\xc0Ro\x01\x8d^\x82\x83\
\xf3\x11\xee\xfb\xeb\xa7\xd18\x12\x22\x5c\xbfU\x9a\xa7r\
\x00\x02=\xa8/`\x01\xf1\xd8C\xb8\xf9\xb6\xd5\xb8\xfe\
\xeau<\x19\x14\x8c\xa5]\x9e\x99\xe0C\xc9\xd9\xf0;\
[/\xb5Z\xfbv\xa4\x5c\xd5\xb5\x1c\x09\xda\x9d\xe3\x19\
\x03mu,K\x85noZ\x97\xe0\x12\xc8\x9e5F\
J\x00\x9di\xd2\xea\xbb\x01\x97\x13\xec9\xa6\xb2D\xd8\
\xbeP/@\xd6\x8a\xe9m&\x95\xce\xea\x0b7\xde\x0a\
\xea{g\xc6\x99\xd9OK`\x88\xea\x83\xbe\xab.\xb3\
\x013\x1aR\x86\x190cQ\x03b\xde0\xb2$\x96\
:w\xf3^\xf0OF\xb0\xe9yT\x8a\x98\x013\xd4\
\xb7*\xb9\xe8\xd3E\x03\xfb\xfb*\xd2\xfe{\xd5@\x8c\
?\xfe\x93\x9f\xc6M\xb7\xf4\xd0y\xfc\xe3\x88\xc8tM\
\xbd\xe8\xb9%\x90\xe9<L\xc9=Y\x84\xc9\xe1\xb3\xf4\
\x14\xc9\x9f \x0d{\x08\x08\xeeo\xbe\x15\xf3\xbb\x87\xf0\
\xe4\x1d_\xc1\x03wn\xc3\xfe\xf9\x00\xf3I \x84\x8f\
\x00+\x06\x80z\x17\xf8\xfbG\x80\x8f\xdd\x9db\xcfD\
\xcaFq\x22z\xceh\xf3\xa62\xf0\xfd\xde\xac\x06\x04\
X9L\xb155\xe1\x146\xf5\xd4l\xce\x8cF\xe2\
\x82\xd4\xdd\x98\xc1M:\xd2\xb4\x1f\xbb\x1f;\x86f\x00\
\x8e\xa5\xaf\x85)\xa6\x1b\xd2*\x8d\xbcqd\x97\xd8\xf5\
\xc84\x90\x0c\x22 \x88DRMi\xcbn\x0e\xcf\xcd\
\x18\xc6X\xbdz@\x8anR\xbb5V]\x84x\xea\
\xdd\x14\x9f{\x0282\x13\xa0\xaf\x94\xa2N\x8d;\x90\
\xe2p=\xc2\xb7\xffv;\xe6\xf7\x87\x087\x9c\xcf\xb5\
(m\xed\x042\x12\x92\xcd\xa5\xfd ~\xfc\x83\xb7`\
\x88\x9a\xc7R4\xa6i\xd5\xc6\xf95\xf0P\x9d\xe7\x0f\
\xb6\xfa\xbfg\x17p\xf8\xd1\x15\x8b\xb0@\xd2\x16\xf1p\
(\xd2a\xfa,\xbc\xf7\x91\xa7\xeeW\xf7\xb5\x0b\x9d\x96\
w\x0e\xc9\x8a\xe7\xc1A\x07K\xfe\x9e6\x9e\xd3`\xb3\
h\xe3\x04\x8f\x93\x1a\x01\xf5\xa4\xb9\xf2\xfe\x99ou\x8e\
\xd8 \xe6qNN\xfc\xf1\xaa\x00Ka\x10\x85\xed\xca\
\xc1\xcc\xb4e\x88\xcf\xb5\xbe\xd6\xf3\xe7a\xbe\x0d\xcf\xcd\
!\x01\x0b\xfb\xedC\xc25\x1c\xbc7\xac\xd8\xe7\x9e\xd6\
\x9d\x9aw\xa6\xfa>~\xa7\x96K\x0d\xff\x94\xa5\x11\xb9\
\x9e6\xad\x08\xf0\xa7\x7f\xf6\xf3\xb8\xea\xd2}\xe8>\xf9\
/(\xc4\xd4~\x8av\xaf\xadM\x9eq\xd5X\xa9j\
ti\xf2i\x83\x8c|\x03}\x88\xce\xbc\x09\x9d\xee\xe5\
\xd8\xf3\x0f\x8f\xe3\x81O>\x80g\xf6\xb71\x99\x10\xdc\
\x97\xb2\xe1\xc3\x03\x01w\x17\xfe\xc6.\xe0\xa3\xdf\x06\x1e\
\xdc'\xe7\xa5\x80\x16\x0eV\xd1\xaaa\xc2w\xbc\xb96\
kb\xcaZ\x8f\x0e\x12\x02(\x93\xaf\xcd\x1e$s\xe7\
\xd7\x9b\xcb>D\xed\xe5\x12,\x08\x07\x870{$\xc0\
\xe1\x03M\x1c\xadKQ\xce\x88:\xea\xc4\xc0\x8e)i\
\xc5N\xe5\xcd\x0f\x1cL0\xf9\xd4\x0c\x82\xc1\x95\xdc\x01\
)3\xc7\xde\xe0d|-\xac\xdb0\xccC\x90\x9e\x8b\
\xf2$\xed\x89~\xd6NR\xfc\xcb\xa3)\xf6NP\xf7\
\xe7\x00\xed6\xa9\x1c\x09\xc6\x1a\x11\xee\xfb\xe4sX\xd8\
G\xa8\xe9R\x89\x13\xa0\x13\xc6\x09Bj\xfe1\xf1,\
.\xb9\xa6\x88\xdb^}\x11\xba\xcd\x18\x95\x12AiI\
\x06\x0a5w\xc3\xa7w\xcf\x22\xe0\x0b\x08_\xf5\x94u\
\xf4\xa8\xccC\x056\x0c\xddlP+(=.\x90\x09\
\x13\xf2P\xb5\xeeu?\x81M\xed\x00\xaa.\xf94\xf0\
\xbc\x0fOmya\x0c`\x89\xa4\xf6\xbe\xf2\x91\xa0w\
\xbcUq\xb8N\x1aERif\x98\xc2\x1c\x13\xf8\xe3\
\xf1/\xd5\xb4|\xa1\xa06\x06\x85L\xbe:\xe0&l\
\xa9\x11d\x09\x13\xf1\x06\xe7\x92t\xf4\x80|\xb9+\xff\
J2\xb9\x96\xf09>\x5c\x02J\xc8\xcdG\xc4OE\
<\x82\xa4\x83\xf3N\xaf\xe0/>\xfe\xb38o\xd3\x13\
\xe8l\xff\x12\x0a\x84\x15H\xeah\x88\x99\xde\xb0e(\
\x06\xc5\xd1\x89\x09B\x10\xe1\x97\x13\x84[.\x05Fn\
\xc1\xd8]\xc7\xf1\xd0\xc7\xbe\x88\xc7\x1f;\x8ec\x9d\x10\
\xf3\xdd\x00\x8d\x16\x85\xb5\x02#\x03\xc0\xb3c)>\xf2\
\xad\x14w>I\xf1\xfc\x92Z\xdc2\x8dI\xb5\xbd5\
?=\xa9\xaf[I\xa5\x14\xd5!\x18\xee\x07\xca\xfd5\
\xa0G\x8d3|\x9f\x96\x87\xd1\xcd{\xcb\xba|\xff}\
m-\x8e<9\x8b\x85.8\xad\x96l\x0dD\xf0\xb4\
\xe6{\xa6\x80\xa9\x16I\xef\x14\xb3\xdd\x10;\xbe3\x0e\
$\x15F\x0d|&\x9d\x83\xfcB\xf5\x16\xb1f\xdd\x80\
tGf\xafE*FL\x0a\xc8!f@\xf7\x99\xa4\
\xf8\xecc\xc0\x8e\xb1\x00\xc3Up*n'N0\xdd\
\x0b\xf1\xe0?\xed\xc0\xc2\xae\x16\xc2\x0d\x97\x22\xe5\xccJ\
\xba\x07\xb9\xbft\xfa\x1bx\xffO\xdc\x80U\x83\x11\xab\
\x004\xf5\x12 \x94z\x04\xe0P\x8e\xa3\x9c\xfc>\xf3\
!\xbcg+\xe0y\xd3}\xe5\xe7\xd0+Qx\xbb\xcc\
\x03\xbc\x8e\x9e\xdc\xf5\x94\x06\x14\x91r@\x9d\x89\x00\xca\
\xe7\xaa\xf9\x9b\xd8\xd7\x222Z\xf12\xd1\x98\xfe\xe3\xa4\
\xa1\xc0\xcb\x08|w@&'\xc7\xb3\x8c\xb2\x14\x11h\
\xe9\xfc\xad^\x9ah\xc6_\xea\xf1B/1\x82\xa5\xa3\
\x0d\xdf\xcc\xa9\x01\xf6Z.I';\xf0\xa5\xbc\xd1r\
_\x0b\xfd\xbd\xbcj\xbe\x9c\x9f\xcc\x93\xf5\x17KR\x8f\
\x10\x1b\x13?5\xeah\xb5q\xf5\x05+\xf1\x97\x7f\xfd\
\x0b8}\xe8.tv\x7f\x1b\x11\x22\xa4\x1c&\xe6\x8f\
\xc6\x89\x16N\xd8\xa1'g\x07%H\xa3\x1e\xc2u\x9b\
\x11n~3\xe6v\xf4\xe1\x89\x8f}\x01\xf7\x7f\xf5\x19\
\xec\x9d\x8b0\xd7\x13\xc2\xa7\xdf\xad\x18\x08\xb8'\xe1_\
\xdd\x97\xe2/\xefM16/\xee1\x82\xfa\x84\x0a\xb8\
[\x8c\xa7\x16\xf9\xfei}\xedT\x9a\xff_{o\x02\
w\xd9U\xd5\x89\xfe\xcf9w\xfe\xe6\x1aR\xa9\xcaP\
\x99HB\x12\x08\x10\xc2\x8c\x0c\x82\x22 *\x22\x8a\x88\
C\xb7\xf4k\xfb\xf5d\xbf\xd7\xaf\xfb\xd7\x83\xfel\xdb\
n\xb5UDQiq@\x04\x04e\x9e\xe7@ \x09\
\x99I*\x95\xaaJUj\x1e\xbf\xfa\xe6\xf1N\xe7\x9c\
\xf7[k\xef\xb5\xf7\xda\xfb\xde\xaf\xaa\x08A\xe9~\xef\
$_}\xf7\xbb\xf7\xdcs\xf6\xd9{\xaf\xb5\xfek\x06\
\xb7H\x9f\x1a\xcfP\xa9S\xad\xc1n\xd0L58\x02\
\xd7\xa70\xae\x12i=Co\xb5\x8eC\xbb\xa6ql\
9\xc1\xa9\x05\x03\xed\xa5MA\xb7_\xe2\xf8\x82Q\x93\
\xf24\xc1\x81\xc7s,\x1dXA:\xb5\x09eR\x98\
:\x09\x12OB\x86;!\xb2\xee\x226o\xcdP\xaf\
\x1b\x94\xe2\x8c\xca\xd6\x93AQx\xcc\xe8\x92\x12\x1fz\
\xa0\xc4\xfdG\x13l\x19!u\x83\x18E\x89\x99^\x86\
;>\xb8\x17\x8b\xfb\xd7\x90]v\x8ba\x02\x1c\xb5S\
 \x9f=\x88K\xaf8\x89\x9fx\xfd\xf3Ptr4\
I\x15\xb0\xd1\x81\x89\x8b\xeb\xd0*\x89\xaaE\xe1b\xf4\
\xcd\x0e!\xfb\x96\xe7\x14^=p\xd36\x90\xaf\xa2u\
\xf9\x01\x85\xd4\xddO\x0a\xe6\x18\xa0,\x0a\x87\xfa\x8e-\
\xb4\xa3QJd\x8e\xd8\x10\x13\x84>\xb5oS\x05\x08\
\xbe\xea\x0c7\x91\xff\xd2Y\xcd\xcd\x0e\x94I\xe3H&\
\xe7\xef\x8c]y\xbe\xf7Z8|-\xd5e\xf0\x96@\
\xad\xf1\x8e\xdf\xb3\xd6\xe8\x90\xdb\x85\xba\x8a\xe7\xd5\xfa\xef\
0\xf8G.\xec\xac\xe4\xf6s\xa9n$\xd9|d\x5c\
\x9bhe(\xba\x1d\xbc\xeaE\x97\xe3\x8f\xff\xfc\x97\xb0\
\xa5\xfc;\xf4\x8f>\x8cj\xa2\xe2\xfa\xf5\xc4\x08\xfd\xdb\
\xd8\xfd\xb2By\xfa9\x92\xc9\x09\xa4W\xbf\x1c\x9d\x95\
kq\xe0\xaf\xef\xc0\x1d\xef\xbd\x03\xbb\x8f\xf48\xfe\x9d\
\xd2tI\x0f\x9e\x1c1\xfa\xf6'\x1e.\xf0G\xb7\x95\
x\xe4$\xa5\x12\x1bB \xc2\xb79Dj\xd3\xf8Y\
T!\x15\xee0Dez\x11n\xa2\x00\x99Z\xd7T\
\x1a\x96\x8d\xed\xf7\xa2\xfbq`\xcb21\x8e\xf2\x1c\x9b\
\xc4\xd9\x03K8u\xba\x87\x87N%X\xb3\xaex\x91\
PD\xf8\xa7\x16,\x22\xc9s\x9c]O\xb0\xff\xfe\x05\
\xa01\xc9\x1f\x0617v\xfd\xb8\x91l\xb7\x8d\xa9M\
\xa3\xa87\xcd\x1a\x0bq\xd29&4\x97\x1av\x1a\xc4\
CQ&\x14\xe3\xf0\x8d\x03\x09\xb6\x8e&\x1c\xaf\xbf\xd6\
-\x98\x09|\xf3\xef\x1e\xc3\xd2\xde\x15\xa4\x97=\x17\x05\
\xad\x095\x01I\xaa(\xcf~\x0do\xfa\x99g\xe1\xca\
\x8b[\xbc\xc6\x84\x022\x1b&l\x04\x80Z\xaf b\
O\xdb\xa6T\xa8\x98\xd5\xc7U7\x0b%~\x07\x0d\xda\
\xf2G\xb0\xe3u\xa0\x9b\x8bQ\xf1\x0a\x00]\x89S\xec\
\xf9&\xa9\xaf.\x15\xc5)\xe8\xeb\x0e\xe7\xe5\x1b\xd8\x0a\
\xce\xe7\x05\x18vQ\x07\xe1\xd5<8\x89#\xcd@U\
\x84\x96O\x960-\xb3=wU\xc6\x15\xc5u\xfdF\
\x94\x1b\xf8\x0d\xea\xbf\xe57\xeb0'\x81{\xad\x8c;\
\xf1\xb8\x05\x8d\xa8\xado\xd7O\x82{l\x05\x9f\xd4D\
\x92\x11\xec\xef\xb5\xdbx\xc3kn\xc2\xdb\xde\xf9\x0b\x18\
Y\xf9s\xf4O\xec\xe7\x8c>\x92\xfcA\xb3G\xc3I\
L~\xbe-<\xc9\xc1<#@z\xd5\xf3Q\x8e\xbf\
\x12g>\x7f\x04\xf7\xff\xd9\x17\xf0\xe0C38\xd37\
\xd6}\x92\x9e-j\x18\xdaLp\xd7\x11\xe0\x0fn+\
\xf1\x95\xc7\x0c\xc4.\xad\x9e\xcf-\xab%\xfc]\xc7\xb1\
;\xc3\xa8\x9eCe\xe7\xb0\x1b\x9bZ\x9cO\x92\x0b0\
\xa5\xaaC\xb2\x86\x06~y5nHUTk5G\
m\x0b\x0e=8\x8b\xd3k\x04\xc5\xcdJkdJ\xd2\
\x94\xda\xac?>c\x80\xe0j/\xc1\x9eG\xbb\xe8\x1c\
\xef#\x1d\x99Da\xda\xebF\x9b\x87\x82\x81\xda\x98\x98\
lbl\xa2a \xaf\x95\xca\xee\x19\xc56@\xc99\
\xcctJ|\xfa\x91\x02_\xdac\xbc\x1aFE(\xb0\
P\xa6\xb8\xebC\xfb0\xf7\xc8\x02\xb2\xcbo\xe5\xb6Z\
4\xa6|\x99\x9a\x88<\x84\x9f\xfb\xb9\x97 \xe9\x15h\
52\xae\x1e\xc4\x8c\xd1\xda{d\xcf\x88\xf4u{)\
*z\x1a\x10\x83\xb2Vy\x03\x9e\xde\x0cz\xcf\x87{\
\xd7\xfd\x1d\xdbF\xd4\xb7L[r\xfa\xcbt6\x0eU\
hO\xd1\x91\xf9J_$\xf0J\xc4\x8fq\xce8\x80\
a\xaf\xf5\x1f\xae\xc6\xb9\xba(\xfb\xff\x09\xea\xd9I\x0b\
TsW\xd9'\xc8\x95\xf2I\x0d\xd1#\xfaH_5\
z\x95r\xec?\xb3\x9a\xaa\xdcKt2\xcf\xb8\xed\xba\
\x0e\x12\xbbL\x9e@A\xa9\xde\xc3\xb0?5\xcd9\x99\
\xf8\xd7\xdb\xf8\xf9\x9f\xbc\x15\xbf\xfe\x9b\xafEz\xf2\xf7\
Q\x9c=II\xcf\x5c\xb8S6\xc0\x00\x9b\x15\x03_\
5Gr\xc9S\x90\xec\xf8a,\xef\x01\xf6\xfe\xe5G\
q\xef\xd7\x1e\xc7\x81\xa5\x14K$\xd1\xbb\xa4b$\xd8\
2\x9e\xe2\xd8\x22\xf0\xc7_/\xf0\x81\xfbJ,\xac\x9b\
K\xd0\x86\xa7\xe2\x13,U-\xf1\xdb$\xc2\x01\xd8\x1f\
\xb8\x94ds(\xc4J\xad\xcb'\xb7\x8e\x98xzN\
?\xb6\xe8G7]\x89\xd4/\xe76m\xd4\xb1>\xdb\
\xc2\xa9C\xcbxl>\xe1\x84\x1d\x92\xf8\xc4H,\x10\
\xb4\xad\x0bL \xd2r7a[\xc0\x99E\xe0\xf0\xfd\
\xb3\xc0\xc8\x16P\x12d\xd0?\x90\x1f \xe1\xa2$c\
ck\xd8\xbce\x94oKY|\x22a\xe5\x19]\xda\
nn\x98!\x9d\xf3\xa9]%>\xf2`\x82\xcd\xa3\xc6\
\xceALt\xae\xccp\xd7G\x89\x09\xcc\xa0B\x0c\x97\
\x1a\xa8&U\xe4'\xef\xc2\xeb^\xbf\x03\xcf\xbby+\
\xd2\xa2\xef\xec\x0d\xde\xae\x15n\x18\x8e\x01\xd0\xb1.\x11\
\x8d\x04I[\xb2\xf4\x8e\x185\x13\xb0k\xa3UZ\xb5\
\xf7bA\xa6G\xe2\x85\xb0\xb1\xabi\x0fAtkG\
\x03\x1a\x91l\x04\xfe\xe5{\xe7\x8f\x03\x88\x14\x0d\xa1\xa1\
a\x08\xc1x\x03\xac\xee\xc8\x91\xa1\x96\x8f\xb9\x07Ui\
\xb7\x1b\xc2\xa5x\xd4z\x0adH\xc6\xda\xa8\xed5\xfe\
t\xad(\xe9\x8d\xacG\xeb\x03\xa5y\x12D`+W\
\x1fK~\x8a\xee#\x83_\xb7\x8d_\xfe?_\x81\x7f\
\xf7+/D\xff\xf1\xb7\xa1\x5cX\xe4\x0a>\x09\xe1p\
\xcb\xa5\x8d\xaf\xdb\xc4\xeds-;\x0a\x8d%\xb8\xbfu\
\x0b\xd2\xab_\x87\xce\xe2Sp\xe4\x03\xb7\xe1\x81\x8f\xde\
\x85\xbd\xc7\x0b,\x90\xd4g\xb8On\xbd\x84\xe3\x85\xfe\
\xe6\xbe\x02\x7fBn\xbd\x19C\xf8\xce\xad\xc7Do\xa5\
\xa1%\x04AV\x01tw\x8cv\xd0\x9e!S\xc1Y\
\x80\xdb\x1a\xc6\x00\xa8\xf1\xabb\x12\xc1Vwjq\x81\
dd3N\xeeY\xc6\xd9\x85\x02\xfb\xa6\xd5\xbd\xd52\
\xd2\xd8\xe8\x9eg\x97K\x1c\x9e3\x0c4OS\x1cx\
d\x19\xc5R\x15\xc9\xc8\x98\xf1\xcc\x08\x94\xb5\xd2\x96<\
x\xd4\xbfo\xdb\xc5\xa3&\xdb\xd9\xb7-0\xe8R%\
\xe4\x90\xbd\x81\xa6~\xadgZ\xd1}iO\x89\x0f\xdc\
CU|\xcc\xb8\xa9\x10\xc8R\x9a\xe1\xdeO\x1d\xc2\xc2\
\xae\xd3Hw>\x97m\x02e\xa7\x87:\x1e\xc0[\xdf\
\xfaC\x18\xaf\x94\xa8\xd73\xeb\x12\x94X\x00\xc5\x10\xf5\
\x8e\x94\xd8\x91\xc0\x98<\xb8\xf9\x0c\xc2\xf4\xa4\xa9\x03\xd9\
\xfc\x8b0\x8e\xcf\xe1^-\xa8\xdc\xdaj\x13\xb9mh\
\xaa'|\xe8(\x22\x11\x9fl\xac\xda\x9b\xab\x0e;\x86\
$o\xc8\x02;\xa2s,\xca>$C\xb4\xc2\xd4\x03\
,2\xf6\x04\xb8\xca\xc0V_\x0f$\xbf|7\xb0\xee\
\xfb\x0fM\xb8\xac\x14L\x883\x0b\xa3\x89\xd5\x18D[\
HD\xb5\x18\xca\xadD\xff\xb4\x9c\xd0\xea\x83\x12\xe4C\
\x11v\xadF\x8aj\xde\xc6\xaf\xfc\x87\x1f\xc7?\xfd\xe5\
\x9b\xd0\xdd\xf7\x07H\xd6:H(\xc8GB\xec\xc47\
\xcb\xba~\x82\xb2\x9a\xa1\xac\xe4H&2\xa4\xd7\xbd\x0c\
\xf9\xe8\x0f\xe2\xec\x97\x1f\xc5c\x1f\xfa\x0c\x1e\xdd\xb7\x84\
\xe3+\x14\xb7o2\xdd&Z)\xc6G\x80o<\x0e\
\xbc\xedK%\xee8\xe0+\xc1h=_\x08?\x96\xf4\
\x9a\xf8\xddrl\xc4\xf5m\x183\x05\x0f5(z\xa9\
\xcb\xbd\xca\xfd\xc5\xf5\xba8\xeea\x99(\xfb@I\x0d\
\xdd\x8cS\x8fM\xe3\xf82p\xe4l\x89\xaa\xad\xaa\xa3\
\xef\xcbL\xc0\x96\xf6\xdeu\x8aP\x8a\xe1>GN\x03\
\xc7\x1e<\x83t\xea\x12S0\xc4eTY\xd9\xcb\xf7\
]\xe7X\x00\x03\x9e\xc2\x90na.\xa2\x13\xd3}\x09\
]Pt`\xa5B\xf6\x80\x12\xef\xbd\x8b\xe2\x04L\x12\
\x1a\xa9J\xcbi\x86\xbb?q\x08\xb3\x0f\x9cBe\xe7\
\x8b\x91dT9h7n}a\x1d/|\xe1S\xd1\
\xebtQ\xab\xa4\x1c\xbb\x22y\x02\xe7>\x86\xc8]m\
\xcf\xb0\x14\x1c\xe8\xf6j\xb7*\xdc\xaa\x82\x8e\x94\xda\xa1\
\xb7\xb0\x18a\x1d\x82#\xfb\x89\x86\xdf\x8a\xf64\xd2\x08\
\x81G\xd8\x16/\x22\x81\x0b,\x08\xa2V \xe6,*\
\xcc\xd0lT\x7fgS\x1fP>\xf70\xc2 q\x91\
\xc2Zg\x09%}a\x03G\xe4f\x9e_\xd8\xf2\xe2\
\xc1x\x85p\x8c\xd5\xd7\xdcSb\x05\xc2|C\xed\x12\
\xd4\x92\xdf\x87\xf6\x9a\xe8>\x0a\x1dm\xa0\x83\xff\xf6_\
\xdf\x887Pt\xdf\xae\xdfG\xd6\xa1\x921\x14\xefO\
m\xaa\x84\xf0\xc4\xcao\xf5\xfcZ\x1f\xe9\xe5O\x01.\
\xf91\xac<\xba\x86\xc7\xdf\xff~\xec\xba\xeb\x00\x0e\xcf\
gX\xea$\xec\xba\xaaV\x13l\x9dJph\x1e\xf8\
\x83\xaf\x94\xf8\xbb\xfb\x0b,w\x0c\xf2\xe8Xkw\xa0\
\xdb\xab\x1f\x1b[\xe4CE\x87\xac\x9d\x960\xf2\x9c\xf4\
\xa2\x96\x95\xd8<\x014(\x88\xa1\xdb5\xeb'\xcf\xa1\
\xae\xe5\xe6\xcb\xeeD\x0e?j\xb5\xb0<\x03\x9c9\xba\
\x8cC\xf3\x09\x96\xa8[\xaet\xf9\xd2\x9bV\xaa\x7f'\
&\x9e\x7f\xffY3Pr\x09\xee\xbew\x16\xe5z\xca\
\xaa\x04\x9b/mM\x01\xb3a\xe8\xa7\x83\x8b\xb6m\xf2\
\x01G\xca[\xa3\xd1\x0f3\x02;\x0f\xc4$\xa9\x82/\
1\x81\xbb\x0e\x16\xf8\xd3\xdb\xe9\xb5)\xd8I%\xc2\x17\
\x93\x0a\xee\xfd\xdc\x11,?r\x08\xd9\xce\x97\xa2(*\
H\x16\xbe\x88\x9f\xfd\xc7/\xc4x\x8d\xfa\x03\x98\xaaM\
\x9a\xe0\xf4\x8e\xf4\xc596\x16\x5c\x1e\xa9xI\xce\xe4\
\xae\xa6\xd1\xfd\xeb\x84S\xf0Ee{P+`\xff\x91\
\x8aV\xda`\xa8\xc92f\xf9\xc3\xc8w\xa3\xe3\xfc*\
\x80\x04\xcdH\x5c\xc4\x90\xab\xfb\x1a\xec\x86\x93z\xc5\x89\
\x1bw\x87%\xad\xdc,\x08q\x86\xcf\xe4\x0a&\xa8\xb9\
q\xff\x06N\xd4\x90#y\x9d\xde\x8a~\xf7KC%\
/\xf5]\xb9n\xdb*\xaab\x0d~\x94\x88\xd2\xa8\x95\
\xd8\xdc\xe8\xe0\xf7\xdf\xf6\xf3x\xd5kr\xf4\x1f\xfe\x0b\
d\x1d\x09\xebU\xf3c7\xaa)\xc6\x99#\xd9\xb2\x19\
\xc9U?\x82\xb5\xb9\x9d8\xf1\xa1\xcfb\xdf\xe7\xef\xc6\
c\xc7\x80\xe95J\xd3-\xd8\xa7}1u\xb3-\x12\
\xbc\xfb\xce\x12\xef\xfcj\x81\xa3s&\xb4\x98,\xd9d\
\xe1f#\x9f\x22~\x81\xfb\xc2\x10t8\xa8\x8c\xc3\xd8\
I\xbd\x15;\x9c\x14\x0fm\x1b\x19\x98\x01\xd4GF\xb8\
J\x91\xc7\xefR\x9aMD\xb9\x8aY\x97\x18\x86\x91I\
\x9c}l\x01'\xe7J<z\xdal\x1c\x93c0\xa4\
\xe3M\xe2\xd5\x96\xdd\xd4\xeb\x83{z\x968q\xa6\xc4\
\xcc\x9ei$\x13\x9bl\x9d@\x95\xa0\xcf\x0f\xb9\x82m\
;.ry\xfb:W^\xa3\x1e\x8a\x86t\xf6\x0f[\
\xcak\x8d\xf8Y\x06|\xebD\x81w}\xcd0t\xaa\
\x80\xd4\xeb\x17X\xcd\xaa\xf8\xd6\x17\x8fb\xe5\xc1\x03\xa8\
\xec|9z\xd3\x87q\xc3\xf5\x0b\xf8\xd1\x1f\xfb>$\
\xdd\x1e\xf7d\x94\x1c\x80sF\xcd\xb0\xadT\x0b&-\
`\x9c\xfe\xe4\x087\xf8\xa2\x9fj\xc7\x10\xdc3Z&\
\x18\x98\x1e\xa5\x8c\xbe=3\x06\xcb^\xb8F\x12\xdf\xaa\
{\xeavz+<\x81@ =/N\x22D\x0f\xa6\
\xff\xa6\x82\x17\x5c\xc8\xc0\x0fH \x9e\xdb\xb4\x12\x01\x16\
\x7f[G\x0a:\xb1\xe4\x7f\x8bt\x09tT-\xb9\x94\
\x8d!|\x04\xcb\xc7]l\xbfu\xf3\x91\xc5\xdf\x12\xbe\
H\xfe,\xcd\xb1e4\xc7\xdb\xdf\xf1/\xf0\xe2\x17\xcf\
\xa1\xf7\xc8\x87\x91\x16\xa6v\x1fI}\x172\xea\xb2\xe2\
J\x93\xa3\x7f\xcd\x0b\xd0k\xbd\x12\xd3_\xde\x8d\xfd\x1f\
\xf9\x12\xf6\xec]\xc6\x91\x85\x14\xcb\x94%\x97\x03\x93\xa3\
\x09Z-\xe0\xb3\xbbK\xfc\xf6\xe7J\xdc}\xc80\x0f\
\xda\xbc\x12\xc5'\xf5\xe9\x9c\xf4wE'c=2^\
\xafd\xa8\xee\xae\x13\x0di>)\x22wb\x8c\x98t\
\x07\xc8\xdb\xde.\xe3N\x8av\x92en\x09\x97\x8e\x1d\
\xc5\xf4c\xf3\x98n\x03'\xe6L\x5c\x84+\xaf\xea\xf7\
\xbe[?\xfa\x8c\x88\xf0\xc4\x02pl!\xe1\x0c\xc4\xa5\
n\x8a\xc7\xeeY\x00\x92Q3\xe1\x0c\xa3\xe8\xb0\xbf\xfb\
K\xd8z\xf1\x147\xfa4\xc4\xaf\x0b\xb2\xea\xe77{\
G3G\xaetLL \x01\xf6\x9c*\xf0\xf6/\x9a\
\x9c\x84F5A\xb7\x97c\xbe\xa8\xe0\xc1\xcf?\x8e\xb9\
\xbb\x1fA\xba\xf3\x07PN\x7f\x09?\xff\x0bO\xc7\xc5\
\x17\x91\xd1\x91\x5c\x85\x83\xfbHn\x18\x86\x9b\xfb\x01m\
\xe4\xd7\x17\xcd\xc6\xecZUN\xde\x85\x0c\xc7\xd4h}\
\x08:<Y\xa9\x01\xa6\xbe\xa6MNR\x9f\x0f\xd9\x02\
\xc1d\xc5\x0cb\xd8\xd6\xd1\xdd\xe4\xc2g\x19\xd0\x99\xe5\
\xd7\x80\x16\xa4\xf4r[\x10\x91,\xccn\xf2\xd4@\xec\
{\x9a\x03\xc6\xf71\xdc\xcd&\xe58\xbc\xa4\xcam\xeb\
g\xd2Tauz\x99h\x7fS\xcb2\x22\xc3\x18\xc5\
\xce\x1bK\x7f\xc9Us\xc6\x9b\xc4\x0c\xfa\xd81\x95\xe1\
\x8f\xfe\xe4_\xe1\x99O\xdb\x8b\xde\x9eO\x98\xc2\x9d\xe4\
\x87\xb3>~\xe6\xd6\x9c\xf0Tr@Or\xf9S\x90\
\x5c\xf5cX\xda[\xe0\xf0\xdf|\x10\xfb\xef?\x80\xa3\
\x0b)\xc7\xc5\xafR.z#\xc1\x96\xa9\x84\xcbq\xfd\
\xf7O\x93\xc5\xba\xc4z\x9f\xa4\x08U\xed\xb1\x97V\xe5\
\xa8\xb4KO\x97\x80\xf2\xf3\xe3s\xc4\xfd\xe6Q\xfd\x0b\
%\xb6}P80\x11N\x8cW\x90e\x045\x08\x01\
(ea\x98$\xb1]\x98\xd2\xd1&Vf\xaa8s\
j\x15\xfbgI\x8d1\xf0_\xef\x8b\xc0\x0e\xa1T\x14\
2\xc8\xddw\x94\xaau%\xe8\x96\xc0\xbe\xfd},\x1c\
XF26\xc5v\x22\xdd\xa1\x9d\xda\x93Mm\xaac\
\xa4E\xf7\xa6\xa0\xa1p[j\x9b\xb1,\xbd\x8e\x80\xa4\
\xf9\xa3\xfa\xfdt\x1e\x15\xf1\xfc\xbd\xcf\x95X\xea\x81\xa3\
\x06{\xc4\x04\xca\x0c\xdf\xfa\xf2at\x1e;\x8cd\xf3\
\xad\xd8q\xe5\x12^\xfe\x9ag`m%\xf7El\xf5\
\xeev\xc4,\x91\x94\x83)\xe9\x01\xe3\x8d\x8c\xe3!\xc5\
\xa8yv@?F\x0a\xeas'gH\x98\xd2\x8b\x0a\
Reo\x8a\x8f\xc0\xfa\x1f\x8fO%\xee\xc5\x87\xee\xf3\
\x1b\x7fo\xf8\xd5\x9caA\xe1\x0cW\x13\xcfn\xbc\x22\
w]SE\xdfw\xc6y\x1d\xc0\xe0\x12wd\x12m\
\xee\xb3v\xaaK\xf4\x9f\x0a$\x12\xe2\x0f\xc6\xe8h\xdd\
\xa2\x08g\xe5\xb7\xd7\x93L>r\xf5\xc9\x0fA\x7f.\
\xdcIw\xef\xe2\x86\x9du\xbc\xeb\xcf~\x09O\xbd\xfc\
.\xf4\xf6|\x11\x19I~S\x04\xce\x8c\x99\x0bq\xd2\
Us$\x9b'\x91^\xff\x0at\xbb\x97\xe3\xd4\xa7\xbe\
\x80\xbd_\xfa&\x0e\x9c&\xb8\x9fb\xa5M\xc99\x09\
.\x9aL1\xb3\x0a\xfc\xd1\x97\x81w\xdeV\xe2\xc4\xa2\
aRD@m\xea<c\x83\xd5b}\xdf\x09 m\
~\xf1uD\x82\xf9\xf3\xef{f\xe9W\xde\xab\x05\xb4\
>-J\x03\xde\xdcBR\xab\xa1\xe4\x8e\x19\x11\x13\xd6\
\xe6$k<\xe0y\x1c\xd9\x8a\xb3\x8f\xaf\xe2\xcc\x22A\
z\xa3:\xb9\x14\xe3\x0d\xf6\x8cHhb\x14\x07gM\
pP#+1\xdfIp\xe8\x819$\xcdM6\xc7\
]\xbeK\x01\xff+\x18\x9f\xaa\xa15Z\xf7\x96\xf7\x18\
^\xd8g\xd76\x90 \x1e\xc2\x1aP\xe9\xde'\x16J\
\xfc\xdeg\x0b\xcc\xac\x01[G\xa9YH\x8en\xbd\x82\
\xc7\xbe\xf1\x18V\xf6\x1d\x06\x9a\x9bQ\xc3!V\xcd\xe2\
b3\xa1\xe5\xc8G\xbe\x06\xcf+\x904\x9c9\xab*\
{A\xe9?\x90=\xac\xd8\x84[\xcb\xe8o[\xbc\x96\
\xd4\x1dYd\xb2n\xb91\xe8\xb9?\x87\xd6\x22\xc4-\
\x02\xe1\xc2;\x03\x0de\x02\x11o\x8b&\x85\xb9$G\
\x97Q\x81\x06]t\xc1H]\x07\x195\xb4w\xa2*\
\xaa\x88;p?/\xd3\xc2\xc9Uz\x92\xf5\x1e\xb8\xf7\
\xd4$\x19\xe8$m\xba\x8c\xdf\x9dP(Y\xfa\xf3^\
\x1b\xcf\xbdi\x13\xfe\xc7\xdb\x7f\x11[\xeb\x9fF\xef\xf1\
\xdd\x1c\xd7\xcf\xa1\xbdR\xbf>\x95\xfa\xf7\x19\xb2\x1d\xb7\
\xa2\xdb\x9b\xc2\xe2\xd7\x1e\xc5\xe9G\x8f\xe0\xec2\x95\xae\
J\xd1\xee\x19\xa9\xb5e\x22\xe1\xba\xf2\xef\xbf\xa7\xc4\xd7\
\xf7\x911\xca\xc0}\xd2\xf3\x09\xea\xc7\xee--5\x1d\
 R\x9c;\x98\xf0hFDB\xb9\xbf]X\x9eB\
Z\xb6\x10\x07U\x0b\x1a\xdb\xd4p7\xd2Ve\xc3\xe3\
\xac\xebJ\x11[R\xa5\xf7\xa6p\xea\xc0~\x1c_$\
B6\xcdN\xc8P\x19\xac\xcc\x90\x1d&\xcfG\x05K\
v\x9dJ\xb8m\xf7\x1aI\xe7}]\xdc0\xddFm\
l\x02\xe5\xe2\x82q\x9d\x96)\xca\xee:\xc6\xb7\xf4\xb0\
y\xf3\x04\x0e\x9f\x9c6\x91\xa4\x82\xec\x84\xf9)\x89)\
rH\xe6J\x07%QU!Z\xdf\xb3K%~\xf3\
\x93\xc0\xbfy5p\xcd\x96\x04+\xed\x02\x8bE\x05\x87\
\xee\xdb\x8f#_\xfa=|\xe8C@\xa5^A\x8fP\
\x99\xdaM^l\x1ac\x9e!\xbep\xc7\xf9.\x12\x92\
y\xea\x83\xd9t]\x05/\xdcd\x97\x0eZ\xeb\x03\xa8\
\xae\x90\x1f\x1b\xbdYJP\x92S\x94\xa0d'&\x02\
\xe9\x9a\xa4\xce\xc9\x1b\x84.\x86\x1e.\xa7A\xbf\xe9\x85\
J\x80\xc7$\xceY\x12\x17\x0c\xbd\xd8\xc1i)\xc6\x0f\
g}\xe6n\x01C\xce\xe9\xdd\x16\xa1\x084\x92\xca7\
 q\xdfw\x82O\xe2\x02\x22h`c\x13|\xdd>\
\x9b\xd4\x93\x99\xb8\xfe\xbc\xdb\xc6\x0b\x9ey1\xfe\xe0O\
\xff9\xb6\xd6>\x81\xde\xd1\xdd&\xae\x9f\x0aw\xd2\x0d\
8k\xa4D\xc9p\xff:\x94\x97\xbf\x19\x0b\x8f\x11\xdc\
\xff\x1c\xf6\xdfs\x04\x87g\x09\xeeSxn\xc9\xe5\xc0\
\xa8\x12\xf0\xd7\x0f\x00\xff\xe5\xa3\x05>\xff\xb0\x09_\xa5\
MIz>\xf3\x13[K\xdeY\xb4\x85\x09DFa\
\x91\xfajf<\x1c\xf5X\xdf\x12\xb8v0iF`\
\x00(}F\xf7\xa4\xaaA\xa3\xc4\x05J\x9b\x04\xa4\x8c\
\xaa\xfeV\xeaJ\xd4\xbc\xb35\x8e\x95\xe9\x0c\x8b\xa7\xd7\
\xb0\xf7,5\xdfT\xc8/>\x86\xbcG\xf2\x80\xe6}\
\xef\x19\xe3\x15 \x10ub\x1e8\xfa\xe0,\x92\xf1\xad\
j\xa3\x93\x13 G\xb5\xb1\x8e\xed\xdb\xc6y\xd2\x8c\xa7\
\xd0\xaboRXH\xdf\xce\xed%i\xf4\xa1~x\xbe\
\x01.\x92\xfa\xdb\x9f\x02\x1e=\x9b`\xfb\xe6\x12\x13S\
\xc0Z\x99\xe1\x8e\x07S\x9c^4\xc2\xca\xe4Txq\
\x16\xc2\xfaA\xa6\xe3\xe80\x19\xc2\xbd\x15\xa3\xf2\x01h\
a \x91\xbb\x93\xbb\xb4B\x13\xce\xd0k\xcb\x81s\xf4\
da\xbc9\x16m\x98\xa0\xdaA\xec\xae\xf9p\x9c\xca\
\x7f\xc1\x0c@_6\x98s\x07M};0\x956\xc1\
Q\x80\x04}\x89\x11H\xfd2\x99\x08\xe3nSA\x16\
\xf6\x014\xf3p\xb0K\xf5\x87\x8e]3n96x\
 \x0f\x84U\x82O\xd0\xa9\x87t\xfe\x02\x93\xa3T\xa0\
s\x1d\xafz\xf1\x15\xf8\x83w\xfe\x02\xc6\xdb\xefF~\
l/*\x14\xda\xcb\xe2\xcdV\x98\xa1x\xd6\xa9MH\
\xaf{-\xba\x9dk1\xfd\xe9O\xe2\xe0\x97\xee\xc1\x91\
\x19`\xa6\x93\xb0\x9eO\x19f\xdb\xa6\x12\xd6;\x7f\xf3\
\xd3%\xfe\xf4\xb6\x82\xcbp\x93\x9d\x81+\xdc\xda`\x1e\
o\xd9\xf7\x96\xfe\x98\xe0\xdd\xba\xda\xb95\x5c\xdeJS\
y\xc6\xa1\xcf\xae\x5cf\xb2\x89-\x93\xe0\xe0l\xaa\x04\
T\x07\x9acd\xf4\xb2\x1e\x00\xf6\x9aj\x82\xb6\xea\x9a\
\xbd\x09\x07r57c\xe6\xb1y\xcc\x92Ko\xda\x84\
\xce:\xa0\xa6\xec\x86\x03C\x92\xccP\xfb\x8c\xab]\xe0\
\xc1\xa3&\x1b\xb1\x9b\xa48\xb0{\x15\xc5\x1aU\x0c\xa2\
\x92]\x04t\xc9\x22J\xdf[\xc6\xa6\xad\x96\x01\xd8\x1d\
/\xb1\xefR\x9bo\xd8$\xb8y\x8c*\xf9\x12\x13\xe8\
\xe6\x09V\xba%~\xf7\xd3%\xbe~ \xc1UW\x97\
\xc8\xdb\x05\xee=I.WS\xbf\x80\x1b|D\xde\x15\
\xc7D\x95\xb7\xd2\x7f\xee\x16\xc9\xadQ\x00\xc9e\xee\x1d\
1\x89J\x1aE\x14\xba5S\x94\xa6Q\x0eO\xb0O\
\xd3\xf61\x06\x1eoh\xb5@\xd3@\xbc=.\xb85\
\x98\x1bo\xa4\xe3\xc95L\x84_\x08\x878\x9b\x89\xf5\
6\xdb\x19X\x0bb\xb10+\xaeb\x02\x83\xc2\x0d\xaf\
fo@gqP\xcbb>\xcd\xfd\x1d\xc7R\x835\
RP\xac\xfd>\x97\x9f\xc2?\xc7G\x08\xc3\xae\xe3'\
_w\x13\xfe\xdd\xaf\xbe\x1a\x95\xb3\xefB>;\x834\
\xa1\xb05\xb2\x08S\x96\x1aU\xe0M\x90]\xfa\x22\xf4\
\x8b\x1dX\xfa\xc6\x03\x98\xdb\xbb\x1f\xb3+\xc0\xc2z\xc6\
\xc9'\xb4\xf0['\x13\xcc\xae\x02\x7fv;\xf0\x8d\xc7\
JP)\x80\x94\xaam\xdb@\x1e\x87z\xa4~|\x04\
\xff\xc3I\xd7^\x13\xf5\xa1F]Vm\x22\x821\xf6\
\x92!\xed\xc4bk\xb2\xdd\xc4\x9bZ\xc0\x08q\x81|\
N\x95\xe6\x0a\xa5\x88\xa8\x01\xdc\x1a\x9c:\xe3\x16S\x98\
>\xb0\x17\x07\xe6\x81\x93\xf3\x05\xcf#\xa1\x1a\xb7\xe3\xac\
}$H\xc7v\x92\xcc\xbc\xa4y\xa0L\xca\xbd\xa7\x13\
|\xdf5\x09U:\xc3\xf1i\xe0\xcc\xa3\xb3\xd8\xfe\xcc\
KP\xac\xefe\xe1@\xbc\x16\xf9\x22.\xda>\xe9P\
\xa4O#\x1b&\xce<(\x0f\xb6\x82\x8em\xa2\xf2b\
\xb6!\x5c\xbf]\xe2\xb7>\x0e<\xbe\x02,/\x00\x0f\
\x1d16 b\x10\x12f;\xe0^\x13;\x842\xa4\
\x99{x\xbb\x81\xc3g\x01\x07\x88:Ki\xc1\xea\xc1\
\xb3b\xb9\x83\x5c\xdd]W\xa2@U\x04\xa8\x8c$\xc8\
X\x8esA\xd4\x12mt\x04\x0c@\xf6\x97\x86\xd91\
Q\xb9\x87q\x13\xe2Y#A\x95\x22/\x90%U\xe6\
\xde\xd2\x87\xcf\xc1\xa8\x0dM\x95\xc1\xbc\x05\xcaK\xa0[\
z?\xa0a0\xae\xc3\x8aj\x5c)a\xafR\xc4\xc3\
6\xd0!\xc9\xdf\xaaQ\x5c\x7f\x05Eg\x0d?\xf7\xd3\
/\xc0\xbf\xf9\x0f\xaf@~\xf0\xf7\xd1\x9f_2\xcd:\
\xb8\xfb\x0aY\xf7K\xa4\x17_\x85r\xf2\xf9X\xdew\
\x1cs\xf7\x7f\x083gs,v2\xb6\xe0w\xba\x05\
\xc3\xe9\x22\x05>\xb7\x1b\xf8\xd4\xb7J.\xc7\xcd]i\
i\xc3)\x84m\x5cb\x11\xb3S\x8c\xc0\x13\x92\xe6\xe2\
\x9e\x82\xb5\xe4\xd1\xd0^\xa4\xb4|:\x84\x0f\xb8\xeb\x1b\
\xfbe\x89\xf1\x16Pm5Q\xf6;&\x1a\x8f\x07\xa2\
;\xa2x\xe4\xc0MGZ\xe3X\x9aM0?\xb7\xca\
\xf0\x9f\xd4\x1c\xa9\xd4k\xf6J(\x16\x1d\xe1\xe8=\xa2\
\x96\x8c\xda\x93=x\x0cx\xc5S)\xf0)\xc5\x81\x07\
\xa7\xb1\xfd\x96\xcb@9\xc0%U\x11\xa1\xa3\xbf\x82M\
\x17m5M\x8f\xb4\xc0W{\xd0\xd9GT]\x017\
\x132\x08B\x5cV\xee\x88;UZ\xb6\xfd\xd5gJ\
\xae@\x8c\xd4x\x0d\xfcz\xf8\xce\xd5n\xce}H\x8b\
?\xf4\xb3;\x8f\x0b%F\x89\x8aj1\xa8s;;\
\xb6a\xbf>\x08\xdb#\x90\x1b\x22C\xf5F|^<\
\xf71\x9b<\x17\xb9\x0d0\x80\x98\x89\x0b\x12\x18\x08.\
\x09\xdcj\xb6-\x96-\x07\xc6*\x001\x02n\x12\xea\
%\xb7+\x07\xeett\x1b@\xc2\xa8A|\xad~\xb8\
\xe6#\x95\xb7\xafa\x19[\x0b#D\xe1\x9aN\xd8\xce\
=*\xba\x8fC{\xc9\x02\xde\xca\x90t\xd7\xf0\xd6\xb7\
~?\xfe\xd9/?\x1b\xf9\xbe\xdf\x01\x96\xd6\x90\x90\xb5\
\x9f\xc8\x94\xec\x17\x93\xe3H.}\x11:\xb3\x09\x96>\
\xfbY\x9c9<\x87\xf9\xd5\x04k]c\xe4\xa3\xd6\xde\
c\x93\x09\x1e8Z\xe2\xc3\xf7\x96\xd8\x7f\xc6\x18\xc5\xe8\
 \x98+V}\xb7x\x02\xe5\xb5K4\xdaP\xce<\
\xa4\x89\xdfe\xe7\xd9\xbc\x07\x0f\xa7\x1c\x933\xef\xdb\xe0\
\x93\x01\x08\xea\xcd\x04\xf4>\x11\xeeH\x13\xa84(\xa5\
\xb9\xedO&\xc5\x9a\xbb\x13\xd9\x91X\xce\xc9c\x19\xdd\
\x82\x99=g1\xbd\x00\x1c<k\xca\x9fk)\x14>\
\x8beV6\xe6\xc0\xbe\xe3\xe4\x1by<(Z\xef\xc1\
c\x09\x9ewe\x82z=\xc1\xb1\xe39\x96\x0e\xcda\
\xfc\xb2\x9d(N<f\xea%\xac\xcfc\xcbE;\x19\
E\xb9Z\x0dB!\xacV\x9a\xd6-\xda\xe0&\x92\xcf\
\xc1iE\x14b7\xe0\x1dS\x80]\x91M\xb2\x83R\
\x0d\xa2\xbe\xbd\xca\xb0^\x17\x81\xb1\xd9\x17F\x114\xa0\
\xf7\xa4^G\xf3BE\xcd\xc9o^J\xf9\xdbK,\
\xf3\xb1\xdf\xcbf*}\xf3P\xbe\x037[\xa6`%\
\xcf\x9a\xb4T\xd7s\xa0U\x98\xe8\x81\xbe\xbd\xee\xc0\xda\
8\x10w\xa5\x8d\xc3%\xe9\x0d\xe3\x06$\x1b\x80A\x02\
\x83m\xb9,W\xb4\xb3\xad\x15\x08\xb3\x08\xe5@\xcd\x01\
?\x0b^\xd7q\x8b\xa0\xe1\x97HK\xae\xe4c\xab\xf6\
\xda\xcc>2\xf85\xab%\x17\x81H\xbb\xeb\xf8\xe5\x7f\
\xfdj\xbc\xf9\x17\xafC\xff\xd1\xdfE\xbaF\x98\xb3\x82\
\xb2\xdfGQ\x03\xb2\xcb\x9f\x83\xbc\xf2\x14,\xdf}?\
\x16v\xef\xc5\xcc\x12\xb0\xd8I\xb1\xde-8\x17\x9f\xc2\
w)\xb0\xe5\xcf\xef,q\xe7~\xa3\xf2\x10\xf1\xb3\xdb\
\xc9\x86\xef:\x98\xaf\xe6G\xd72\xb4\x1aL\xb00^\
\x9d1\x96e7\xc9\x9e\xeb\xf9/D\xaa\x82^\x19\x0d\
\x94\xddl\x0b\x02HKL\x8c\x01\x19\xa1\x9b\xf6\xba\x02\
R\xba\xd9\x8bM\x9f\xe6\xc9\xa3@\xa7QL\x1fx\x1c\
G,\xfc'\x03*Y\xd7\xdd\x98\x85\x14-#\x12\x97\
\xa4\xb7u\xfb-\xd0\xb7\x9b\x8d\x5cr\xd4\x9e\xecEO\
)1\xbb\x9e\xe0\xe0\xb7\x8e\xe3\x19\xd7\xdd\x0a\xd4\x1fG\
\xc2\xc5\x04\x17q\xd1\xd6\x1a\x1a\x0d`m\xd5\xac\xa7K\
.\xd7\x10\xd5\x8e\xc2\xcc\x9d\x87\xc9n.\xed$3\xe1\
;\xc6d\x18\x02=\x83\xe9\xc4\x9e\x98\xf7m\xfa\xb1\x94\
p3I?66_\xa1,\xb1\xe2\xc7\x06W\xcd\x0a\
\xbc*\xe0\xd7<\x94\x9f>\x07\xc2D\xf8)\x81(\xdb\
^\x98h\xb0\xe4\x95\x80\x1c6B\x02\x8e\x86b\xd2\xfb\
vm\x00\x03\x12%\xea\x9e-4*\x5c\x897>\x05\
\xb5P\xfeuZQ.\x1c\x91\xf4\xf6!-.\xf4\xfe\
P/N\xdc\xc6\x89 \x96\xd27<\xc6\x8f\x1e((\
\xe3E\x19}\xb6I'E\xbf\x8d4R\xd4\xcb6\xfe\
\xd3\xaf\xfe\x14~\xf8'\xc6\xd0\xdb\xfd6\x0e\xed%\x89\
@\xd5d\xb3m;Qn~\x01V\x8e\x9c\xc1\xd2\x03\
\x7f\x8b\xc5\xb9\x1efWS,\xaf\x9b\xa4\x92\xc9\xb1\x94\
7\xf0G\x1e(\xf1\xe9\x87\x0a\x86\xb2\xac\x0bS\x04\x9f\
-\x02$\xb5@\xe2\xc8\xbd\x98S\xab\xbd\xa1\x1eI\x1a\
\x95z\xa9\xa9\xe7\xd80L\xa7\x11F\x99\x10\x03<\xdf\
\xa1,\xc7\x1e\x12\xa0\xce\x0c C\xa5\x96\x22\xa7(@\
\x0by]\xd9/\x1d\xd6L\x16\xe7V\x13\xcb\xd3},\
\x9e^\xc5\x81Y2v\x9a<\x09\xa1\x09a\xe4<&\
\x95\xb9'\x1b\xc8\xb5\xc3\xf6\x8d\xc5\xd9\x16@kr\xef\
\x91\x14\xb7\xec\xa4\xd8\x96\x14G\xf6wp\xc3\x899T\
\xc7/B9w\x0ah\xaf`j\xa2\x01\xb2U\xce,\
\x87L\xcf\xad\xb4\xa5\xe8a\xba\xad\x13\x0bR\xe4\xc3\xce\
\x17\x11\xbc)\x5c\x9b\xd8$+\x83\x12\xcd\xb8\xed\xf5\xd4\
\xcd\x1c\x83\xb4\x04\xea\xae\xa6#&\xad\x01\xd0\xecoY\
\x19\x9b\xc8\xa6C\x17\xc2\x7f\xa2\x91*\xa6\xa2Bd\x5c\
yr1\xc6r\xbfM!~\x1f>\x8cs\x11\xf9\x05\
\xe8\x00C\x19\x80\x9e\x81\x80\xee\xdc\xf6\xf3\xf0E\xcb \
\xd9\x04\x09\x85\x03K3\xc6\xe0\x92\x16\x06\xab\xd8g\xb9\
\x83\xe8\x94\x83c\xd6\xb1\x95Z\x9f\xf2\xcfh\x18\x8d\x99\
D\x93\xd3O\x95|\xa8;\xaci\x10\xd9D\x1b\xbf\xfe\
[o\xc6+^\x99\xa1\xf7\xd0\xbb\x90\xf6m\x11\x8f\xd1\
\x06\xd2K_\x8e\xce\xea8\x16\xbf\xf25\xcc\x1d>\x89\
\xc5ujF\x91r\xcd=\xaa\xfaKa\xb0w\x1d\x02\
>~_\x89\xc3\xb3F\xe2\xb3U\x9b\xa2i\xc5\xa7/\
\x1b]\xe9\xf9C\xc82X\x10\x8d\x81<S\x105\xc0\
\x84\x18\x0b\xf4\xf4\xd2\xdeJ\xb9\x00\x05x\x94 U|\
\x03m\xc1\xfeA\x8cp\x9c\xaa\x81d5\xa6D\x86\xd2\
\xec^\x0a\x07A\xf5\x0aYn\x8en\xc6\xdc\xbe5,\
,\x03\x8f\x9d6\x0c\x8fc\x87\x94dp\xd9o\xf24\
j\x93;5@\x10\x0f\xbb\x04i]L@\x14u\xfe\
y\xc6\xce\x12\xb3\xab\x09\xa6\x1f9\x82K_~\x0d\x8a\
\xd9S\xc8:\xcb\x18\xdfR`j\xaa\x89C'\xd7\xad\
 \x11@\xe4\x89MC\x5c\x1f0\xe4g\xdc$\xd0\x84\
\x82\xc2\xb9\xcf,\xd9\x15\xce\xa2>\xb0Q\xcdv\xb3\xeb\
e\xf8\x83\xecy\x8d\xd5CN.k\xe3i\xc6_\xdb\
\x7f\xd3\x15\x1f\xf3l>\xf2k\x93\x92\xe3\x5c~\x1a\xd9\
\x04\x9bh\xe0*\xc1>\x0b\x98c\xf9D\x18\x80\xceT\
t\x13\xa1FR\xea\xfe\xe8\x96\xf88\x07\xc0\xd6[W\
\x9bTtrG\xf6J\xb8;\xb8r.n%\xd8\x99\
o[\xa8\xc5\xf0\xb5\x06\x18\xf6\xab\x8c>\x82\xfc\x95\xa4\
@\xab\xec\xe27\x7f\xf7\x9f\xe0%/[F\xef\xa1\xf7\
Q\x8a>w/N/\xbd\x11E\xebF\xac>\xba\x17\
\xf3\x8f<\x8c\xb9E`n%\xc5Z\xa7@\xbdVb\
\xebD\x8a}\xd3%>xw\x89\x87\x8e\xf9\x0dN\xe1\
\xbb\x1b\xc1}\xad\xfb\xeb}\xe5\x98\xb4r\x199\xe99\
\xd4\xa7\x17By\xf3\x8eH\x09\x09\xe2Qs\xa37\x9a\
\xda\x9f\x22)H\x9a\x90\x1a4:Y#%\xdb\x16\x02\
q\xa2|\xd0\x80H\xbaxu\x13\x16N\x1c\xc6\xd1%\
\xd3\xe9G\xea\x10\x0a\xb1y&\xe3]aR\xc1\xc7\x5c\
Z<\x1f\xfe}b\xfc\x82\x02\xee?\x92\xe0Y;\xa9\
\xbcw\x8a\x03\xfbVq\xc9\xf3\xabHG\xb6 \xef\xce\
\xa0V[\xc7\xe6\x8b\xc6\x90\xee^w!\xbaN\x12\x07\
4\xad\xe0\xb66\xb4\xb9\x13\xa4\x95\xb8\x7f4A\xfbl\
3\x82\xfa\xc0\xa2\xaca[0,!\x1frX\xa7\x02\
h(\xef\xd6]\xa9tJ\xd0i(\xef>\xd3.r\
U\xc7\x82mg\xfc\xcc\xa9\xab\xaf!\xc5C\xe3g\x0b\
\xc6\x1c\x09\xa2o\x9f\x01\xa8=\x1c\xf2V7_N\xda\
\x09\xa3u~Sn\x0c\xe2\xbf;\xd0\xddW\x18\x83B\
TC\x07\xeb\x8c0\x11\x9fc\x03Y\xf8\xf0l\x83H\
l:/A\xfeJ\x8e\xc9F\x8e\xff\xfe;\xff7^\
\xf8\x9c\xc7\xd1{\xf0\xa3Tz\x1f\xc9\xd8Vd\xdb^\
\x80\xce\xc9E\xcc|\xf9\x13X\x98kc\xb5\x93a\x99\
\xb3\xf5(]6\xc1\xdcz\x82w}\xbd\xc0m{\x8c\
\xa1(\xb3\xd6b.J\x19\x05\xec\x04\xe5\xb7E\xa7\x8b\
\xd4$\x8f\xb1\xe5\x8d0\x0aO\x1eR\x0c\x98\xfe\xac\xc1\
CCK\xff=\x0d\x09\xcc\xb6\xe3Xz\xfb\x19\xd1\x10\
\x19A\xeb\x04\x89\xca\x9e\xdf\xabJm\x11\xf8\x9fP\xe1\
\x8fV\x0b\xed\x95:\x16O/a\xffY2\x80\x96\x1c\
\xeb\xe0c8<dv\xb6\x03\x01\xb2\xa2\xbe\xe9\xe5\x11\
\x8b\xbd-\xf0I\xb9\x17\x87f\x80\xc7\xcf$\xb8f[\
\x89S3\xc0\xdc\xc13\xd8\xfc\xb4\x1b\xd0;r;\xb2\
r\x05S\x9b'P\x16\xd3lX\xf6\xcc\x7f\x88$\x94\
`(Q!\xb5d\xd6\xe8\xd1O\x97\xdaZ\xa5w\xa3\
\x12\xd4V\x92\xda\x11h\xdc\x10W\x22\x0f\x15\xf1\x87\xb2\
\xcb\xabU\xf4>\xd9WM\x13X\xe3\xb2\x13\xc4!\xd5\
\x86\x1c\x87\xd0\x1cA\x08\xdc\xf6\x9f\x14\xb8/\xde\x0cM\
'NPD\x90\xf3|\x84\x7fA\x0c@\x1f*\xf0\xcc\
M\xbe\x03{\xe2\xe7\xe6\x0eFT\x11's\xd0\xcd\xa5\
Y\xdaQi#\x88\x93fN\x9e\x0f)\x15\xb6\xc1\x03\
\xcbk\xfa\x11w\x1f\xe9\xfeM\xaa\xf2\x92\xf4q\xf1D\
\x86\xff\xf1G\xff\x157_\xff :\x0f~\x14\x09\xed\
\xba\x1d\xcfA^l\xc7\xea]\xf7bf\xdfQ\x0e\xd6\
\xa1\xb2U\xdd\x1e\x05\x06\x99\xfa}_\xdc\x0d|\xf8\xde\
\x02\xd3K\xa6\xcd7\xc7\x96w\x8c\x9fX\xf2\xd0c\x88\
/\xe5\xff\x9d\xfc\xd0\xd5\xc8\xb45_\xbe\xa0\xc4\xbb7\
\x98\xc5O6d\x0d$\xd4Y6\xf9\x10u@6\xa6\
0W\xce\xd9'\xcbw\x95\x0a\x81487W\xa7Z\
8\x8d\xc3\xa6\x99\x15I\x81ll+\x16\xf6\xafbi\
\xb1\xc4\xbe\xd3d}6\xcf\xee\x86\xcfz\xa9\xbf\x9f~\
,\x87\x80\xb4\x84U\xcc\x92\x9e\x81\x98@\x17T\x00%\
\xc1\x0d;(\xae \xc5\xf4\xbe\x13\xd8|\xf3\x0d\xb6\x14\
\xd2\x12\xa6\xa6&9.\x80b\x11\x1c\x92\x10\x07\x90\xbd\
\xa8.\xde\xe9\xf8\x81\xecL\x1d\xde\xef\x18\xa3]\x1b\x0b\
\x03J\x85D=S\xb1\xcf \xd2\x5c\xde\xd0\xf7\x08<\
c\xaaB\xb6Hx\xb5a=X0_\xe6\xf8\x0a\xcf\
s\xf4\xcd\x02\xe5I\xe6\x99\x85)\xf5\x8f(\xfb6\x22\
P\xa7\xc4\x85\xfbP\xdf3F\xd5\xe5\xb7\xcb\x00\x92\xf3\
\xc2\x02?h\xd6\xad\xacc;\xe1F\x8dd\x84\x93\xa4\
\x9eH\x1f\xd1\x13\xa7g5r\xebh^?\xf0]U\
3@\xdav\xd1\xbd\xeaT\x0d\xa6\xe8\xe0\xd2\x8b\xc6\xf1\
\xf6?\xfd\x15<\xf5\xf2\xaf!\xdf\xfbq\xd4\x08\xee7\
oB\xe7\xd0a,=\xf2\x11\xcc\xceR\xbd=S\x81\
\xb7Z)1>\x9a`\xd7\xf1\x04\x1f\xf8f\x89='\
Mw`\x22\x9c5\xab\xe7\xeb\xca\xbb\x030?\x9a\x1a\
\xff\xdb\x13b\x80\xcb\x87\xcc\xad\xd6+\x15\xba\x0c?\x97\
\xf8\x06\xfb\x99\xd9H\xe5\x10\xd8o\xafc\xd5.\x22^\
zc\xa4Ybt\xac\x01\xe4\xa6\x10H\xf8\x05\x1f8\
A\xb1P\xa8n\xc1\xc2\x91\xa38\xb6Da\xbbF\xfa\
S\x1eC\xb0\x8c\x927\xe0(?VC\x94\x91\xce\x85\
\x17\x9b\xf3I\x0d \xa4Fu\x05\xa8\x06\xe2u\xdb\x13\
\x9c:\x96\xe3\xaacG\x91\x8el\x07:\x8b\xb8x\xc7\
\x16\xbe\x9c0\x1e#\x85\xadq/\x88@\x0d6F\xb4\
\x08\x22\x89\x15\xb1\xd8Pt'\xc7\x12_\xf6\xdb\xac\xab\
f\xc6Ni\xf5P\xdf\xceW\x8c\xa0\xcc\x18\x0d\x81\x87\
`/\x19\xc8_\x09m&2a\xe2\xceu\xbb\xcb\xd0\
\x11\x87\xb1S\xf8%\xd5V\x92\xf1hv\xab.\xa1\x90\
\x96\x1a\xfe9\x8f0\x10Hqp\xed:\x89\xaf\xa3\xc7\
\xed\xc9X\x05(\xba$ _\xc3_\xfb\xf4\xfd\xcc\x0d\
^\x9fa\x93\x22\xa1\xf8\x91\x0dg\xf3#\x95Zn5\
\x8aA@\x8e\xab.\xdf\x86?z\xe7\xbf\xc5\xd5\xa3\xef\
E\xef\xc8\xc3\xa8^\xfd\x16\xe43\x1d,}\xf5\x0b\x98\
;>\xcf\x01(\xac\xc7\x17T\x1c#\xc5\xf1\xa5\x12\x7f\
\xf6e\xe0\xf6=\xd4^\xdbHBr\xebqU\x1e\xe5\
\xd3\x8f\xc3vcd\x12\xceLD\xcc\xfa\x8c \xc2\xca\
\xcd\xb6{\xde\xf8z!\xad\xfaM\xe46\xa0\x93T*\
fB\x04\xaf\xaa\x9bH)\xb1\x5c\x0a\xac$\xd9\x1b\x00\
9U\x9e\x8b\x0a\x7fV\x91\xb7\x1bX:5\x87=\xd3\
\xd4\xdf\xb4d\x9f\xbc<s(\xf1}\x0c\x82_%\xd9\
;\x96\xb0\x1cuX\x18k\xe1:\x95\xf3\xa2Z\x08\xf7\
\x1d\x06n\xb9\xa2\xc0\xd9\x85\x04Gw\x1d\xc2\xd5\xaf\xbc\
\x06e\xb3\x8e\xcb.\xdb\xe2\x0b\x8b\xa8\xb9\x1d\xdc/\xca\
\xa8\xe6\x84\x92!\xb1P\x98\xc8 \xc5\xaa\xaf\xdf\xd5\xe4\
\xec\x09X\xc4\x92\x96\xb76s?\x5c\xf2\xc0\x8eg\xcf\
qL\xd9\x8eX\xf9\xf0\xdd\x0aZ\x15 \x98QgH\
\x17\xe3\xa7\xefN\xec\xde;\xd7\xfe\x0a\xd9\x82\xbf\xf7\x06\
\xf6\x800\x10HOG4'\xfa\x9a\xf1[\xf2\xd8\xa2\
\x06\x08\x0a\xf0\xd1\xfd\x1b\x84#r\xa4\x9b\x90\xbb\x86\x8f\
\xe1*{\xfem\xa4\x8a\x04\x0e\xb9B\x8e\x9c\xda\x9b\xa2\
\x91\xb5\xf1\x9f~\xe3\x8d\xb8\xfa\xf2{\xd19\xb1\x84t\
\xcb[\xb0x\xd7\xbd\xe8<\xfe\x08\x16\xd6\x80\xb9v\xc6\
Q|\x93c\xa6\x8d\xf5G\xbeU\xe2\xc3\xf7\x94\x98_\
5z)I9N \xb1\xba\xaa@{m\xddw\xe3\
\x19PMLd\x99'\x14\xf7n\x10V\xa9\xf5I5\
\xdb\x9e1(\x08 Y|>6 \xfeZL\x8e\xb2\
A\xc3\x1c\x0aR\x8fH\xf8\xd7\x9a\x19\xcarU\x0b&\
\x8b\x16\xb4\xfbo\x0bV\xce\xacbq.\xc7\xfe3\xa6\
\xc2\xb3\xb8\x9f\xfc\xc3\xf9\xa0\x1f\xbd\xb6\xceB/\xd7\xb5\
\xc4\xa6\xe7\xc0\x84\x8c\x1b\x06\xdb\xac\x95\xf8\xd6Q\x13[\
A\xf5\x18\x8e\x1ej\xe3\xd2\xd9\x0e\x9aW\xbf\x1cI\xef\
\xb3\x1c<D\x8d@\x5c5\xa4(\xa6\xc4\x5c-4\xde\
if\x11L\xbd\xa2\xd4\x01\xc2)u\xed\x09\x05h\xd4\
<\xeb\x8579\x1av\x14\x0e\x04\x85\xd6}\x0f\xf5\xf5\
\x88<\xf5\x9a\xc05\xdf'\xc1!ZA\x8e\x96\xf8y\
\x9fY\x01\xea\xce\x95\xb8\x87\xe0\x19\xc2\xd7\xe6RC$\
\xec0\x060\xb8)\x03\xa3\xa6\xfb[\x0c~F_\xf4\
;\xc0\xe7N\x0b\xd4\xb1Q\x7fjc8w>\xd7\xed\
\x8b\x97K\x83\x1a\xe5\xeb\x0e`Sh\xaav6\x09\xbb\
\xc1I?\xda\xb2%\xc5\xcd\xd7>\x08\xe0\x19H\xba\xdb\
\xb1|\xdb\xfb\xb0<\xd3\xc5\xe2j\xcam\xab\x9b\x8d\x02\
\xa3#\x09\xee:\x00\xbc\xff\xae\x12\x8f\x9d\xb2Q|\x09\
u\xdc\x0dk\xcd\xc9~c\xd8\x1f10aR1R\
r#\xd5R^\xed\x1dGCJgTS\x1c\x88\xe5\
\x80\x81(B\x8a\xe3\xff\xcb\x01_r\xb8\x90\xd2\x03\xaf\
Y\x07\xaa\xf5\xaai\x97%\xbbMn,\x09\x13\x14%\
\xd3\xda\x86\xd9Cg9\x7f\xff\xa4\xb5\xfeS\xd1\x12s\
-\xf1\xfa(bW\x99\x84\xa1\xeb\xc9\x9b\xbb\x05\x86\x0b\
\xff\xe0\xdc6\xab\xcf\x13c\xfe\xf2\x9e\x04?\xfb\x82\x02\
c\x9bR,\x1f8\x84\x03\xbb\x7f\x0f\x7f\xf3\x81e\x94\
\x95\xd4\xea\xfcv\x9f1<\xd4\x16yO\xcc^H\xd0\
\xbbA\x18[\x10 %\xd2U\x8f\x0d\x8e\xfa\x92\xe89\
\xe2\x0c>]jN\xdf\xd7c\xd4\x10\x09\x84\x873|\
\xb3\xd4\x8f\xf4=!l\xe9\xc1 H\x83\x993;\x06\
\x1d\x0atH;\x92\xd3\x9aG\xca\x14iY\x1a\x8f9\
\x11\x06\x10ZW\x83'\xf6\x13\xa2\x99`|9\xae\xe0\
k\xa8\xc1$\x04\x99\x12\xc6d\x89f#\xa03\x80\x14\
\xe1\xa4\xbb\x82\x94\x1a\x06{\xce\xb6\x91kP\xbb\x96d\
\xc2+U`z\xae\x86O\xfe\xc1\xed\xf8\xb1\x97\xdd\x85\
\xf5\xc7{\xec\xab_\xeb\x1b\xf7\xc9\xa6\x09\xe0\xd0\x5c\x82\
\xbf\xfeb\x89\xaf\xef5F-Z\x08R\x0780\xc4\
%\xee(\xc9\xaf\x12v4\xb1+\xa4\x18\x86E\x0e\x94\
\x85\xf0\xc37\xde\xac c<d\xbcJ\xa2K\xb7\xda\
\xa0\x85\xb9\xbb\x8e\x13\xaf\xc1\x06\x10\x97\x9f\xdc\xd5\x95\xd4\
\xb2\x9fS\x7f\xc1\xac\xd12\x0c@\xdfRjLQ\xa7\
\xe2F\x86\xb2\x18\xc3\xdc\xd1}\xd8?\x03,\xae\x19O\
\x82f\xcens\xb9qk\xf9+\x04\x14J=\x97\x5c\
\xe4\xc5\x1c\xff\xdd\xc9K4\xd2\x12w>\x06\xfc\xf0\xd3\
\x13<\xf3\xf9\x09\x0e\x1e\x04\xber\xfb2\xbe\xb1\xdb\xf8\
\x92\xa9\xab\xb2\xb1\xbdx\xfd\xda\xcd\xb6\xda\x82N\xf2\x0e\
n\x97\x001\x04\xcb\x95\xa8\x0bE\x8c:\x5cZ1_\
\xca2\x85\x99x\xfe3\x83\xd7\xb4;\xd4\xec\x13\xed6\
U\x12> Q\xafz8Fc\x07`hHE\xe1\
\x09bd$\xac\x1e\xcf\xa5\x8bza\xed\xe6j\xc8\xac\
\x04\xe82B\x10\xc3\x0f\x17b\x18\xc6\x22\xfb\xcfE\x0a\
U#N\xabf\xd4n\xe0\x81\xef\xeb\xc8&;zM\
`\xba\xd7\xa2\xc6\xdfr&\xf5\xa7o\xf7\x13<\xf4@\
\x86\xe5\x95\x1c\xcb}r\xed\xa5\x18i\xd0\xc6N\xf0\x9e\
\xbb\x81\x7f\xfd\xde\x02\xb7\xed6\x0fA\x10\x94b\xf7]\
\x05^]q6\x92\xfa\xa1\x8a\x12X\x90\xdc\x8f\xcf\xc9\
\xf7]\x91\xe4\x19\xb4S\xd4\xffk\xae!)\xbb|\x9e\
B5\x86\xf8\xa5\xd4\x99\xca\xbdP\xd7\xf0z\xa2\xfaq\
\xd7\x91\x18\x09\x937\xc8\xf5\x0e\xab\x84\x00z\x9eq\xc8\
?V\xa5J\x9a\x13X\x9b\xedcy\xb6\x8b\xbdgR\
S\xb1(\xe4?\x01qx\x97d\xf4T\xda\x95i\xdf\
T\xb4\xef\x8c\xa92\xd7\x14\xf1w\xd7\xe1\x04\xe3\x17\x01\
\xab\xb39Nt\x12\x1c\x9f+\xd9N\xd0\xb3\x8df\xdd\
\x86\xb6\x86\x18\x9f \xa3E\x92\x225\xa5\x86\x09\xa9\x99\
g\x95\x00\xa1\x88i\xb9m\xe7\xd7\xd3\xaf\xbfZSG\
X>:S\xcf\x8b\x03\xfd\xea\xe1\x9dk4f\xd8j\
\x8f\x08\xe3\x17$`>\x13W\xaemt*W\x10\xcf\
\x92J\xf8\x8f\x03\x7f\xe4\xf6.\xb3\x1e\xdfn:\xb0\x5c\
(\xaa\x18\xa0\xa7\xcd\xcc\xbf\xec\x04\xcb\xd9\xa5\x92\xa9\x06\
\x08\xee\x91es\xd8\xda@\x9aMI(\xa5\xa0[k\
\xcet\x88\xc0\x89\x9dP\x15\xe0\xcdT\xd0F1u\xe7\
:T\xf8b\xb4\xa08\x16.{\xf5\xf9\xbd\x09\xde}\
[\x89\x83\xd3&)\x88\xee\xbcBI;\xe2\xd3?\x07\
\xdc\x17\xc8\x1a\xf2\x9e8;J\xff\x1d2\xbc0jL\
#>-=\xf4{\xea<\xa7\xbfy[\x80V{\xd4\
\x1d\x9de\xdc\xcc\xaf\xdfh\x02\x16\xc8\xe2>J\xbd\x06\
+5g\xcew0^\xa4\x19\xfb\x0a\xb7a\xf9\xb1\x05\
\xcc,\x03\x87g\x0c\xe4'C\x9d\x0cO\x1e\xdd\x90\x90\
w\xd1\xba\x0cE\x05?5\xa3V[\xc1\xbfV\xf9\xfa\
T\xaa\xecs\x0f\x95\xb8\xfe#\xc0\xd2\xa9\x04\xb7?j\
\xec;\xdd\xbe\x84\xed\xea\xd9\x0e\x9e<\x22\xbd\xf0\xfea\
\x8e\xbdZ\x1egD\x86_dK\xe8N\xbb\xf2\x9bN\
\x8d\xdc\xcbl\x91\xc7\xeeJvB\x05):\xb4#q\
\x03qX\xac\x9dT'\xe4\x22We\xcc$$\x99N\
\xb33\xb7\xe8\xc3\xed\xeb\xc1\xa4h9|A\xc9@n\
\x12m]7',\xd4\x82\xfb/\xc8\x04\x12\xb7.\x5c\
\xf1\x0d\x99\x10=,\x0fK\xe3\xe1\xf8\x9df\xf6\xbe\xcf\
3\xd7g\x06!\xd0v\x03\x12!sL~R\xe2\x8e\
\x83\xc0\xc3\x073\xf6!\xff\xee\x07s|\xf3\xf1\x82\x0d\
z4d\xce\xd6S\x15w\xc3 \x9e\xc8\xca\xafG\xa5\
\x8d4\x03V|\x99\x1b\x17\xd1\xe1\xac\xb6\xfe_\xf9\xca\
0Y\x1a\xbe\xad\x90_\x08\x17\xddBz\xc9\xee\x1bH\
\x99/\x1a\x97\x9f\xbf&}\x97S`\xab\xc0\x08\xf5%\
\xac\xa4(\x88\xf3\xc5\x14I\xebL;!#\xf7\xdf.\
\xee\xee\xbb\xb4V\x98\xd2_6]V\x90\x85&r\x13\
\xf6\xe1S`\x9d9\xd7\x0dC\x98\xba\xa4;\x079|\
\xa6\xef]aT\xb0\xe9\xa5\x12\xff\xea\xed%Z\x0d\x13\
\xcaMgK\xe0\x95\xdf=n\x86\xfdC\xba\xbd\xa2$\
\xa2}\xed\x1f\xd3\xa3(q%z\xf1X\xd8\x93T|\
\xbd\xc0c\x15\xb8\xe3\x97?4\xc0\xb9\xcf#\xd4\xa3\x09\
Ys\x1f\xc9\x15\xd0r\xcc\xd0\xb1\xc6\xf2z\x1f\xd9\xef\
\x8b\x84\x0a\x83\x10\x06\x0e\xd9/\x0e\x1cE\x94\x1f3\x82\
s\x86\x02\xbb\xdb\x07\xca\x82\xbe\x93\x0c\xd2\x14\xa7\xa0\xff\
\xd34C\x9aU\xb9\xe6\x9e\xab\xa4\xaa\x08\xdfm\xe8\x08\
\x16:\x83\x9fH\x5c\x15C\x1ep$w\xbaYt.\
\x9aHM#\xadw\xe0\xf1\xb9\x04?\xf7\x1bT?\x8d\
\x0cL\xa6\xe2/\xd7\xe2\xb3I;\xba\xd3N\x10\xdd\xb5\
\x01\x87\x0c\x5c\x9d\xb6*\x0d\xd7!\xb0\xe3\x89\xc9<\xf8\
\xdb\x8dYG\xf8\xe9\x87\xf2\xa8Btv\x1f\x1d\xa28\
\xbd\xe5/B\xf4\xd2\xceZ\xe6\xc9\xcdgD\xa0\xc6\x87\
lBo\x1b\x0d\x8a\x93\xa6\xf3M\xd9\xdc`#\x90\xad\
f\x84\xa2\xff*\x98?\xb9\x88}\xd3\xd4q\x97\x0a\x9b\
*\xe6#\x8cY\xfa;:m\xd7\xcf\x9d\xd5~\xb5P\
\x8d\xe6K\xc6k\x06j*G%.\xc4\x98\x00\x0a\x0d\
\xcc5G\xd1\xd25\xe6-~'(9\xad#\xfbb\
F$IO\x22\xac\xd4Zi;\x86\x06\x07*\x00\xc9\
\x13\xa4\xd4\xff\x93\xe5\xf5\xc1B\xacvI\x12\x94Hf\
\x17\xa9I\x93g\xcb\xc8\xbbq\x0b\x02\xd0{\xc7\xd2I\
$\x14\xb85\x9b\xb8\x07\xd5yz\x9f\xaa\xedv\xc1\x87\
c\x00\xfa{^\xda\xf9\xc1\x09\x0f\xd0\x10\xd4\xeb@\x02\
\xfbE:\x996F\xceV\xa0\xa8=\x18\x9b\xae\xdf\xe7\
 \xff\xf0pG\x09\xddT$\xe1\xd0\x01}Nz\x22\
\x1d\x14\x0f\xb0BM)\xfb\x05o \xaa\xcb?\xcc\x9f\
/\xcf4\xec\xb5\xd9C\xd6\xd0\xc8\x04\x10f\x8ayn\
\xef\xd1\x80[\x0c\xe7N\xd2\xd2X\xafp\x14&\xab\x89\
\xdd-\xaeH~\xefS\x16W\xbd+\xfa)Yg\xd2\
DCI-\xb8\xe8H\xf3}rt\xd4\xa9K\x06Y\
\xfa\x19\x01\xd8\x8c:\x81\xad\x14L5z\x11\xd6\x8f-\
`~\x89\x12uh\xfd\xcc\xda1Q\xdb\xa4z\x9d:\
,\xae0\xf38&2\xd0\x18\xe8-S\x10\xf4\xc8\xc4\
/\x9bH\xc7\xb8\x9b{\xb3\x1af\x86d\xab\x0d\xdb&\
\xa8Q\xc2\x8ff4\x8ep\x1dL\x0f\xb7\x94^'_\
Y\xc9'\xf3\x1a)\xec\xe7^\xbf\xf2 @I<\xc1\
\xf5\x02\x1cd\x99\xb5J\xea\x0crQ\x8e\x810&\x11\
\x04*\x1f\xc0\xaf\xa7G\x0d\xca\xc6\xeb\xb6\x0b#p\xa9\
\xc3\xae\xbc\x041\xa5sV\xa6\xcd\xf3\x10f0\xcc\x8e\
u\xce\xaa\xc0~#\xab\x0b\x87O\x13=\x9e9\x83!\
\x22\x0f@ \xa6H5!`Y6o\xdc\xf3\x0f\xe1\
1\xb6\xd9\x5c\xc3\xdc\x12C\xe53\xff[\xa8\x05%\xc9\
\xc1p\x94\xc2M\xfb\xc2\x84\xbcd\x12h\xa4\x81\x87\x9e\
\x9c\x90\x00e5\xa2n+\xaeRO\xc0\x0d\x83\xb9\x08\
\xc7\xadBJE\x1ftF!{\xc7(\xc0\x83\x7fR\
\xe3\xd02\xcd\x1b\xa4\xab\x91f\x12\xbe\xfd\x99\x5cD\xca\
i\xf3\xb9\x94\xd9g\x89\xae5\xc2\xdd6\xd4 l\x1a\
/s\x90\x02\xa8\xef\xc0\xda\xe9#\xdc\xcf`f\xd1\xe4\
TP\xa9,R+\xf8[A\xc0\x8f6\x90\xf9\x02\x95\
&\x88\xc5\xc4\xd4\xab\xc9RD\xe8\x19\xa6i\x0a\x92\x04\
\x92\x96\xd7\x92zJ\x0e)\xc61L\xf2{\x1c\x14\xb9\
E\xb5(\xb4\x0c\x5c\xef\xa0\xc1\xfd\x0b\x15\x8a\xae\xd6K\
\xa5\xe9jh\xee\x7f\xe9\x22(\xfa\xbeJb\xbas\xf5\
>WIa\xda\x98j\xf7\x1b\xffg{#::\xca\
\x1aH\xc8S\xa3\xf6\x5c\x10\x7f\xa1n\xa5\x19\xa7\xbbG\
\x5cfn\xa3H\xc0\xa1\xf3\xec\xfc\x96.\xac'8[\
[\xa1\xcd\x82\xdb\x129V\x8a\xf17$\x1a\x90\xbf\xc7\
\xc0\xdd\x7f7H\xcb\xb4\x0b\xef\xde\x8b\x90\x1c\xa3\xa1\x90\
\x82E\xf2\x09\x81\xf7r\xb2\xf6\x15\x0a\xee\xc7^\x83\xe1\
D\xef0\x9bL\xb0>A/R0\xc3~\xc1C\xdb\
\x88'ly\x11C6=\xe7\xde\xa2n:\x16\x09\x9a\
\x22\xc3e\xc5\x06V\x89-\xda\xbb\xfb\xf4\x9e\xd2\xb6\x15\
W\xaa\x83\xc7D\x15\x90[di\xe3`\x1f\x1f,d\
.VP/4\xe4\xf9\x18\x96O\xcc\xe0\xf0\xbc\xad\xe4\
K-\xd3\xb8\x8c\x96\x81\x18*\xbc\xc82\x00\xeb\x9e\xb3\
s\xee\xfa\x1a\x14\x94\xf1G\x89U\xe6;\x9e9G\xc8\
\x5c\x98\xab#~\xb2\x1f\xc9{\xfe|U\x0aw\xe3(\
\xbea\x92\x97\x91\x87\xe7\xda!\xf9\xda@\x1chX\xa1\
\x1d{v\xf6\xac\xaa\xa5d\xb7A\x83\xca\xd0\xeaW\xd1\
\xa3S\xa7\x85\xe8\x81\xd2\xc5\x14\xa8\x08\xf7\x92\xf9\xbe\xf6\
\x1f\xb9=a\xed\x06\xc6+De\xe7\xbdPe\xb3\x93\
4\xac\x19\xc6$\xf5\x9bC\xddvCl\x00\xc1\xe4\xea\
\x15sq\xe7\xf1\xad,\xc7\xb41\x8c\xfc\x17mX\x81\
:\xca\x1d\xa0\xc9\xd9I;+.De0ok\xce\
\xae\x80\x1f\x95\x84J\x86,\xa0\xf3\xd7\x9boQ\xd1J\
\xae3\x0fR\x03\x94!1R-\x8cKO$\x89\xbd\
\xb3,\xca\x80\xb5_a\x83!\x9c\xd2qt\xd9\xdb\x01\
/\x89\xa4\xb6\xbf\x92R\x9f<\xec\xa7\x91\x93\xf4\xaeW\
R\xa4)\xb5\x10o3\xa2\x91x\x1d\xb9G\xbc\x14\xf4\
\xb7D1\x92\xfe?\xd10\x9b\x84\x5c\x80\xf5fEM\
\xb6\xda\x9d\x94\xfc3\xb2\x19+\xb3]\x9c=\xd5\xe1\x92\
]\xa4\x9b\xd7\xa8\xa21\xd9V\x0a\xd3\xbb0\x19\xc28\
\xe9G\xaa\x1d\xd3\xbd\xb9\x962\x15\x1f\xc9\x1a\xe8\x95\x86\
\x11p\xbd~\x9bi\xe7\xbfi\x08\x82\xaf\x11_\xd8\x0d\
P\x8c\xc0\x11p\xe0\xef\x0e\xf9L-\x8a\x07g\xa1\xc5\
%F\xb2\xa5\xd2\xcf\x9d\xca\xa7o':\xbcFYn\
\x97\x85\x9b@[\x83d\xeb\xe85\x0dG\x13\xcf\x85=\
\xdf\xb5\xe9Q\x13\xe2\x1eF\xdd\xc12\x05\x1d\xa328\
\x22\xbf'\xd4\x9d\xbe\xcdd\xa0\x18Z(\x22\xf3\x17\x0c\
Bw\xac1\xd0\x98o\x5cU\x13\xfe\xc8\xbc\xaf#\xa4\
\x04U\xb8\xea4\x03\xdbK\xcbfyZ\xc9+\x08a\
]\xb0\xb1l\xca\x18K)*O\x16\xa10\x07\xdf\xdc\
C\xfaqxH\x97\x06\x19g\xeaI\xc2k\xd9_\x01\
\xdas\x8c%\xe0\xa0\xcc\xc1\xdd\x93G\x08\xc0A=\xbb\
h\xd4\xd3\xae({\x18\xab4p\xd3\xe5\xd7a\xb2\xd5\
`IN\xe8\xc0\xe4W\xf4\x91e\x84\x0c\xa8\xc2O\x9f\
\xa1?\xd7a$/LB=\x09\xdbx|\xe1(\x92\
\xb4\x8f\x91z\x1fY\x9d\xfam\xa9\xfazFG\x00\xd2\
\x1c\x18\xdb\x89\xe2\xd4\x1c\x16\xd6\x81Cg3dY\x81\
ZV\xc3\x0f\xdex\x15\x1a\xa8\xb2\xd4\xabd-\x14\xc8\
,#\xaa\xf1\xeb<\xcfPPI5T\x98\x11\xe4y\
\x8a#s\xc7\xb1k\xf6>4*\x15t\xf3\x0c]\x98\
J6R\xc3\xd0\x19\x05#\x16\x18a=\xcf\xdc\x1d\x83\
V\xab\x10H\xb6\x90A\xf0/\xcb\x19x7\xaaX\x85\
`\x1fD\xfb&\xb1{G\x90Q \xbc\xd5z\x99\xeb\
\x87\xc8.h\x10\x12X\x86\xb4\xa4\x93\xb1(5@\xa1\
K\x8d|\xe4-\xa9kI\x86u\xa4\xad\x10xF\x14\
m\xdc\xe1\x83*\xee\x86\x94\xbfQ.\x80\xe6\x98\xda\xe8\
'\x5c*\x08\xc8\x18\x00A\xa6\x0b\x0c7\x08\xe58\xe7\
|\x80\x91h\xbd\xc6\xddQ\x0c(\x8e[\xaaD\x0e>\
mH\xac\xf2\x90u\x8c3\xc4\xbc\x0f\x22:\xc4\x0a\xee\
\x9c\xdbj\x93\x04\x03\x8eb\xb54\xfa\x8f\xb1\x9a{\xdb\
\x03I\x07J\x03t\xa0\x88\xdfI \x81\x9a&\x8b\x92\
$\x7f\x9e\xe7x\xeeSv\xe2\xb7\xff\x9f\x7f\x87+.\
\xca\x91\xad\x1fCY\xad3\xb1S\xe5\xe52\xef\xb1\xe8\
5\x88\x85Z\xb1\xe5\xac?s4f\xdeG\xbd\x9a\xe1\
\x8f>\xf4%|\xe9\xe1il\x19o\xb3\x0e\xe9\x08\x84\
~s\x08t\x094(\x93j\x1bVO\xdd\x81\xd3\xab\
\x09vln\x11\x99\xe3G_\xb4\x05?\xfe\xfd/F\
\xd9\xad\xf2\xa9eI\x0c\xa4\x81\xb2_G\xd9\x1fCY\
\x8e\x22/\xc7\xd1\xc3\x18\xb2\xda(\xca\x82Z\xf1\xd6\x90\
fW\xe2\xb3w~\x0a\xbf\xf1\xc9\x7f\x8e\xa2\xddFQ\
\xa6\x8c\x04t2\x98\x10\x82YR\xb5\x0fb\x12r{\
O\x5cB\xa2\x86\x86!\xcf\x8e\x1f\xb8\xcb\xf8\xefG\xb8\
 H\x8aI\xe4\xfej\x5c\xae\xe4\xbc[6s\xdf\x90\
\xcfx\xe6\xeeCsU\x91[\xe7q\xf0\x17\xd2|w\
p\x0f\x8b\xadA/\x10\x9do\xfc*\x04\xfb\x8b\xbc\xc1\
\x04N\xef\xba\xc2 \x03\xfb\xda\xab\x032m\xe7;6\
T\x01\xf4\xa4\x06\xdc\xcf\xa9-\xaa\x91\x82\x0d\xd5$\x09\
\x94S\x01\x8d\xac\xc1n@\x93\x15\xa8uW5\xd1\xc1\
\x1du*\xb02\x90\x05\xa1\xb2\xa1\x8f\xcb\x0br)\xb6\
\x10\xc6\xd5\x8aai\xd0\x07\xad'^\xab(\x9e\xf8\xdd\
\xba+\xbf\xb2\xe6\xean\xdf\xa8\xc5\x1d\x04\xc9\x82\x0a\x86\
\x83P\xb7!\xdc\xdc$\xbe_a\x0a\xb4jU\xfc\xe6\
\xbf\xfc\x09\x5cq\xed(\x0e}\xee=X\x5c\xa6\xa6\x9c\
%V;9:\xdd\xdc\x06\xc8\x98\xae1&L\xd6@\
\xf5\xbc\xc8\xb1\xd6\xa1b(\x05\xd2\xf6\x0a\xe6\xd7\xbb\x98\
htP!\x7f\xa8\xe6\x00,\xc6\x0a\xee\xd1\xd7_K\
p\xea\xc8,\xf6\x9c\xa8`\xad\xd3\xc7\xd5\x17\x01\xd7\xd4\
r\xbc\xff/\xefB\xafR\xe3\x12o\x14\x10TR\xcf\
\xa4\xac\x86$\xa3\x9c\xe1\x0cY\xa5\x8e,%\xa2\xaf\xa2\
Vk\xa2\x9eU\xd1\xdcv3n}\xda?\xc5\xeb\x8f\
\xdd\x8f?\xf9\xfa\xdb0Z\x1d\xc1z\x8f\xfc|\x05{\
\x09|V\xa5EW\x9a\x01+.;0[ns\xfb\
\xf4]\xbd\x8e~a\x93\xe1\x814z\x15\x9c\xba\x99D\
\xfb!.\xc8\xa2\xf0\xb3\xaeH\x17\x84\xe5\x9as8\x06\
#\x18\x9f\xfeX\x8fR\x87N\x07'E\xc2\xd6B}\
;_\x8c\xb0\x82\x12t\x1e\x06iB\xd7\xe0H#\x8d\
o[\x05\x88\xae\x11\xbe\xa7\xe6\xc5\xcf\x8f\xe8\xe4\xc4\xb1\
j\xb6\x11\xa7\xad\xea\xcaa\xddR\xb17\x06~\xc3\x86\
f9k\x00I\x22\x17\xa0\x5cc\xd8\xd7-\x85\xbao\
H\xcd\xb8\x8d\x02(\x1c\x93\x88\xa5\xf5\xe0\xe5\x9d\x7fW\
6\xabe\x14\x8c\x98\x9cZ\xa2q\x83b\xa9A\x98\xa7\
\xda\xe5\xd2\xb8\x94j\x19rg\xa5\x1c\xdb\xc77\xe3\xe2\
\xe6\x22N>v\x17\x96W\xea\x98\xee\x02\xeb\xed>:\
\xbd\x04\xed^\xca-\xaf\xb9\xc5Xa$,\xa9WT\
\x8e\xdd\x04\xd7PM\xc3\x0aN\xcdS\xa5\xe6\x1c\xd5J\
n\xbc\x00*s\x8d\x198%\x0a\x8d^\x86\xd53+\
83]\xe2\xccR\xc6\xa1\xb7T:\xf0\xe4\x99&\x96\
\xf3\x0a\x96\x0b6=qwZ\x82\xfai\xaf\x82\x94\xfb\
\x857\x90\xa65dI\x1d\x09\xf5\x81\xc8\x1a\x18\xa9\x8c\
\xa2V\xdd\x86\xfa\x96\x1c/\xbc\xfe\x12\xbc\xe7\xae\x0cU\
\xea\x04\xa4B.\x1d\xb2\x94\x08{!x\xbb\xd8n\xb9\
UD\xa8\x8f\x91\x08\xd7C\x13\x81\xccw\xd8XV\xc4\
\xbcf%.U\x0e\xeekj\xd7\xe9\xbf\x82\xcf\x85\x09\
D\xc4\x1d\x08.-\xdc\x22\xc3c($\x22\x82\x0fw\
\x98\xb7H\xd9\xce\xc0\x14\xc2M\x86u\x81\xf8\xc99Q\
p4GC\x12\x97.\x9c\x018C\x89\xbf\x80\x17\xc2\
\xa2\x1f\x8bo\xd3@ \xa3\x01\xa4\xac\xab\xba\x82\x8e\x5c\
\x02\x89\x0aN\x1a\xd7\x94\xf7\x83\xda\xdd/\xa3\xd4\xb3\xcb\
\xb5\xea\xc3!KWZ\x0f\xbd\xcc9\x9e\xe3\xd9\xbf-\
,\xf1`\xdc\xeb\x8d:\xa1%8\x22\xff\xbdn\x0b\xe5\
\xdc\x92\x0e6\xea+\xd8\x91\x04\x17\x0c\xc7\x1eTE\xb2\
3i\xe6\xcc\xdf\xcb\xf9\xf9\xa9/I\x06\xac\xb4\xab\xd8\
w{\x1f\xd7\xbe\x1e\x98\xd9\xd4B~|\x09\xed\xb2d\
\xc3\xdc:u\xf7\xa6\x1fF\x016\xbd\x96:\x11\xf5\xd9\
\xe4\xc9\xd7\xefWKt\xb8\xfb\x07\x157\x05Zd\x04\
T\xa1\xa6\x5ce\x86j\xa45wb\xe9\xe4^\xcc\xac\
P\xa4d\x82f\xad\xc0D\xa3\x8ec\xabu,\xd1\xfd\
\xfa\xd4\x0bY:,\xfb4l\xe3\x9a4\xad\xc2\xaa\x95\
\x0a\xaa\xd5:V\xf3m\xb8\xf1\x07_\x81\xcd\xc5a<\
\xb0{\x1e\x0d*@j\x19?\xc7\x08H\x9c\x87CZ\
b\xc8\x13\x14\x90\xa8x\x19\x81\xfa1\xfc\xd6k\xae\x19\
\xac\x12\x0f\x02\x06#A\xa5\xd7\xcd\x0b\xa1dp\x1f\xa8\
\xd4[\xbf\xc2\x8aA8\x88\xa8T\x05-\x85\xddf\x8b\
}\xf6\x83\x09M^ \xf8g3.@o\x80\xac\xd4\
j(rS\x94A\xc7\x81\xc4;q\xe81\x5c{>\
\x7f(\xb0\xd6%\xce}}3S\xe2\xaa\xe8vr\xa4\
\x95\x0a\xb2J\x86\x94\xba\xcbH\xb9)\xeb\xde\xa2\xf4T\
sy_+@\x08\xda\x13\xa9\x87N^g\xf3\x12\xdd\
\x9c'z\xbc\x9cj\xaf\xab\x9c\xd0\x1e\xca\xfb\xf9\x0a6\
\xa0\x8e6\xf4O\xee6P\xc8\xe9=\x1b\xe4\xd1:k\
\xa1\xed\xca\x13\xa4O\x07\xbb\xc1\xdd7\xfcl\xd8\x02\xfa\
B\x16\x8dZ\x81\xaf>\x96`\xc7\xc1Ql\xbe>\xc7\
\x99\x93+\x5c\xb2\xacO\xff%)zT`\x13\x14\xe6\
LI;\xa4\x12\x98\x02\x1b\x84\x02LE\xa6\x14\x95\x0a\
\xd9b\xa8V\x22\xb9\xf5h\x11z\xceZ\xc9sY\xab\
\x01\xc5\x14VO\x1c\xc7\x89\xa5\x84+$\x8d5J4\
\xaa-\x9cY#\xd8O\xd7\xb4\xa5\xd0,\x13`\x14\xc7\
\xa1\xd5\xc6^Q&\xa4\x16\xb4\xd0\xe9m\xc6e\xb7\xbe\
\x1c\xcdV\x1d{?\xf3y<\xbc\xa7\x862\xed\xa1(\
\xaa\xfe\xd9\x83\xb5\xd0\x8cY\x93\x88\xac\xa5\x16\xb7\xa1\xdc\
\xd7s\x16\x13\x94|\xcf]O/\xb0&\x1eE\xc4\x89\
\xfe\xdc\xde\x8a\x7fqm\x0bE\xe4\xee\xdeZ%Q\xe3\
R\x18>T\x05\xb4\xd4\x8fT\x04ukQ/\xf8\x97\
J\xf4J+\x19'FIX\xb4\x1bC,\xd3eL\
\xb6\x1b\x92>B\x9ct\x01\xdd\x81\xf5\xcch\xc9\xef\x89\
QM\x96\xf4U\x03\x05\xdf\x10\x07\xab\x9a.A\x12\xc1\
\xe6\x82X\xa4A\xa8d\xc1\xd9}\xa1%\x82\x9b\x0dE\
tz\xbd\x06\xcd\xe7n\x06\xbdU\xd5\xb3Oc\x8c\xf4\
\xf7s\xb9K\xd15\x9cr\xa26\xa4\xdc\xdc\x81v\xe7\
\xdf\x89\xa6(\xe8e?\x04\x22:\xf5e\x90\x15KX\
\xac\xd6\xe7H\xb2w:=\x1c\xef\x9d\xc1G>}\x12\
Sha\xf3\x95\x19*I\xc6\x9b\x81\x9a\xb0R\x9cn\
A\x8c\x80\xc8\x9a\x10\x00E\xd0\x91\x11\x962\x1d\x09\x01\
\x90}\x9e\xeb\xe9\xd9qP\xbetBa\xc0v\x80i\
\x8edl\x07\xba\xcbm,\xcf\xae\xe1\xf8\x5c\x85]~\
\xa3u\xa0\x9f\xb4\xd0&\x86B\xb5\xfci<\xc4\x08\xd8\
Oo3&)\x82\x0f\xf4CA\x0a\x0d\xa4I\x0b\xf5\
M\xd7b\xdb\x8d7\xe3\xd1\xcf}\x0c\x8f\xec9\x80\x85\
\xf5u\xf4r\xfa\x96\x9d7a\xc0\xa2\x06Y\x1f\xbb\x9f\
\xafA\x0b\xabB\xd3\xc3\xe7O\x00\xa4\xac\x9fFZ\x9e\
\x9b(\xe6c\x91\x86\x12\xef\x89\xfb\xd0\x13\xaf\x1b\xf3@\
Z\xad\x15v\x11\xce\xf6\xc6\xccx[\x86V\xa7\x81-\
\xeb\x08\xdd\xa3\x04\x9f\xeba\xe9\x05%\xd7q\xe8v\xbb\
\xb6%\xbbb2\x01M\xfa\x17\x9ea\x0d\x1e\xf1\x0e\x1c\
`\x00\xd1\xfe\x0eF+\x11`\x12\xd4\xe3\x01\x98\x1fT\
\x9eS\x09)\xb3\xf9\xa8\x1b\x0d\x13\xbe\x04`\xb2\x8bJ\
\xe0\xae-\x1b\x16m\x06s+\x1d\xdfm\xef\xed\xf6\xc7\
`\x1a\xa8y\xdbB\xach9\x0d\xa1+?\xbf\x5cL\
\xfd\xed\xec\x12R\xc1\xd5q\xe3`\xbe\x03\x1d\xd1\xdb2\
\xdc\xe4\xa8\x09\x16{\x88\x8f(\xe4gR{\xd1\x7fY\
%\xb2\xd8\xb9%\xdd~\xad\xd7g\xa3\xe0C3'\xf1\
\xc0\xed\x0d\x5cw\xd3\x14&\xa6\x0a4\x1bUTkd\
\x80\xcbX\xd5\x22\x89!u\x0b\x8c\x91\xd8\x0c\x9e\x9d\x9f\
\xb6 (%\xf5T\x1bu\x1b5b\xa4\x0c\xc3\xec\xb1\
\xa7`u\xfa\x04N\xcf\x02\xa7\x17\x08\x9d\x15\xd8<^\
G\xa7l\x1ao\x02]\xd7\xb4u6u\xe9\xd2\xccF\
\x0eR|B\x05Y\xb5\x8eJ\xad\x81~\xb9\x05\xd7\xbd\
\xe8e\x98\xdb\x7f\x1c\xfb\xf7|\x1c\xf3\xeb\xa3(\xd1\x0d\
\xa6O\x98!\xcf\x9cf\xa0\x1aj\xc5\xea\xa6\x95\xba\xb2\
\xc7BUO\x11\xb8\xec\x16M\x94\xea\x9a\xce\xc5,L\
 \xdc8\x08\xc9B\x18IX\x0f/v\x81\xcb5\xb5\
\xfa\xe7\xd7\xd5{\x01\x1c}\xd8\xceI\xf2\x80a\x9c\x80\
\xcf\x16d\xba\xa0\xf9\xe6<\x0e\xa3b5Z5\xb4;\
+F\xaaG\xdcg\x80\x09\xa8\xa7\x92}\xbc!M\x0f\
E\x00\x83hK\xcd\xb5\xe7\xc3\x81\xc1D\x98\x03\x80N\
\xbb\x87\xacZA\x83\xaa\xcf\x0c\x84\x80Z\xfdF\xfb\xe0\
#i\xea!\x93\xe7\x8e|71\xbc)N\xab\xe3\xbc\
\xe3|\xeb\x81GP\x06HsI\xdb\xcaJ\xad\xb5z\
\xc4\xc8\xbao\xaf\xa46q|\x98\xc7\xf1~~\xad\xe8\
x1\xecO\x0e\x18\x94\xcb\xfc\xb5\x1b\xa5L\xd0\xcfM\
\x86L\xa5Q\xc1'\xee\xdb\x8f\x85S7\xe0\xda\xa77\
\xd0\xacd\xa8\xd7RS.\x9b\x08\xd9&(\x91AO\
^\x0b\xc3\xcb\x85\xe92\xcdV\x89=\xfbI\xae\x92r\
\xb9\x1d\xab\xc7\x0f\xe3\xe8Y\xca\xfe+\xd1\xaa\x94\xd82\
\xd1\xc2ZN\x96~\xe9zc\xfa=\xa6\x19U\xa75\
\xca?\xf9\xa5+\x15j\xdf5\x824\x19\xc3\xceg\xbe\
\x00\x93c\x9bq\xfa\xd1\xf7af\xb5\x82\x91\xda\x16\xac\
\xf5\xfb\xa6\x9e\x80@.\xbfj\x81\xdcu\x04\x11\x05H\
\xc5\xfc\xd7\x7f\x12\xac\xaab\x0d\x1eQ\xba\xbd$\xc82\
\xb8\x88b\xdb\x89\xbd\x83\x0b\xf6\x11\xcb\xbb\xb2\xe9\x04\xa0\
\xc2\x10\x9f\xd8\xbfd\xf3\xa8m\x18t\x0d\xf2\xb8[g\
\x88\x0e\x89\x08U\xa8\xc8Tp\xb2HY\x92\xb9\x1a\x19\
\xd6\xd7,\x03P\x14\x12\xdcBoF\x95G\xa0\xe3\x02\
\xe2\xf9\x1c\xca\x00\x02N\xa2\xcf\x0e\x1eR\x13\x8c\xad\x98\
k\xc3\x92\xda\xeb}\x169T\x83\x9e3\xd7XzX\
xC\xbd\xf4\xce\xc5\x8e\x86\xac\xef\xb0A\xbb\xed\x12\xd0\
\xa6\x81\xfa\xf2Y\xcc\xa4B\xa9\xeb\xc9X\x10\x82c\x02\
\xc2\xc1\xe3\x9ak\xc1.\x12<\x1b\xbe\xe3J\x80\xabm\
\x18\xc7&\xf0\xbf\x16M\x848\xc4\x1c4\x8d)R,\
tVpt\xe6\x04P\xd6q|\xed8>\xf9\xe9c\
\xd8\xb1\xf5\xa9\xb8\xf8\xb2>\xeadc\xc9\xecf!\x94\
e\x1b\xb1x=\x95\xe3\xc4\x98\xe0\xe9=\x92\x22\xa4\xab\
s \x12c\xcb\x1cIc\x02E\xa7\x8e\xd53\xa7p\
t&\xa5\xae\xe8\x98h%\xa8\xd5F8G\x9f\x19\xa0\
\x95D\xa6\xd9\x8b\x91L\x95\x8c\x88?C\xadZG\xad\
\xda\xc4\xa6\xed\xd7\xe3\x86\x17<\x07\xc7\x1f\xfc,\x8e\x9c\
\xde\x83^w\x13\xda\xfd*\xf6\x9f\xb9\x87\x89\x9fl\x13\
Fh\xc9\xe6W\xab\x22\x04\xaa\xb7\xb1c\x08!\xdaR\
\x9c{\xc8\xc4\xfb\xb8\x00O\x18\xd1\x1a\x07\xe4\xa7b3\
\x13\xed\x85\x90\xa5\x96AD\x15\x99\x94*\x10\x14\xb9u\
U\xae,q\xeak\x09r\xa4VdC\xe2B\xe4~\
\xda\x90(\x8fJMQ\xb2J\xc2\xb5\x1c\xd7\x96\xdbn\
e\x87\x1dC\xdf\x8d\x1c_1\xd69\xbf\x0d FY\
zt\xca6@\xc4/\x93\xde\xee\x96H\xaa)Z\xcd\
\x16\xaa\x14/\xc6\x1b\xc7p@\xf2[k\x0b\xe7\xe0p\
\x94} \x18\xb4p\x1d/\xe5]d\x99HW\x9bC\
\xee\xf6\x8a}zQ3\xe4{q\x85\x13]_O\x17\
Z\x186Y\xf1\xe4\x86\xd7\xd1P\xcb\xc3R\xdf#^\
oK5\x95\xf6\xbb\xa2\x16\xc1\x12M\x96U\xb0\xef\xf4\
\xe3XYYA\xad\xda\xc2=\x07\x1f\xc0\x9e\xfbkx\
\xea\xd3\xb6\xa1U[G\xd5\xaaX\x9a\x09\x08L\xa2R\
l\xfc\xf8T\x97\xc1\xfe\xaeT\x8dE\x9e\x1f\x97\x18\xc0\
\xc8%\xe8..an.\xc7\xecJ\x86Z\xa5\xc4\xd4\
X\x0d\x9d\xbcn\xd2\x83-\xc1\x93\xb7\x80\xe0?\xc3\xd1\
\xcc\x18\x16kU\x92\xfe\x94\xbb;\x8a\xa7\xbe\xe8EX\
>>\x87\xfd\x8f~\x1c'f\x88\x09\x8f`\xdf\xa9\x07\
0\xb7\xb2\x1b\x95\x94\xce)<\xb4\x8dz\xde\x89\xd5'\
D~z\xbe\xd4.\xe0\x8fL\x84i\x90\xd4b\xa0\xe0\
\x90`1\xa5o\x09*\x1a\xa2\x18\x97\x1a=H\xf6\xa5\
\xdf\x8d\xd1z\x9b\xbd\xa3\x85\xcb\x00A\x076\x0eow\
\x92q\x0fC\xaa~&\xec\x1e\xb4\x08\x80~\xaa\x95\x14\
\x8d\xf1\x1a\xd6WV\x1d:\x19l>\x1b<\xb5\xf9\xad\
OpLu\xf0\xd8\x90\x01\x04\x08(\x16\xda\xba \x82\
*\xa6A\x90su\xb5\xc7\x9afsl\x0c\x19\xd7\x04\
4|\xcf\xb8|r\xe3\x09P\xa5\x8e\xf5\xbd\x06\xa4n\
\xe4)p\xd3\xee\xd0\x97\xb2\xf4G\xe3\xd5\x13\x12NJ\
$m\x02K\xae\x07\xa1\xa1\xab2\x9a\x84\x80ih\x01\
aC]\x07*\xcf\xc6\x80\xcd_\xc7,\xb4\x0f\x03\x96\
\x0dY\xabT\xd0)\x0b\x9c\x9a9\x8eF\xa5\x86^\x05\
\xf8\xc8m\xf7!\xed=\x15\x97]]G-\xa3\x16f\
\x09w-6\x0cV\xb9\xea8\x0c\xdb\xf61\x941R\
8)\xd5h\xe0\x84\x02Z\xa0\xcb\xd1={\x10\x87O\
\x82\x996\x15\x0d\xdd4ZG\xbbGFF\xc3\xa8\x8d\
\x1ej\xaeK\xd7\x22\xbbN\xb5\x9a\xa1\xd1l\xa2\x9a\x8d\
`\xc7\xf5\xcfFZ\xbb\x0c{n{\x1f\x8e\xce\xae\xa3\
^\x9d\xc4Z'\xc5\xe13\xdf@\xad\xda0\x12\xcc\xb6\
\xb5\xe6k\x0di\x16\xe3\x0drv\xce\x94\x9a\x19\x1eJ\
\xaa: \xae?\x09\x95a\x7f\x8b\xf0\xda\x1a\xa5\xcb\xe1\
\xcf\x0d\xd7\xc8\xbd\x92/\x05@D\xd0\xe6`\x5c\x8c\xc3\
\x181\xdaU\x00F\x7f\xe6\xa2\x09m\x1b0\xa3\x0a\x98\
\x9f*1\xdcf\x86\xd5\xc55g\xeb1\x89Xa8\
\xd1@\xb0\x8f\x8ciHJ\xb0>\x8c;7z3\xe6\
\xc31\xc7\x91\x17\xe2r\xa3\xdfT\x93\x8f\x08xu\xa5\
\x8fN\xa7\x8d\xd6\xd8(\xbb\x89Xw\xb4\xba\x0d\x9dh\
\x12K\xcc,HjkX4D\xbfV!\xf5\xa2w\
)in\xd6A\xe9\x93\xfa\xc9\xdd\xfb\x0av\xc5\x0b/\
r'\xa4b\xd757\x9c4_\xdeI\xac\xbe<\xf6\
\x80\x91\xe9R,\x1e\x85\x0c\xac\xbfna\xcey\xfbD\
($\xd1M\x8bujiN\x9f5\xaau\x9c^\x9e\
A\xb7\xbd\x8c\xb1\xfa\x08\xf6\x9d9\x85/|f\x17\xae\
\xb9\xea:Ln\xca\xd1\xa8g\xdc\xb4\x83\x88\x93\xa5\xbe\
I}2\xf0\x91\xb2\xf9\xb82\x93O\x0f\xe6\xcdJ\xe7\
\x12\x1a\xa8\x5c\x81\x95\x13\xc7p\xe8\x94)\xcbE\x02}\
\xb45\xc2\xa1\xdcYJ\x8c\xdb2\x15\xb6\xfd\x99\xea@\
5\x82\xa3\xb5\x0c\xcdf\x03S[\xae\xc1\x95\xcf}%\
\x0e\xdd\xf1u<\xfa\xf8]\xe8\xf4&\xd0\xac\x5c\x81\x93\
3\xf7#M\xd6P\xcd\xaa\xa8f\xf4,)\xaa\xf6\x99\
\xa8\xd2\x0f\x0b\x00\x17f\xae\xe4m\x90l\xb6\xd1\xa1?\
\x0ba\xa9\xdf\xb3\xb2\xdb\x03\xcb\xf1\xc0\xee7\x01]\xa5\
\x03\x17\x1e\x8b\x98\x13El\x09\xa1\x1bt`\xcf\xe4S\
\x5c\xb9\x12\x1f!\xe8\xa8PTJ;\xc6@X\xe8\xbf\
\x1d7p\x88X\xe6\x86\x11\x18R4\x1aU\xae\xe44\
7c\x19\x80U\xa9\xdc6\xd3\xd2\xff\x9c\x90u\xf81\
\x14\x01\xc84\x88dw\x84\x18}f \xb8\x99L\xaa\
\xecBn\xa4\xf5\xb5>\xba\xab\xcb\x18\xdb<\x81:%\
\xaf\xa4~c\x97E\x9f\x0bR\xb0$\xb0~eG\x10\
\xde\x11\x1a\xa4\x9cB[I\x05J\x09CV\xac\xd7\xb7\
\x13w\xa7\xb9\xea5n\xaa\x03\xf7`T\x5c2\xc6I\
V*\xfb\xd9\x0dv\x8e\x1d\x87\x0e\xf2\x88N\xf5\x1a\x89\
R\x0f<\xb2\xe0\xb2i\x1c\xfdG\x84^\xe1.\xc6\xf5\
j\xc9M<\xa9^~\x85\x82t\xca\x1e\x13\xf6\xf1\x99\
#\xa8\xa7@\xad^\xc7\x97\x1f\xdc\x8b\xc5\x93\x0d<\xf5\
\xa6K\xd1\xccz\x9c\xb8C\xd8\xcb\xd8[\x88`)\x0e\
\x80\x18\xad\xa4\x13\xdbl>2\xfa\x15m3\xfc\xe6e\
@9\x89\xf9S\xd38\xb6\x90r\xb0\xcfx#E\xa5\
\xdet\xddh\xb8\xb7`J\xaf\xcd\xdft\x1fb\x0c\xc4\
tj\xd5\x11\xdc\xf0\xd2\x17\xa3\x9c_\xc4\xe1G\xff\x12\
s\xbd\x0aZ\xe9fL\xcf\x1f\xc0r\xfb~\xd4j\x15\
T\xb2.\xaa\xd5\x12Y\xa5\xe4\x92d\x8dZ\xca\xcfI\
\xc8\x86\x98\x13\xab\x86jn\x149\x84\xbc\xda!\xb1p\
\x82\x95\x10\x1e*\xdb8\xedl\x98\x89<\xc8MN\xbc\
\xa4t\x97\x16\xc6\xafQ\x9b\xa8\x09q\x98\xb1g\xae<\
&\x0f\x1b\xed\x954B\xf5\x86a'\xf4T\xed\x06\xe7\
\x0e\x96\x8eN\xb6fDs\xa4\x8e2M17\xbb\xce\
\xd71\x85Tm\x14M\x14\xf97\xc0;\xed\x87\xe7b\
\xa9.\x011\xfe\x9eF\xbb\xfc\x9e\x9e(Q\xc9-\x83\
05\xf6L\x89\xa7\xf5u`ma\x05\x13[\xa6P\
\xab\xa6\x1c\xdaJ\xba#\xab\xe8\xcc0D\xbf\xf4\xfaN\
\xa0n8\x97\x8dE\x02\xce%\xe3\x07\xa0\x84u\xa0\xbf\
\xf9\x87\x1ebh\x14N\x8e\xb8\x02\x91]\xf0\x00C)\
\xc3\x90\xd4@\x88\xae7\xa0\xcd\xab\xfc\x05_\x92\xdb\x87\
\xa6\x06g\xdb\x94\xdf\x0aKF\x22\xc0U\xb4\xd2\x14\xdb\
\x1b\x93\xb8\xb81\x86\x1d\xb51\x5c\x9451\x8e\x0c\x17\
7Z\xa8\xf6\xdaX[8\x8b-i\x85\x92\x00q\xdb\
W\xce`\xdb\xd6\x9b\xd1\x1a\xb1\xa5\xd6\xb9z\xac\x04\x00\
\xf9|\x02zD6*\x92\xc10\xcb\xcc\x98\x09r4\
\xae\xa1E\xc2\xc9\x13\x05\x16\xd7)\x16\xac\xc0\xa6\xf1\x1a\
\xf2\x82\xe27,\xc3\xa04a\x86\xfe\xc4\x8ch\xac\x84\
\x02\x08\x19\xf4Po\x96\x18\x19\xbb\x16{\xbet7f\
\x173\x8c\x94\x97\xa1\xbd\x9ean\xe1^\x8cf\xdb@\
#\x9f\xacn\xc1du\x1bF\xd3\x8b0V\xb9\x18\xe3\
\x95) \xe9\xa0\x92\xf5\xd1\xacV,:\xf1(\x8d\xdd\
\xaf6Fx\x98\x1d(\xd4\xf3\xf4Z\xc7[:\x12\x0a\
\x11\x81\x07R-\xba\x86{Ky\x87\x06\xe2\x0b\xec\x06\
\x0c\xf6\x84\x8bSQ\xe6wu\x08K\xd1\xaa\xa2\x84\xf9\
\x1a\x95\xc8\x06\xffH\xb3\x1b\x12\x98\x8c\x02KLl\x1e\
a\x9b\xd0\xdcl\x9b\xe7\x87\x11\x80D\x14\xc6\xb7\x92i\
\xf1\xf5d\x07N\x89\xc7u\xee\xf6\xe0N\x81T\x17r\
\xe8X*\xed\xf8\x12\xcf4\xe1k\xed\x12\x8bs\xf3\xd8\
~\xb1p{\xd3\xb5\xc7ty\xa5K\x15\xa8d\x14O\
.\x12\xdc/\xaf\x99TWs\xca\xbdtwW\xae\x5c\
\xe1\xac\xa1f\x18\xbe\x94\xa1k$\xe8Q\x99\xdcWm\
/\x81\xa4|c\x9bF\xac\x1a_\xc8\x05\xe2\xc6\x1c\xb2\
Q\xe4\xae!\x832q\x10\x9a\xab2\x02\xa0B\x1dU\
\xf2\xe1\x97\xf8\x85[\x7f\x11o~\xdd\x1b\xb1\xe5\xf2\x15\
 ]\xb2\xa7\x91\xb4^CZ\xab2d/\xf2Ud\
\x05\x19\x822\xa4\xf5&NO\x1f\xc2\xca\x1a\x85\xfc\x90\
\xe5\xa5\xb0\x9df\x8c\xd7\x85\xe7)\xb55\xf7\xe4\xbe\x94\
\xc4C\x15\x82*T&};\xda\x87\xf6`\xcfa\xfa\
\xac@\xa3Vb\xf3d\x93;!\xb3\xfe_\x1a\x09m\
B\xa0K\x8f\x042b2\x1d\xac\xaf\x1d\xc5\xf4\x83\xbf\
\x8eW\xbd\xe6\x85x\xf5\x8f\xff[\x8eS\xefw:H\
\xf2\xd7\x22)\xa9\xaag\x86J=\xe3\xd0\xe4n\x9b|\
\x81\xe4\xc6Jq\xff\xd7\xbf\x85\x0f\xde\xf1k8>\xbf\
\x17\x95J\x15E\xafo\xbb\xe7J\xf9q+\x1b5A\
Z$'\x12\xd5\x05\xdd\xd8\x8d\xe0\xd4;\x17\x97\x22\xf1\
\x16\xaa\xa2K\x0c\xd2\xdc\xfb\xc9\x00\xf0\x93\xcf\x07\x88^\
)z~\xbf\x866(\xa9<d\xfe\x08|\x1b*\x0b\
\xd4\xda|\x14\x8aq\xea\x03\xa3\xb8\xd4\x09\x86z\x06l\
\xda\xda\xc4\xfa\xfa*\x16\x97\xba\xce\xf5\xa8\xa1\xff0\xe2\
\xd6\x1e\x85si\x05\xe5\xb9\x18@\xbc\x08\xee}a\x06\
\x1a\x01\xb0\xf47i\x8a\xdd<\xc5\xcc\xe9E\x5cu]\
\x86\x16\xe5\xb0/\xf5\x98\x01\xb0T\x22\xe3S\xd1G\x95\
6\xa3-g\xe2\x91\x86\xc9\x13w\x10\xc9\x12\x99p\xd6\
@\xbf\xb1\x0f8`\xd4SZ\xa0\xcf\x09\xb7\x1b\xd9\xaa\
+\xa2\xce\x14R%6\x9a\x11Qm\x8c?^\xe7\x8e\
\xea\x1b\x870O\xde0\x9bO\x88\x09\xb2\x0a\x00\x00I\
\xd7IDAT&\xcek\x95\xf2\x0f\x13\xbe\x8d\xf0\xa2\
9Y\xefu\xf0\x9f^\xf3\xef\xf1\xcf~\xf9\x97\x81\xb1\
\xbf\xc6\xea\xe1\xfb\xd0\xcd\xab\xc8QA\xaf\xdbA\xaf\xdf\
E\xb9\x9a\xb2}\xa5\x9f\xf7\x90\x97}\x14i\x15\xcb+\
}\x1c94\x83\x95v\x89\x1e\xc5\xff\x8b\xab\xcf>\x04\
\x17\x9fa\x15'\xe7pl\x1er\x7f\x1aI\xed*\x94\
\xad#@\xfd)8\xba\xf73\xd8\x7f\xda\xa8B\x17M\
\xa4h6\x1aXY2\x95\x9a\x18\xade\xaex;R\
6\xe6\xd2}(\xb4\x97\xea-\x968p\xe8N\xa4\xc5\
.\x5cz\xc9v\xb4ZuT(,\xb9\xa4\xcf3\xa4\
\xe5\x04\x92\xbc\x85,/\xd0Hs4\xc77a\xc7\xce\
-x\xcau\xaf\xc6Uc\xb7\xe0\xdf\x7f\xe2e\x98[\
>\xc9\x9b\x9c\xeeBv\x07\xb3f*\xc9\xcb\xee\x09\xbf\
\x06:\xc5V\x8b\xdeP\x09\xd3\xfe|\xf7\x1d\xfd\xe1\x10\
E9\xd1\x10\xdf2\x15\xad\x82\x04\x12\xd0\xb9\x08\xd5\xf7\
\x84\x99\xa8\xbdlN\xd5\x15E\xcc\xd7E\xf0\x19\x95V\
{\xbdh\x8e\xcd:\x92a\x97\x90s3K0q\xd1\
8\x16f\x96\xb0\xb2b\xa28\x85\xf8\x8d\x1a0\xfc\x90\
y\xba\x10\x9b\xc0\x00\x03\x18\x98LuU1\x80i\xba\
\x10\xab\xa4\x94\xda\xee\x15\x05\xa6O-\xa2>\x9aar\
\xd3\x18\xaa\xd3g\xd9\x95Q\xa5\x07\xcb\x12t\xf3>\xeb\
\x85\xc6=haP\x04\xd7\xe8\xe0b\x92\x8a\x11\xf8\xb1\
9\x0dJ)+\xda5d\x1aa\x98I\x08\xd9\xa0c\
,\xb2\xe8\x81\xdd@\xf5\x96\x97<\x0e\x0dH$\x8c4\
\xb8\xaf\x9e597\x86\xfcjSY\x7f=={/\
\xef\xe0i;n\xc2[\xae\x7f\x13\xd6\xa7\x1eDq\xf4\
[8\xbd\xe7\x10\xe6\xf2\x09\xf4\xa8\xc9I\xb7\xcbi\xbf\
T\xec\xb4\xdf\xcf9K\xaf\x80\x89\xfak\xf7Jt\x8a\
\x04\xeb\xbd\x9c\xd3\x7f\x8d\xden\xb0\x80\xb9\x97\x91\xfe\xad\
:\x19\xee\x0a\xcc-gX9\xf6\x15\x8c\xa57\xa3\xa8\
\xbd\x1c\xe9\xfc'qh\xcf4\xce,g\xa8\xd4r\x5c\
\xb2\xb9\x8e\xb2\xac\xb1\xf4/K\x8a\xf2+=r\xb1(\
 \xa5\xc2!\x96\xd9\x13c\xe9$5\xec;\xb8\x8e\x93\
'\x0fc\xa4A\xdf7\xf5\xfc\xb24C\xb56\xcb\x12\
\x9e\x91DVC\xab\xb5\x8c-\x9b\xa61\xf6}O\xc7\
\xc5\xa37\xe2\x0d\xd7\xbf\x05\x7f|\xef\x7fA\xab2\x8e\
\x82\x9a\x95\xda\x0d\xed`\xb2\xf8\xe6Uz.\xcfi\xd0\
\x90\xc62\x89@\x0f\xf6Vy-\xad\xf9l\x09\xf0\x91\
\xb7]\xc0O2\xb0\xff\xbd\x8b\xda\xe7\x8b\xf8$0\xbf\
\xf6>\x18H\x99\x09\x02\xda\x09\x83\xcfD\x9d\xd0\xf6 \
?\x1cR\xb1\xbc\xbd\x8cS\xc2\xeb\x19&\xb7\x8d\xe1\xc0\
\xd1\x19\xacwhMM\x97+\x13\x10\xe8cU4M\
\x06\xee\xbf\x88\xa6c \xb4a=\x80\xf8Qc\xb5\xda\
\xddC\x0anZ\xe2\xcf)C\xad,p\xfa\xf8\x1a\x90\
\xadc\xd3\xa6M\xa8%\xa7\x18\xf2\xf3\x83\x91\x1b\xaa\xdf\
7\xc6)\xb2\x0b\xb0\xb59\xe5\x9e\xf4\xa6\xa4rH:\
\xa6rm\x84\x9dE=\xd0\xc4\xaf?\xd3\x7f{an\
t&[\x95\xd9\x91\xa8\xc3JRe\xc8\x88QM\xde\
\x9e\x91\x84\xd0>\xeez\xcb#\x1a\xb8\xb19[6\x14\
\xeb\xba\xd4\xa8#M\xb1\xd6/p\xd3\xa6kp\xbcs\
\x09\x1e\xfah\x1d\xdf\xff\x82\x97\xa3v\xc3fT\x1e;\
\x80\xd5v\x89\xb5\xb2\x8av\x91q\xaa/\xd58\xa4\xfc\
\x00\xe3\x03&\x94\x95\xa3\xd7\xcf\xd1\xcf\x8d\xb5\x9e\xdbz\
\xd9\x11R2\x10\xdd\xab\x97\x17\x98\x1am`\xa2\x99\xe2\
\xf0)\xe0\xc1\x87\x0b\xbc\xb4r/\xd2\xf6\xbd\xc0\x95\xc0\
\x9e\xc3):y\x81\xac\x046M\xb4\xd0\xe9glx\
d\x95\xc1\x5c\xd2\xae;+y~\xfe\xed\x5c\xe5y\x81\
<\xcd\xb0\xda\xab\xa0\xc3q\x0b\xe4>\xcc\x90\x95\x09\xaa\
y\x81j\x92\xb3\xfb\xb2\xd9\xa8`\xdbS.\xc3\xf8\xb5\
?\x82/\xdev)j39n\xda\xfcT4k5\
dTnL\xd9\xd6D\x15\x08\x99{\x08\xab\xdd\xdcj\
jsfx}\x84*\xa1 B\xcf*\xa2\xebZ\xa8\
\xa0K\xd8\x99=\xa8@\x9f\xfb\x8a\xfd\xccV\x10\x0a\x5c\
\x8e\xc1ZG\xccE\xc7\x1aX$\xe0\x5c\xe2\x1c&o\
\xbceD+$,\xc7F\x1b\x18\xdf\xda\xc4\xc9\xdb\xe7\
\xc2\xa6\xb5C\xd2~5u;\x90\x14\xa9\x01\xee|\xf5\
\x99o<\x1b\xcf_\xf0\x0d\xff\xa7\xbf\x98w\xda\x99b\
 \x94\xa2j\x82X\xa6Ow\xb1\xbe\xb2\x80-;.\
\xe2\x8d\xc0\xee\x1fz('Ns\x0e(\x118\xec\xac\
\xa0.o\xc0r\xffh\xf2\xdc\xe0=K\xdd \xbd\xd7\
\x9c\xa4\xd3I\xf9\xddh\xdf\xc8\xb9$\xf5\xbcl\x1f\xd4\
\xf9\x07\xaf\xef\x99\x8c\x0eG\x0e\xae\x1a\xdd\xc7,\xb4u\
\xd1\xb1\x7f\x17\xa8\xa2\x8a\x99\xa2\x85\x87\xee\xca\xf0\xd9\xbf\
\x9aB\x99=\x1d\x17?\xebE\x18mV@&;\x8a\
\x02\xa3\x8b\xb0\xe4\xb7v\x16\x9a_n\xb1M\x85|*\
\xb4Q\xa4p(u\x00*Q%\xab{\xc5\x18\x19\xeb\
\xf5\x1a&F\xab\xdc\xac\xe5\x13\x9f\x02\xee\xb8\xa3\x82\x83\
G3|\xfeC5\x9c8Y2\xd4l\xd4\x124\xea\
\xa3\xbc\xb1*\x84\xd4\xb2\x84\xd1\x1a\x19\xff\xd8~c\xf5\
\x7fS\xd8\xc5\xfcP\x8d\x01B\x04T\x01\xba\xdf\xef\xa1\
\xd7\xefqF\xa2)Jb\xf2@\xa8\x22\xd1\xd48p\
\xeds\x9f\x87\xce\xb6\xff\x03\x1f\xfa\xeb\x12\x0f\x7f\xe6N\
\xac5\x13\xf4)\x9e\xc0\xb9\x1a\xedJ\xa95\x15\xdd/\
\xae\x9e\xe4\x91\xa9\xc7\xb7\xce%\xab\xd4;C\x96:\x09\
\xc8\x9e#2Y\x8bD\xd8\x93\x06b7\xbcd\xf7\xde\
\x86![P\x0f\xd0!\x87X\x5c\xe8-\xeb7\x86\x89\
\xf5\xb7\x8c\x82\xa2d\xd93d\x88\xbf\x9e\x16\x98\xdc4\
\x8a\xacY\xe0\xe8\xe3\xf3\x9cxeB\xabE\x06\x86^\
\x00\x8d\xca\x03\xb5g\xd8Q\x0e+\x0b~\x8e/\x04\x8c\
Or$Ho\xb3e\xa7%\xe4\xb3\xcf\xae\xc0\x02s\
\xf3\x05\xe6\xce\x9c\xc6\xb6+w\xa2U\xb3\xfa?\x19\x86\
\xb2\x9c\x1f\xb2\xe8\x93]\xa0j\xc3\x84\xbd\x84\xa4\x89\xa0\
l6\xb1\xceK\xa7\x99a\xaa[(\x1f\xd4\x82GO\
\x1f\xear\x8a\x03\xa8\xf3\x1c\x0e\xd0\x92E\xdd\xcf\x94{\
\xf2\xd9W\xb1T\x1a\xae\x10\xf8\x89\x95|\x7fi\xe8!\
w.\xac\xe1n\xacq\x0a\x07N\xf60\xfd\x9e\x02?\
\xf4CU\x5c\xf5\xec\xabQ\xdb\xfd8\xce\x9c&\xc3\x0f\
\x9dK.9b\xb0\xe2\x1d1\xd5uDRP\x02\x16\
Id\xb3\x09,\xe8d\xef@\xc2\xc9=3\x8b]\x8c\
\xd7\x0a\xbc\xfbc%\xb7E\xbbbS\x81f\xdd\xb8\x08\
\xae\xd8QC%\xad*4\x06PQeR\xc1\xa80\
\x09\xb3d\x1b\x5cd\xaen\xa0\xaat\x7f\xa2\xdf\x95\x8a\
\xf1\x14P`R\xab\xd9\x00\xb5 \xd8\xbe\xa3\x8e\x8bo\
\xfc\x19\xdc\xbb\xe7\xb9\xf8\xe2\xc7\xef@\xbe\xbc\x0f\x8d\x91\
m@-AJ\x9dJY\xd4{(\xed\xe9\xc7\x13\x90\
\xaf\xdac\x9b\x8b\xc6sl+Ay\x0c\xe6\xf5o?\
\xd3v\x05\xa59\xa9|\xae\x01 \xb4\xca\x10bg\xe7\
\xfb\x8f\xbdHn>l\xb3\x18\xb7\x1d<\xe4\x97D!\
\x97\xf1\x17\xc4\xfc\xdb=\xc1v\x10\xc3`\x09\x15S\x84\
'\xa9\xcc\xe4B\xdf\xb2c\x0c\xbd\xfe\x12N\x1e\xed\x98\
jJ\xc4\xfc\xa5gB\xe0\x034\xe3\xd6\xa3\x1f.\x96\
\xbe\x8d\xde\x80\x03\xaa@\xa0\x0f\x88\x8b\xc9,\x8c)J\
A\xc6!\xda\xa4\x05'\x96\x9c8x\x1cO\x7f\xf6\xad\
\x98\x18m\xa2\xbeZ\xa0V!\xbd\xc6l\xd8v\xaf\x8b\
\x0a\x97\x0dK\xd9\x88\xc5\xd0\xcf-\x5cX\x96\x89~\x8c\
~\xe8\x1f\xd2\xad\x9c\xea\x9b\xa7\xeb\x03\xf8p\xcb\x884\
u\xeb(\x86\x85:\xe6_\x95\x95Vj\x80#W\x87\
\xa9\x14g\x8f)\xdfM\xa0?G\xc7*H\xc0\x87\xf4\
-\xa0M@\x926G\x1byv\x1aG\xe7\xda\xf8\xcb\
\xbf\xe9\xe1\x87_2\x8a[_v9Z\x87N\xe3\xe8\
c+|N\xa7Os\x95\xa3K\xa5\x009\xcb\x8f\x0c\
\x83@V$\xc8\xa9f\x5cFm\xbf\xe4\x19\x0c\x97\xee\
\xf4\x13\x5c\xb9\xbd\x85\xe3\xa7\x97\xd8f\x90U)o\x98\
\xba\x04\xa7\x98_\x06FZ%\x9ev\xf5\x08\x16\xe6\x8d\
\xad\x80\x0d\xb9\xa4\x8e\x156\xc3\xd0^Gr\xe2E\x9d\
ac\x955\xeaf\x84d2\xa0^O\x18\xeeO\x8c\
\xe4\xb8\xec\xda+\xd1\x1e{+\xfe\xeaC\xe3\xd8u\xd7\
_\xa0R\x99\xe3(\xc1^\x8f\x04\x00AES\xdd\xc6\
tfW\x9bJ\x11\x911rE\x93\xab\xe0\xf8\xc0\xa6\
\x17\xc3\xad#X?\xed\x0e\x1a8\xdd]\xefl\x04k\
c\xdck\xa1\xca\xe7uu\xbfSB\xe3\xa3\x1d\x8bE\
\x14\x82%\x83\xbc\x07\xfb\x5c>E\xde\xa4\xaas|L\
\xde5y\x16\x14\xebA(\x8c\x11R\x82\xad\x97\x8f`\
af\x1eg\xcf\x1ao\x09\xa9\xd8\xd2\x83!\xa0\x7f)\
\xb4r\x0e\x1a\xde\xe88go@\xcdY\xe3$'\xf6\
/\xbb\x18\x00\xd3\xcd\xa5o\x7f\xd6z\xc0\x81Gg\xf1\
\x9c\xef\xefc\xdb\xb6\x8bph\xee\x04?\x14AL\x0a\
\x0f.( \xa8\xecs\x98c\xaf\xdf\xe7\x07\x93^\x19\
Z\x151=\xd4t\xbd{;\x1a\x17\xa9\x17\xd6b\x0f\
\xfa1\xc99\xa18\x8e\x96D\xbfo\xa5\x83\xe5vn\
\xf1\x952\xe59\xbd\xdd :\xcdJ\xae\xa3\x02:\xfc\
\xe5\x8d\xe1F\xa4\x90\xc0\xd5jB\xddz\x89iv\xd9\
e\x96\xa6m\xac\x16\xebx\xdf\x173\x1c;\xb3\x09\xaf\
{C\x15\xe3SG\xf1\xf8\xaee\xacuJ\xae\x09\xd8\
\xe62\xe1\xc6\xe8\xca\x86?\xea\x9f\xc7\xf6\x01\xcb\xcc\xac\
\xad\x80\xaeO\x88alt\x0c\xcf\xb8v\x11\xf7\xec]\
\xb7\x8c<\xc1\xfcb\x89\xd5n\x89\x97<\xbf\x89\xac\xa4\
\xd4\xdd\x9c\x991\xd7\x18$#`B\xd8\x8bR\x7f\xdd\
$\xb8<\x02\x91n$\xf1kU\xd3w\x90\xaa\x0d5\
\xaa\x19\xb6l\xea\xe2\xb2\x9b_\x81\x03\xf3o\xc6\xdf\xfd\
\xf9.\x1c\xdc\xf7?Q\xafe(\xf2\x09\xa4\xe8\xa0\x92\
\xf6\x90S\x0dCj\xf9\x1d\xaf\x83\xddX\x02\xdf]\x1c\
\xbdV\xb1\xac?\xd7\xd9\xde\xdc\xf4G\x84,@b\x88\
1p\x00\xce&\xf2L^\xd2{\xf2W\x90W[\xf9\
5b\x10\xbd^\xecW\xf1~\xb3y\x14\xdc\xa4\xc5^\
\x86\xc2\xa3\x19\xfas\xddL\x1ak\x9f\xd5&\xfea\x8f\
\x19\xa9e\x15l\xddY\xc1\xfe=g\xb0\xb8\xd27U\
\x9frkl\x0fz\x13\x86?\xfa\xd1\xce\xc5\x01\x92\xf3\
\xba\x01\xa3\xd7\xc3z\x12\x8au\xdc\xd4\xa63I\x0ad\
\x07\xe8\x959\x8e\x1fj\xa3\xdf\x9f\xc6\xa5W_\x8a\xe6\
\xfe#h\xd4\xaaF\xefe\x17\x07\x9b\x8cQ\xabV\xd1\
\xeeR\x8c\x80\xf9\xae\x81\xc4\x9e\xb0\xddB\x0e\x0c\xdeP\
\x91\xdbD\xd1IJ\xed\x8b\xbe\xa8\x94B\xc5O|\xb3\
FU\xfaK]\xc9e\x1e\x8a\x85_I\x14O\xffv\
\xd3\x06\xab j\xa6\xda<\x5c'\xdf\xda\x01\xb8X\x09\
I\xee>W\xf5\xed\x16=\xf4\xca.\x90v\xf1\xc5\x87\
\x12\x9c\x98\x9f\xc4\x9b_\x7f#\x9e\xf1\xc2\xfd8\xf4\xc8\
\x1c'\xee\xacU3F\x01T\x13\xd0\x94\x01#\xc9@\
\x84oJ\xae\x8b=\x86nOe\xc4\xd7:\x19v^\
r\x11\xc6Ffp\xf8\xd4:\xd7j\xd8\xbe=\xc5U\
\x977Q\xebMbz\xa6@\xadF*\x9c}V*\
\xec\xca\xd3c\xf2\x01\x84\xe2\xa4:\xadIQ5\xb6\x07\
\xfa\xde\xd8H\x03c\xcd\x14\xdbw60u\xcd?\xc2\
mw\xbf\x04\x9f\xfc\xf8\xdf\xe2\xec\xd9;P\xa6#\xe8\
\xf4Z\xa8\xa4\x1d\xe4\x09\xf5\x01\xec\xdbx\x05#\xfd\x8c\
\xb4\xf5,\xd5\xa3\xd9\x10\xbe\xc7k\xe8\xa3>\x1d\x87\xb2\
\x90[Ioq\xe9Yi\xaby\xb2\x16lt\x88\xe4\
6\x87\x18T\xbd\xaa\x16\x1f\xc6^\x15\x95\x81\xb3\xbd\x0f\
d}\x9d\x8bO\xce\xd7.@\xfb\xd8$\xfd\x13J\x90\
K\xa8\x13Sb~\xaa)G}n\x99\xaac\xfc\xe2\
:\xf6~h\x0d\xcb\x9d\x9eE\xd7\xa6\xea\xb6A\xde\xca\
\xfa\x1f\xa5\xfd\x0e\xb3\x01(\xdc\x1a\xfc>oQP\xa7\
Z\xeb\xd2}\xb6\xd5\x16\x7flolz\xba\x19X\xda\
+\xfa\x98>\x03\x9c9|\x14\x97?\xedzL\xdcv\
'\x16\xea)\x87\x83R\xef>\xf2\xffv\xfa\x1dN'\
%\x8e\xc7:,\x05\xa00\x84\xdd\x80\x819\xd5\x5cq\
\xe5\x80P5\x1e\x10]\xd0Kh\xa7\xc6\xc8\x15\x14X\
\x18\x9c\xaf2\x8a\x92\x0e\x19\x06\x93\xba\x9bI\xef\xeb\xd5\
AC\xa1\xd0\x085G\x81\x9b\x14\xf4Qr\x9e=\xc1\
\xef\x1c\xfd\xb2\x8fNA\xbetS\xc8\xf3\xd1\xe3\xc7\xf1\
\x87\x7f\xb1\x0do\xfa\xe1\x1bp\xf3\x0b\x8f\xe0\xe8\xeeY\
\xcc\x9e\x5c\xc0z\xbf\x82\xb5v\x81N\x87\x18\x81A`\
\xb4AL\x94\x98]\x13\x1b3N`\xbe\xdd\xa9\xe0\xe2\
\xcd[q\xcd%\xeb\x98\x9a\xec\xa35\x92a\xe6l\x15\
s\xab\x04\xdd\x81\xa4o\xba\x00\x09Cw\x1dt]\x82\
\x91!\x08\x0e\x08\xcaR\x0e`\x22\xf4\xd6l\xd401\
\xd6\xc1\x95\xcf|\x1a:c\xff\x0a\xef\xfe\x9b\x02w\xde\
\xfek\xe8\xf4\xce \xcfG\xd88\x98\xa5\xeb(\xd3>\
\xea\xd9\x083\x95\xb4F\xc6M\x9b\x18\x1b\xe4[\xe8u\
\x8du\xab\x08\xee+\xc9\x1e\xd4ZR\xfd\xfb<$\xb7\
\xd6z\xfb^\xbc\xb9\x13\xbe\xa7o\xb0h\xf8\xba7\xfb\
\xebQ8d\x12\x81m\xf3U\xaf\x06h\x22\xd7y\xfd\
\x92\xe1\x97\x88\xab\x8fPW\xbf\xcbp\xbfj\xe1?\xcd\
m=Kp\xc9\xce&\xca\xa4\x8a\xc7\xf7-\xa3\x07\xe3\
\x09\x92\xca\xdb\xba\xcf\xa5lM-\x03\x87\x09\xff\x8d\xc0\
\xc0\xf9\x19\x80^\x0e1\x00ZN\xe0\x89\xdf\x1a'\xd8\
\x15\x98\xa0\xdb+1\xb3\x5c\xe0\xb1\x07\x8e\xe1\xa5\xaf\x7f\
>\xb6m\x19\xc7\x995\xca\x16\xa38\xf2\x1c\xd5^\x81\
\x0e\x89\xaf\xa2\xcb\x0fM\xba\xad\xc4?{\x7ff\xc0\xcf\
\x8do;\x92\xee\xae^\xa0\xe2\x1a\x02\xd9\xe5{R\xbb\
\xcfm5\xf50\x86AH\xc0\xce\xb0\xa8~\x7f\xae.\
.\xab\xcdN\xb2\xd0>\xedW\xb1\x8fh\x1fk\xdf/\
\x1d\xec\x16\xad\xe4&k\x8f\x22\xf7rb\x04\xe4\x8a+\
\x90\xf7\x8d\xddd\xa6s\x1a\x7f\xf6\xb1q\xbczn;\
^\xf5Zr\x0bM`z\xffQ\xacTS\xacT2\
t\xba%z\xbd\x12y\xc50\xe0\x92\xae\xe1\x12F\xa4\
\x8e_\x89N\x8f\xac\xf6\x15\x94E\x8a\x95%S\xeb\x8f\
$8\xd5\xfd\xe2\x9e\x8e6U\x95\x18\xb9\x09\xd1\xf6\xad\
\xac8\xe5\x98\xa29m~z\xb3N\xb9\x0b)6o\
\xe9\xe1\x92g\xbd\x0eG\xa6\x7f\x1a\x1f\xf8\xf3\x07\xf0\xc8\
\xee\x0f\xa0\x9d\xe7\xe8\xf6\x9b\xe8\xf5W\x98\x09\x15E\x05\
)5\x15)Mj0\xd9!8Z\x91\x8d\x8b6\xf5\
\x85\x8d\x8d\xca\xf7\x1f\xac\xf3`\xdc\xad\xb3\xf2G\x86/\
\xd1\x0bB\x0ci\xbe\xa3\x91\x9a\xac\x05\x84\x99\xcbu]\
m\xc2!\xa1\xe4N\x92+\xd8\xaf\xefm\xf7\x80W\x03\
d\xb3\xa4\xca-H\xaeoS\xe5\xc7\x84A\xd3\xfc\xf4\
,\xf4\xa7\x0c\xd0\x8csBFj\x09\xae\xbcq\x02\xd3\
\xc7\xfb8vl\x81m1\x84\xacMU`\xebz\xb7\
\xf57\x86\x11\xf6w\x14\x08t\xaeC\xf4*'e\x1c\
\xe40\xf0\xc7\xb8\xa9L\x85Z\x82-{\x1f>\x8b\x97\
\xfe\xc4*v^w5\x1e?\xf1 \x1a5b\x00\xe4\
j\xa2\xc4\x12p\xb4[\xb56\xc2\xdc\x907\x19m\x18\
\x17$\xa1\x8c{\x0e}\xf8J\xc0Z*\xd8\xd3\x82\x0d\
4trT+g\x03EE\xe0\x0c\xe8\x0a\x01\x1f\x0d\
?\x8d\xa1\x7f\xb8i\xa4\xc4\x95\xde\xa6\xa27\xfb\x8d!\
?9\x12\x8a\xbd\x97\xf8{*\xe8\xc9\x9dt\xa8\xc9\x87\
\x09\xf2!\xfd>I\xe6\xf0\xf1\xaf\xac\xe0\xcc\xd9*~\
\xeaM#\xb8\xe2\x96k1\xbd{\x1fjY\x17+\x9d\
\x14\x9d6\xc5\x04\xd0\xa60\x08\x8cU\x02\xfa\xa2\x1a\xbf\
)\x0ejc\xfb\xa9<\xa0u\xed\xd3{\xd4@\x8d\x82\
L\xcc\xc4PX\xb1\xe9\x0e\xcc\xcd(mj*\x1b\xfb\
\xaa\x04Q\xabhVz\xd8|\xc9vL^\xff\xf3\xb8\
\xf3\xee\x9d\xf8\xe4\x87\xdf\x81\xd3\xb3\x8f\xa0W\xd6\xd1\xe9\
\x92\xbbj\x95\x9f\x81\xd4\x92$mRU;\x1b\xe9V\
\x22\xab\x95H\xabUdI\xc6\x0c\xcb,\x8b\x10\x8b!\
\xc2a\x0a\x9d&6\x8f\xec\xe2\xcf\xf4k\xaf^\xe8b\
!\xde\xdb \xf6\x04E\xa8\xb6\x9f\xa0\x16\x19\xf1H4\
\x14\xd4\xc4\x1fV\xbb\x8a,\xfe\xd6\x06\xc0\xf3Hy\x19\
\x5c[\x81\x0c\xa1}\x1b\x15J\xfd\x1b\xc9\xfa\x9f\xa0Q\
Ip\xd1d\x8aKn\xdc\x8c\xdb\xbf0\x8f3\xf3k\
,T=\xfc\xb7\x027\xd6\xf9c\xe8?$\x02\xfa\x09\
3\x808\x22P6\xb8+\x06j\x7f\xd8\x10H6\x80\
>E\xa9uq\xf8h\x863G\x1e\xc3\xb5\xb7\xdc\x84\
\x07\xefz\x10\x0b=\x92\x1c\x14\x0a\x0c\xd4\xaa\x09V\xda\
\x1dd5\xa3\x06\x90\xf7\xa0H\x85\xcb\xd1&4FF\
\xba\xf7\xe0\xc3\x0ey4\x0d\xd1cx\x1e\xcc\x90\x04\x04\
y\x10\xe9\xbe\x13p\x0eu\xfdH\x17\x89U\x13\xe3&\
\x0c\xe7\xca\xd5\xa7\xd7\x89\x0bj\xa3\x9a\xfb\x994[\x0e\
\xe6\xb1\xe9\xbc\xf4\x19\x11ON\xa2\x99j\xfdS\x9b\xf3\
\x12\x18i\xac\xe1\x9b\x8fd\x98yG\x82\x9f\xf9\xe9\x1a\
.{\xde3\xd0x\xf8Q,\xcc\xcc`\xa5JE#\
{\x5c\xd5\x87\xe6\x9f\xad\xc5\xa6U\x80/\xe3muR\
\xb60W\x81\x0a\xf7\x0f$\x09d\xd8\x94\x8b\xc4\x93L\
IvQ\xd9\x0d\xcb?)\xea\xf5\x0c#\xcdul\xb9\
\xfa\xa5H\xb6\xbe\x11_\xfc\xe4~|\xees\xbf\x8a\xf9\
\xd5u\xb4\xbb-\xacw\xdb\xa6z\xad\x95N\xd4\x98\x9c\
\xea\x18'I\x9f\x19<'\x86\xd5\xc1%\xe3H\xfd1\
\x8d\xa4\x95EO\xc9n=\xf9\xda\x0d\xec\xce\x1a\xa2\x06\
\x84\xef\xdb\xef:\x8d^.\xe0Cs\x93\xe8\x5c\xa5Y\
\x86\xf0-\xcaN\xf4/\xc5\x88h\xac\xfb\x06\x19\xa8\xe8\
?\xcb\x0cLr\x95\x81\xfdR!\x8b~\xe7\x9d\x0e\xf7\
`4.T#\xfd\x9bY\x86K\xaf\xaa\xa0:\xb6\x05\
\x8f\xdc}7\xd6\xf3\x12\xdd\xbe\x09\x043\x99\x80>\x16\
\xc0\xc7\x04\x84F\xd1a\xc7F\xcc\x80\x19\xc0\x85p\x8a\
`\xf2\xad\xa4u\x05\x0al\x9e2qtj\x02\xd1\xe9\
\x13\xe4\x04\xce\xcc\x03\x8f\xdc\xbd\x17\xafx\xd3sq\xc9\
\xc5[pj}\x91{\xdeI\x00\x0b{\x04z\x1d4\
\xea#\x86\x01\xd0C\xb2>,\x90[b\xc4m\x94\x98\
\xdb\x09\x9e\xbd\xe9\xb0p\xf7\xdb\x12~\x9cQ\xe6IP\
o\xb8ha\x1d'P\xb3\x125\x97\xd0\xa7\x0f\xc0\xca\
@\xf6\xe8\xdet\xe6o_\xd701\x92\xb8\xda\xb7)\
\xbc\xbe\x98\x87\xd1m\xc8\x22O-\xbfJt\x89\xd1\xae\
\x13\x13\xc8\xf1\xf8\x99\x04\x7f\xfc\xae>\xde\xf8\xa3Kx\
\xda\xf3\x9e\x86\xc6\xc1\xc3X9q\x10K\x9d\x1a:\x9d\
\x12\xfd^\xc1=\xfb\x08\x05\x18U\xc0\xfb\xa5\xc9\xfaL\
\xcc\xb7J\xd4OF9\x86\x95!f\x92\x12`\xc6E\
\x99 \xa5\xcaC\x0cM\xfb\x18\x19M1y\xc3\xcfb\
\xa5w%>\xf3\x97\xef\xc0\xdd\xdf:\x82\xb5~\x03\x9d\
>\x85'\xb7M\x94\x1a\x19\xfaJ!~\xfa\xddc;\
\x04K\x7f\xd2s\x9b\xc6\x87h\xa6Y\xb7b\x1b\xce\x04\
\x86k\xdc\x9eqG\x1f\xc6\xf1\x9a\x03HM\x13?b\
U2H\xe9\xf2/\xdc\xaa\xbal_\xbd\xce~u\x9d\
\xacQ%\xda\x5c\xbf\x07\xd6zLVl\xadZ\xb1\x9e\
0\xe3}\xa9\xd1O\x8d\xf212\x8c\xd7+\xb8\xf6\x96\
q\x9c9Z\xe0\xd1\xbdG\xd1O\x8c@\xa5@+F\
\x00Q\xff\xbf\x18\x05\xf8\xc1\x84*\xc0\xc66\x00;h\
=\x972Q\xba\xab\xae\xac\x93\x16\xae\x92e\xc7\x05A\
(\x88\xc7\xb6/\xa2\xd2\xe0\xdd~\x82\xc5n\x8e]\xf7\
\xcc\xe2\xfb^\x7f\x1c\xd7\xder#\x1e;\xf6U,5\
*h\xb63n\x17E\xea\xc0z\xaf\x8df\x8d*\xcc\
\x18\x14\xc0\x95P\xe8!Y\xf2k\xb7\x9b0\x01\x19\xa1\
i4\xe2]\x82\xfe\x19\x9c\xbbN\xec\x022p\xb7V\
\xbe\x07\x81\x93\x0e1~\x1a\x0a\xfce\xa1u6\xa0\xc4\
D\xaa\x80q\x95\x97\xe0\x5cg\xf6o_\xc9&A\xbd\
V\xa2\xda$\x1fpa\xa4ln!\xa3@<\xeb\x99\
 \xe9L\xa1\xbd\xabmj\x19Vb~\x1dx\xdf\x87\
J\xfc\xd0\xf4\xa3x\xc9k\xafFs\xb2\x85\xe6\xc1]\
X^O\xd9\xabBL\x80\x12\x88\x0a6\x1c\x89\xe5\xc4\
\x90$'\x9aT\xcc\xfc\xf8\xa0\x12\x1f$c$\x96!\
\xfeJ-\xe1\x0a\xc4\xf5J\x1b\xcdM\x97\xa0q\xdd\x1b\
q|\xff<>\xf9\xde\xdf\xc0\xbe#9V\xf3Q\xb4\
\xdb\x1d\xf4\xfb4P2d\x98\xe4.6\xf1\x91\xc4\xa3\
\x94g\x9b\x81L\x86.\x8e*\xa4\xfe\x16ejGc\
\xd2`\x8d\xe4\x0cc>\xc4h'\x8d`\x02\x82\xdeH\
b\xb9\xcd\xaa\xe0\xbf\xde\xd3\xc1\xbbJ$\xc4\xdbC!\
6\xf5R\xc5\x03\xa8\xb5U\xef\xb1\xc4\xe7\x14_i\x8b\
'p\xdf\xce)\xf3>\xea\xa3\x90\xa2\xdf\xed\xb2\xd5\xbf\
\xce6\x15*\xc9\x96r\xc1\xd7\x8b\xb7\xf4q\xf9M;\
\xf1\xc5\x8f\x9d\xc1\x99\xf9e\xf4\x8a\x8c\x85*G\x01\xda\
0`]\xa0G\xef\xdax..L\x05\x18\x02\x1b\xcc\
<\xc6@,\x9eR\xfb>C\x7f\x13\xc5\xc7\xafy\xb0\
\xa2\x06\xf4q\xe8X\x81\x03\xf7\xdd\x8bk\x9e\xfbj\xec\
\xb8\xed\x1b\x98\xef\xa6X\xa9\xa5hU\x8d\xb1\x90\x98E\
\xbf\xb7\xce\x1e\x81N\x9f\x02EXT\x99\x99%]\xd6\
\xe9\xd4\xe2?W\xd2_\xb3?\xc5\xc8\xec\xf2\xd8UQ\
\xa9\xc5\xfa3=u\xd6\xcd%R\x89Y\x0f\xa7\x03\x07\
W\xf3\x12DC!;\xb80\x00%D\x02\xc2\x90\xf4\
\x0f\x1dU2\x88\xb6\x8c\x0fX\x1e\x99\x0dD\xb6\xc4\xb7\
\xa4\xbf\x8a\xd7\x9c\xa4u\xa7G\xf6\x13\xf2\xc1'\xf8\xdc\
\xd7\xeb\x98\x9b{\x14\xafy\xe3%\x98\xbc\xf9\x16\xd4\xf7\
?\x82\xb5\x95>\xd6\x89\x09\xf4\x0dz \x98\xad\x13\x9b\
X\xdf$\x95\xdc6\x8f \xbb\x81\xe3}6\xb2\x8f\xd4\
a\xd2\xf7\x1b\xad\x0c\xb5Z\x1b\xd5\x8b\x9f\x8f\xf4\xd2\x17\
c\xcfW?\x8b\x8f\x7f\xe0aL/\x8d\xa1SdX\
]_C\xa7G\xee<c\xd5\xe7\x82\xafd\xc8-H\
\xd2Q\x0d\x81\xc4\x85(\x13\xb3g=\xb7JR\x8f\xb8\
\x80\xa9\x14\xe5\x18\xbc,\x85Z\x19\x19w\xe1g\xc3K\
!\x15\x88#\xd6\x16\xf3\x08!5kI/W6s\
!q\x06r9\xef64\xd7V\x8e@\x85,\xe4\xbb\
\x1a\xb8\x08\xe8\x97P_f\x82\xce\x03`\x89\xdf\xfe\x90\
\xf7\x84\x1a\xbc\x92\x01\xbc\xde \xcf\x18EOfhQ\
 U\x06\x5c\xf7\x8c*\xca\xdav<p\xd7mh\x93\
JM\xf4a\xed:l\xe4\xb5\xd4/(@k\xb7\x03\
F?\xa1\x89s\x18\x04/\xcc\x08\x18\xb3\x12\x05\xbde\
\x0c\x9c{N\xfa'\x87\xac\x12\x0a\xa0Zs\x05\xe6\xd6\
\x0a\xdc\xf7\xb5#\xb8\xe1\xc5=\x5c{\xc3M8\xf1\xcd\
\x87\xb0Je\x8e;9\xea\xbd\x12\xbd\x22\xc1Z\xbb\x83\
j\xb3\x8e:\xe9\x05\xee\x81\x8cJ\xe0\x0d\x80J\x8f\xb3\
+\xe76\x80\xe6LN\x10\xcb \xa3\x90P\xed:R\
\x11\x87\xf2e\xf3Uk\xfe\x0e\xb2\xc0\xe4\xbe\xf1\xbc\xe8\
\xabk\xb7\x84\xfdW\xa9\x9e\xe6M\x89\xa6\xcbP\xab\x17\
Hj}\xf6\xfdR\xf8g\xa5o7\x09W~\xa0@\
\x1cc\x131\x87I\xfb\xa5\xf5'\xa6Iu\x17\xb2f\
\x8e\xfb\xf7\x8c\xa1\xfd\x9e3\xf8\xa1740\xf9\xf4g\
\xa1z`\x17\x9a\xcbsh\xf7)\xa5\xd8\xc4\x07\x10\x13\
\x10c*\xd1\x1e\x15\x00%\x22g#\x9c\xf6pZ}\
\x95z\xd1\xd5)\xad\xbf\x95 \xdd\xf9S(\x1aM|\
\xe3o\xfe\x10\xb7}q\x0ds\xed&\xd6\xba=\xac\xb1\
\xb1\xcf\x04lK\xe2\x8b\xf4\x0c\xa0\x10?\x82\xfd\x94\x5c\
DR\x9f\xe2\x11\xaad\x03\xa0\x90a\xea\x19\x91\xdat\
\xf0\xc8>\x12\xce\xa9E)\x8e\x87\xebX\x0cE\x90\x8e\
cHl\x88\x0a\xf6\x8a\x98@\xe8\x19P\xc9\xa0\x96\xa9\
k\x02\xf6\xdf\xf3z\xbeQ\xe1<jp\xcc\x80\xcb\x9c\
\x89w@\x5c}\xc6\x9e\xe2\xb2\xfbly4\xaa\xaa\xbc\
\xde^fFL\x08\x802\xfe\xc88>\xd2\xc8\xb0m\
\xb2\xc4\x8d/\xbe\x06\xfb\xbf\xd5\xc5\xe3\x07\x8f\xa1k\x8d\
\xbadW1\xfa\xbeU\xbb\xd5\x16\x8c\xb7\xa7L\x91\x06\
\xb4\xe7\xf2\x06\x5c\x18\x03\xd8 \x88\xc2p\xa10!\xc8\
\x18\x02\x8d\x0d\xa0\xd7K\xb0\xd2\xeb`\xf7\xee\x0c\x87w\
\xdd\x89\x9b~\xe0y\xd8\xbb\xfba,u3\xac\xb6S\
\xb4{\xe4\xdf,\xd1I\x0b\xf4{k6)%\xf7F\
\x0e\x0eA5\xbb\xde\xdc\x83\xc6!\xd6Z\xeb\xbeS\xf0\
\xdf\xc1D\xef\xa4W\x19za\x22\xb1\x93\xcen\x82\x8c\
\xbfVb\xe8\x9d\xeegD\xb8*\x11%\xd7\xf2\x92\xc6\
\x85\x02\xc4\x93&\xbbHe\x0c\xca\x859+\xb0Nm\
\x9fzL\x90la\xefg\xa8\x16V\x92\xa4\xa6#\xaf\
\xf4\xa15\x8c\xd04V\xa1\xfb\xf5\x98\x09\x00\x95f\x07\
\x8f\x9f\xa8\xe0c\xefY\xc5\xcb\x7fh?.\x7f\xce\xb3\
\x90\x1d?\x82\xda\xd9\xc7\xd0\xefW\xd0\xef\xf5\xd1\xef\x89\
K\xd0\x84\xef\x92\x11\xd0\xb4\x9c\x0e\xcbY\xb3\xd4\xa2,\
\xbdZ\x0f\x18\xbf\x0c\xe9\xe5?\x8c\xd5\xd9C\xf8\xda\x9f\
}\x1a\xdfz\xb8\x82\xf5\xa2\xc6\xbe}ZWnEn\
\xa5\xbeq\xa3[\xd6j\xed%\x14M\x98%\xb9!~\
2\xfa\x12\x0a\xb0e\xc5\x92\x92\xda\xc6\xd1\xf3\xf1\xc0\xfc\
\xe6U\xd2,\xd4\xcaD\xa5\x93\x5c\x08\xadl\xfb\xf7\x07\
\xd9\xb9\xc2\xe8\x02\xd1e_\x04\xfb\xb8t\xc4\xefwQ\
\x84&\x03T\x192\x0b\xaf\xc6X$\xc7R\xdf\xe8\xfb\
D\xfc\xc2\x00\xea\xf5*\xfa\xdd6\x92\xa2\x87z\x83T\
\xab\x14-R\x89k)\xc6\xeau\xdcts\x05#\x97\
^\x8f\xbb\xfe\xec\x9b\x98Ym\xb3\xf1\x8f\xc2\xb9\x8d\xf5\
\xdfx\xdaL*ph(uf\xb1H\xd2\x9fK\xf2\
\x9f\xbb\x1e\xc0\x10\xe5a \xbaUK\xff\xc2J\x14\xb2\
8\x93\xcb\x82\x5c|\xb9l\xd2\x1c\xa7\x17\x0b\xdc\xf3\xf9\
\xfdx\xe3\x7f~\x05\x9ez\xe3\xf58}\xf7\xa3X\x1f\
\xa9p^{\xbb\xd7g\x18\xb4\xb2\xdeAQ\xa9\xa2^\
\xad\x187\x16Y\x89\xc9\x18`\xaa\xdb\xf3$\x18\xd7\xb4\
\xe1\x82l\x0fP*\x80\xf7\xe6;\xe0\xe6'\xc1b&\
W\x16:V\xa0\xf4\xdb\xa2\xd8\xb9\x8d\xe9\x9b|\x8b\xbe\
\x1fL\x88\xa8%\x0e\x96\xea2T\x1b\x04\x1e\xdbS8\
4\x9a\xf4lb\x00\x5c/\x81\xe02}b\x8cd\xa6\
A&=7i\xd3\xb2\xe9\xaco\x9f\x9a\x7f\x15\x05\xda\
]\x22\xb2\x1efW3|\xf5\xb3\xc0s\xd7\x1e\xc6u\
/\xbf\x09\x95\xb1Id\xa7\xeeB\xad\x97!\xef\x92[\
\x91\xbe_ \xa5L\xc1\xaai\xf2Q\x9a2N\xf61\
\xc9:UCY\xef\x01\x9b\x9f\x8b\xf4\xa2\x97\xe0\xec\x03\
\x1f\xc17?\xbe\x0b\xfb\x8f\x8d\xa3\x8b\x02\x9dn\x97;\
\x0f\x13\xa4%\xa2&fL\xea?\x0d9\xb7\x8c@\xa6\
\x85\x8d~\x14\xe1\x96\x16\xa0\x1e1\x5c\xf3\xb0R\xf0\xb3\
\x12\xc20\x123\xf0\xef(\xe6\xac\xea49\x0b\x9d1\
\xa8z{\x94\xb6\xdd\x88`\xb0\xb3\xeer\x02\x14\x11\x0f\
Y\x88D\xe9\x1b\x03\xfa\xbf\xfdm\x84\x8cI|\xf3\x81\
A\x92\xd2\x1b\xa5\xf5Z\xfd_J\xaa\x93\x94\xe7\xea>\
\x5cJ\x9d\x98\x1e\xd0k\xaf\xb2\xdeO\xdd\xdaG\x9a\x19\
\x9a\xb5\x0c\xa3\xad\x0a\xb6O\xa6x\xc6+\xaf\xc6\xc1]\
=\xdcs\xf7#X\xed\x91\x804\xc5W\xd8\xb6f\xec\
\xc2\xbe\x04\x7fl\x0b\x18\xb6\xb5/\xc0\x0e0<\x19(\
*\x84\xa3ynl\x10\x17X\xc2Uv\x08\x10J/\
s\xf6\x06PO{`\xa9\xb3\x8eG\x1eJ\xf0\xc2\x87\
\xbf\x89\x1b_\xf5J\xec\xdb\xbd\x07+y\x05\xab\xed\x9c\
[]S\x0f9\xb2\x19\xb4\xdbkh\xb4\xc6Y_$\
\xbf\x87$f8\x97\xa3\xb5\xfeH\xde\xb8\x944\xe6\xf3\
\xf4\xb8\x5c\xd8\xa2\x97\xfcz\x86\xb4,wk\xed\xbe\x1a\
_\xcbO\x9f\xd6\x03u\xeb)\xfd\x82\xeef\x92\x8b#\
y\xa2w\xa0}Y\xa9\xa66\x99\xc6DG\xd6)*\
\x92\xact\xe4\x87\x17$\xc4\x9bJw\xaa\xa1\xe7\xb7-\
\xd6\xac\xe4%#\x5c\xb7\xdb\xc7J\xb5\xc4\xfd_M\xb0\
>w'nz\xdd3Q\xb9\xe65\xc0\xa9/\xa3\xd2\
)Q\xf6M\xd8)+\xe5u\xbaG\x82\xc48\x97\x8d\
\x9f\x8f\xfcQ\xad\x1a\x92\xad\xafAR\xd9\x84\x03\x9f~\
;v\xdd\xbe\x8c\x99\xb5q\xf4J\x0aE\xf5\x90\xbbB\
y\xff\xf4\x9b=?F\x95(\xdc\xbc\x13s\xb1}\x04\
\xb8\xcd\x15\x159\xa5\xc2\xa7d\xfd\xa6\xa0\xa7>\xbb\x01\
\xd9\xd6\xc3\xb1\x0af\x8eT\xf0\xb7]\x1f\x85\xa0\xacr\
\xe6<\x07\x81\xf6\x1f\xaeSP@\xc4\xa9\x00\x0e\xeb9\
\xa6\xedl6e\x88\xe2\xfc-\xbd\x8d@\x09~\xc7|\
\xc4\xa6\x22\xc4o*\x5c{\xfd\xdfUx\xaed\x5cJ\
\xbdV\xa3\xda\xfe\x0b\x8c\x8c8\xdb\xaf\x9ap\xda\xf7H\
#\xc5D\xbd\x82\xeb\xafO1z\xc5\x8d\xf8\xc0\xaf\xdc\
\x8e\x13\x8bmtz\x99A\xd1\xd6\xad*\xc6?\xe7\xfa\
\xb3\x8f\xa3\xe1\xfe0B?\x17\xf1\xb3\x10:\xdf\x17<\
\x98\xf6\x1b_\xd9S\xfcy*\x94\x94U\x812a;\
@\xa7Wbe=\xc7\x89\x85\x12w~\xe4n\xfc\xc4\
\xaf\xdc\x82\x9b\x9f\xfd\x1cL\xdf\xfeM\xac\xb5\xaaX\xef\
\x92dI\xd0\xad\x92\xa5;G\x97\x98@\xc3\x94\xa7\xce\
i#Q\x9e4\xc7\xb4\x8a\xbf\x9a\xf4c\xc3\x04L\xb2\
\xaax\xcfm'a\xe1\xe6\xb66\x9e2\x05\x04\x8a\x91\
\xb7\xe4\xd3\xb5\x94\x9d\xc0U\x9d\x097X`\xe4\x8b\xd1\
Q(\xb3\xc2\xa9\xb1*\x12\xff\xed\x84\x94\xd9\xc2\xd5\x1a\
IS\xea\x01Xp2M\xa3O\x85\xb5\xa8v\x1fP\
\xc9\xbb\xca\x22n;\xfa\xd8\xfb\x98\xf2\x5c&\xb2\xcc\xd4\
\xe93u\x02\xd6\xd7\xfb\xa8\xa69\x1e{\xa4\x89\xfe\xf2\
\x9d\xb8\xf1u7\xa0y\xf5\x1bP\x9e\xf9<\x92\xf64\
\x90\x8f\x1a\x0b#\xa5\xe3\x12\xf7`\x06P\xa2\xac\x16H\
F\xb7 \x99z\x03\xfa\xf3\x07\xb1\xef\x93o\xc3\xbe]\
5,\xf7jX\xebt\xd8\xb6\xc3.\xbc\xcc\xd6\x08\xb2\
\xd0\x8b\xd6\x98\x88\x9f\x19\x00\x8b\x7f\xc3\xe8L\x91K\xd3\
\x22\x9e\xfe#\x04@\x01.T\xed8\xcb\xba.\x17B\
'\x98\xc4\x02Zc'\xc7\x1e\x82\x8d\x17\xb0me\x0c\
\xd26\x82(\x0a@\x89KG\xd0\x89\xbd\xbb\x10\x7fD\
\xf04XS\xae\xce[vb\xe2w\x01\x82\x16\xfe;\
\x9d\xbfB=\x1c\xc9\xe8ZE\xbf\xd7A\xde[g\x89\
O\xd5\x9f\xc7\x9a\xa4\xfb\xa7\x18mV\xb1m\xa4\x87g\
\xbc\xea:\x1c~\xb0\x83\xfb\xee\xde\x85\xd5>I\x7f\xdb\
\xf2\xdd\xd2\x92\x0e\x01>\xaf\x0b\xf0\x02\x8f\xf2|%\xc1\
\xe2\xf7\x15\x03\xf5\x84%\xee@\x15\x9c@\x03\xe6\x9c\x00\
\xb6\x05$\xcc\xc9\xe6\xd7\xdbx\xf0\xa1Q\xdc\xfc\x8d\xcf\
\xe2\xc6\xd7\xbf\x09\x07\x1e}\x18ky\x1f\xeb\x14\xc9\xd6\
%]'G^K\xb1\xde\xe9\xa2\xe8W\xb9\x844'\
\x8f\xb0A\x8e\xd0\x80\xa9\x98\x02\x97:L\xf9j&m\
T\xf41\xb1\xdb\x8b\xaah\xf6\x84h\xd1J\xa2\xa8X\
\x02)\xf9dB\x8f\x15\xa7p\xaeD\xafo:\xa8\xaf\
l \x83\x08B\xc3T\xbdO\xa5\x92\xab\xf9\x12A\xc3\
Z\xddx\x02\x9ai\x89.\xd5\xdb/j\xb6\x9e_\x8e\
\x9c\x08\x95O%\x05H\xec\xe0F\x1d\xe0\xe2\x1cT\xb0\
\xc3u\x5c6L\x81\x0e\x0a\x0b\xee\xd5rL\x9f\x9d@\
\xf5\x13\x8f\xe2\x9aW,a\xe4\xda\x1fA\xb1t/\x92\
\xf6^\xaa\x09\x8e\xb2\x9a a\xdcN\x10\xa2\x0f\xd4\xae\
A2z+\xda\x07>\x8eC\x9f\xbf\x1b'OO\x91\
\x0d\x12=J\xeb,\xccX\xcb\x8a\xa9\xddP\xe7\xf4o\
c\xf9\xe7\xdc\x0f\x22\xfeB\x12{\xa8\xc8\x0b%\xf9\x1a\
#'U\x08\xa2Y$\xd8\xdf\xac\x11\x03 U G\
Y3m\xcb\xa5\x11\x86.\xc5\x1d\xa8n\xb2\xdb\xed\xfa\
\xc6\xc1@~c\x06\xa2;\xcc U\xf5\x02\xcc[\xd2\
_\xc2|/\x8c\xd3P\xc4\x1c\xd8\x00\xa4P\xa2\xb7\xf5\
h\xc9\xcfL\x8f=(&\x5c\x9aT;2\xf61\xf4\
\xaf\x18O\xfb\xea\xf2\x02\x03/\xfa\x19kd\x18mT\
0\xda\xcc0Y\xcb\xf0\x8c[\xaa\x18\xbb\xfa9\xf8\xd8\
\x7f\xfc\x14N-u\xd0\xed\x92;\xd7\xd0\x0f\x07V\x91\
!\xd0\xda\xd74\x02p\xd2_\xed\xf0\x01\x01t\x9e\xc3\
1\x00\x05\x92\x86\x1fvE\xe2\xac\xaaD\xe9\xe2\x02Q\
(\xa9\x87\x10#\xc1\xfan\x0aV\x03\x96\xd7s\x1c\x9b\
\xef\xe1\x8b\x1f\xdc\x8f+\x9f}\x00\xb7\xfc\xc0\xabq\xe6\
\x03\x7f\x8b\xf6h\x93k\xdf\x91\x9f\x9b.C\x0f\xdb\xee\
\xac\xa2\xd6\x18c\xeb(\xe9\xb8\xbcP\xb4\x09\xe9\x0c\xa6\
\x84\x22\xb8?\xa1\x04yrQ\x0d\xb4Dw2F\xc2\
\x8b\x85\x8f\x0fdP\x0c\xd6\x88s\x0d+l),Q\
*\xcc&\xb8\xb0i\x0e\xe7\xd5\xbb\x8bR\xd2\x8d\xa9!\
G\xa3\x8e^\xb7\x81u\x86\xfdT1y\x0d\x09\xa5\x0a\
\xb3t\xa1J;F\x1d0U\x7fM\x04\x1fW\xef\x15\
4@\xa4\xc7U\x81L\x90\x15\xbd\x9f\xa7},\xae\x8d\
\xe0\xd8m\x8f\xe3\x92\xa53\x18\xbb\xe5\xe7P\x8e\xdc\x84\
\xb2\xfbM\xb2<\x1a\x9d\x96\xfc\xf6\xd5\x1f@\x9a\x8d\xa3\
\xbb\xfbwq\xfc\xf6\xc71\xbb4\x81\x22#\xa6\x93r\
\x81\x0f\x92<\x9cv,kKV\x98\x22\xb5L\x9e\xa4\
\xbfa\x06\x1c\x07 m-\xca\x8a\xcdu'B'\xa6\
`\xfa\x1d\x8c6M\xb0K\xaff\xc6\xec[e\xe9\x1f\
\xb5\xdf,\xc3\xf5z\xbcl\xbc!\xf3\xae\x8c\xb6\x03\x1e\
\x02\xc7\xd4\xb5\x1a\x17u)V\xd4\xee$\xbc?30\
\xf4\xc9X\xa4\xb0\xa7T\xf6!\xff\xbe)\xd2B:\x7f\
\xc50\x80Z\x05\x0bsg\x91!g_?\xa1!\x03\
\xfd3l\x1a\xad\xe2\xeam\x1d<\xf3\xc7^\x8a\xbd_\
\x9b\xc6=\x0f\xec\xc3\x0a\xeb\xfe\xc6\xd3c\xa2*\x0d\xf1\
s\x0c\x80F\xda\xd1\xfe\x92\xa7\xd4\x7f_\xc8\xe1+\x02\
\x9d\xe7DWdC\x1b\x1b8\x85\xd7\xd6\x8f\xb3\x05B\
\x0c\x030\xef\xd3\xe0\x89\x8b\x911\x83\x82X\xe6\xab\xeb\
\xd8{h\x14w\xbe\xff\x13x\xc9/\xfe\x12nx\xe8\
\x1a,=|\x10\xeb\xa3\x15\x0buLGYv#v\
\xd6\xd0h\x8e\xa2\xa8\xd0\x06+PR\xe2\x8c\xbb\xb3q\
b\x8b\xedA\x0cB&\x15\xd3c\x18m\x9d\xd7\x10P\
W\x8d\x09\xfe\x95*.\xd1\xe4\xba\x98~\xb7)7\xd0\
\xb6\x5c\x00\x8a\x82\x09\xf6/\x0d\xdf8\xb0\x87\x16\xb8\xe8\
cd\xa2\x82\xb1\xa9\x09\xf4\xfb\x1dv\xdd\x95\xf9\x02\x9a\
\xb5\xae)\xcb\xcd\x86-BA\xc6\x08H\xd7c\x1dZ\
\x22\xcd\x5c\xc5^j\xc4a\x9a\x890\x13 \x9b\x02\xcf\
\x7f\x0fk\xfd\x11,<\xba\x82,\xffc4\x9e\xf1\x8b\
HZ?\x09\xe4\xfb\x80\xa4\x862\xbd\x11\xe8\x9eB\xbe\
\xeb\xd7\xb0\xb4w\x19\xbdd\x8a\xddt\xb5\x9c\xdcRF\
\xf2S\xe4&G\x0c\xe6D\xf4d\x9c\xa4\x1f\xf3\x9a\xdf\
\xa3\x04#K\xfc\xf4\xbb\xe0\xd7$\xf5\x88\x09P\xc8/\
u\x08j\xb2\xc5\x9b\x5c\x81\x8df\x1dyF\xea\x8d\xc9\
u\xe0\xee\xc1*\xbb4\xdc\x88q\xe5f\xbfj\xc6V\
c\xbd@Q\x16\xb6Hu\x9d\x05(\x8c\xdbmb\xbe\
m\x121\x97\xd0j\xe6\x89=d,\x14Q\xc9\x86N\
\xab\x1e\x982^\xa6\xf4=\x13?\xa5\xbest_\x15\
++\x0b(\xfam&xR\x83F\x1aU\xce\xf5\x1f\
\x1f\xad\xe0\xa2V\x89\xe7\xbe\xfa\x0a\xf4\xabO\xc5\xa7\xdf\
\xf7\xe78<\xdfe\xb4L\x91\x95>\xfd\xd7\xc6kh\
\xdd\x7f\x03\x1e80}x\x92\x93\x81\x92X\xdd\xf2j\
\xb61\x02:)aST\x89\x90\x09\x1aQ\x15\x9a\xd4\
\xe4<\x9f\xae\xb5\xf1\xd5/\xa4\xb8\xfa\x96\xcf\xe1\xb9?\
\xfbz\x9c\xf9\xafoC\xb7\xa4\x1cw*ta\x02X\
\x08Z\xaeu\x8c=\xa0\xdeh\xdak\x86\xfc\x8d\xb9\xb2\
\x15\xf7\x92\xc5\xe6\x92>\xec\x18\x9c\x19\xc0\x0eX\x99\x93\
\x14\xb4\xd4\x06\x0e\xbd\xfe\xc1\x96q\xc5IB\xf8\xa9\x82\
G\x82\xfeb\x18`@\x92\x93N\xdf'fGq\x10\
'\x17\x17\xd0\x1c]\xc2\xe4S\x9f\x82\xde\xfc)\xf4\x1a\
s\x18\xa9,!\xa9P\x12\x0d18\x22~B\x00=\
\x02\xf7H\xa8\xa9gB\xbf{\xdc\xa0\x83^\xa7I\x9f\
\x0bm\xa4I\x17Y\xd6C\x85l\x0aY\x0fU\xfa]\
\xa1\x9a\x0b\x05zI\x05\x9d\x13]\xd4\x8a\xff\x86\xec\xa6\
7\x02\xe3\xff\x96\x1b{b\xf5\xb7P\xee\xfb+t\x8f\
\xd7\xd1+i\xc3v0>j\xfa\x15t\xba\xb4\x09M\
\x1c\x02A\xfc\x22\xaf\xb0\x8d&\xcf\x89\xd0+L\xe8\x09\
\xff\xb6\xeb\xce5\x09\xbc\xdb\x95U/k\xe5\xa71d\
\xbd\x0e\x9a\x97N\xa1U\x1d\xc7\xd9\xe9CX/)a\
\x88\x98\x09\x85~\xabj\xbfN\xc8+\xcc$\xe8\xd3m\
>\xbb\x1f4\x81ju\xcc\xd9K\xe2\x000s\xc8\xbe\
Hl2\x90\x085W\xc4S$\xbd\xb8\x9a\xed\xd2\xba\
vfb\xe9\xb7\xd1~\x99\x10?[\xfb+l\xf1o\
\xd4kX[YFgu\x19\xadF\x86f\x15\xac\xf7\
\x8f4+\x1c\xf43Q\xab\xe0i7Vp\xe9\xcb\xbf\
\x1f\x9f}\xc77\xf0\xe0\xbe\x93X\xed\x18aI\xc2\xc1\
\x19\xfe$\xfa/\x96\xfeJ\xed\xf6T1`\x19y\xf2\
\x18@\xe0\x19\x8b$\xaa\x03o6.\xc0d\x06\x96\xbc\
\xfed\xc8\x10\xa3\xcfZ\xb7\xc4\xfcJ\x0f\x07gz\xf8\
\xf4\xbb\x1f\xc1/\xfc\xf7\x9b\xf1\xe27\xbd\x19\x8b\x7f\xf1\
\x17\xe8\x8c\x8d\xa0\xdb/L\xd1K[\x99f\xad\xd3C\
\x97\xc2_\x9b-\x8e\x15(\xbb\xb6y\x22\x19\x03)\x96\
\xdd\xea\x1f\xcc Ta\x12m\xfd\xf7\x93\xe5\x8a\x19\x84\
\xcf\xe3\xd7\xdc=\x8b\xf9LE\x1cj\x8b\xb2\xfd\x8e\xe8\
\xa7\xa1\x11Iv\xa1\xc4\xacYO\x86lj\x1b\xd8C\
\xa8\x88\xe6\xe3\x1b{\x8e\xe1\x97f\x1f\xc0D\xef\xc58\
R}&F'G\xd0h\xf4\x90p\xb8,U\xfa\xe8\
\xb3\x0d\xa0L\xa8t6e\x8e\x91\xdf\xbc\x8d\x14TR\
\x8d\x90@\x07i\xdaC\x96\xd0\xebud\xe9\x1a2\xfa\
;\xa5s\xdb\x8c\x16\xaau\x8a\xc8[C\xa5\xb2\x04\xac\
\x97\xc0\xe9O\xa1\xac_\x0f\xd4.\x06\xe6?\x0e\xacN\
!\xad\xf60\xd2j\x998\x0c\x22\xf4.y\x16\xa8N\
C\x15EQG^d\xc8\xc9\x1fM\xef\x15$\xe5\xab\
Tr\x14HZ\xc8\xcb:\x0a:/'D@h\xa0\
\x82\x9c\xd4\x17veR\xc6[\x05ec\x04\xbd\xeaN\
T\xaf\xba\x15\xe3\xf7Wq\xf7\xe1/aym\x15Y\
2j\xb2\x06\xd5\xfe\xb9\xa0\x0d\xac$\xb7\x13@\x01\x84\
Wq\x1c\x5c\xd2L\x18u\x18\xe4\x93\xc4f\x1a\xf7\xbe\
%~a$\xaa~\xbf\xf1<\x99\x94fJ\x94b?\
\xbf5\xf8\x91\xb1\x8fPS\xb3^G\xa7\xbd\x8a\xb5\xe5\
96\xf4Q\x83\x0f\x0a\xf7\x1d\x1d\xa9\xa0\xd5H19\
R\xc7\xceMm<\xf7M?\x80#\xf7-\xe3\x0b\x9f\
\xb9\x03s\xebT\xf1\xc9\xa8\xcb\x04\xffY\xffg\xe3j\
$\xfd\xa5\xdc\xa3\x7f\xdc\xa1\xea\xc0\x85\x1e\x17\xcc\x00\x9c\
\xdb;\xbe\x83\xca\x09`\x95@2\xf8\xac;\x90&\x8d\
b\x02*62\x90b\xc2\xcf.\xaf\xe1\xa1}S\xf8\
\xf2\xbb>\x8a\x1f\xfa\xbf\xfe5\x9e\xbb\xff\x85X\xfd\xf2\
\x1d\xe8\x8e\x93\xb4\xef\xd8\x0a\xc3\x94\xd4\x02\xacu\xba\xe8\
\xb6\x134\x9b-w\x13\x83.\x8ct\xa1\x09\xe0\x92X\
$ql<B\xc0)\x15\xd7\x12C\x9f\xd7\xe3mX\
\xa5<\x8a\x03\x11V\xda\x87H\xde\xbdo\xd0\xbeW\x1f\
\x06\xb8\xaf\xe2<\x12\x99&\xb5\xdc\xc8_N\x03&\x09\
\xb1g\xcf!\xbc\xeb\xc3\x9f\xc2[n=\x83\x9bz\x93\
\xc8\xc7\xc6\xd0\x98\xa2\x07h\xa3\xcc;\xa4\xaa\xa3\xd2H\
\x90P\xcd\x80\x0a\xe5\x0bPf]\x17)\xe9\xe8TV\
=k \xc9\xea\xfcy\xc2\xd1uM\x86[I\xba\x8e\
$k\x02\xd5>P\xed\x9a`|J\x00\xaa7\x81\x91\
M@\xf5J\x94\xe98\xd2\xed7\x03#\xcb\xa8\xaf\xae\
\xa3Nm\xc1{#@\xb7j\x8c\x83E\x1d\xe87\xc0\
m\x89)\xdc\xb7[A\xd9\xab\x01\xfd\x1a\xca~\x13E\
N?u\xe4y\x1d\xfd\xbc\xce\x8c\xa2\xecW\x91w\xeb\
\xe8\x16d\xf5N\xd1o\x83C\x86{T\x1cd\xbd\x85\
M\x0f\x94\xb8s\xfe6\xbc\xff\xae?E\x05Mtr\
\xeb\xea\x0ct\xff\x10\x91\xf9\xf7\xc3\x9a\x0c2\xaf\x01\x01\
+f>\x90\xa7\xaftw\xb9L\x22\x04\x1fX\xfbT\
2\x8f\xb2%H\xb4\xa3\xf8\xf8]\xcf\xcb,C\xa5J\
\x96\xfd\x0a\xaaY\x86F\xc3\x10\xff\xd2\xdcY\xd4\x89\xf8\
)\xa4\xbaF\xd0\x9f$\x7f\x05[&\xea\xb8d$\xc3\
K\x7f\xe2*\xf4\xeb7\xe0C\xefx'\x0e\xcd\xb6\xb9\
\xc9\xcb:\x17x!\xe2'\x94h\x8b\xbdF\x86\xbf\x81\
\x92\xe0\x83\x9a\xcbwO\x05\x08\x0e\xd1\xb5\x92A\x06!\
5\xcb\x8c*`B\x84\xbb4Y}\xc3\xe5\xb2\xf5\x12\
\xa7\x97V\xf0\xb5\xdbZ\xb8h\xe7_\xe2\x96\xb7\xfcc\
,\x9f>\x82\xbb\xf6L\xb3\x01\x893\xe0\xfa\xd41\xc6\
\xc0f\xca4\xeb\xb4\x89\x8b\xb6\xd8\x10F\xf1\xf0.\xff\
\xde\xfeH\xd2\x08'&\xa9\x90\x1d\xc7,#\x93=#\
\x06\xf5\xda\xed\xad81\xc4~\xd7\x87\xa2\xc6z\x83\x0e\
>\xb2\xacE\xd5\x17\x10\xeb\xb5\xe9q\xe0\xc3\x958\xb0\
\xa9Z\xc5{\xff\xee+\xb8\x7f\xefi\xbc\xfc\xd9\x97b\
g\xab\x87j\xd1G\xde\xefPe\x7fdT\x9f\xaf\x9f\
!\xa1\xa2\x1a\x04\x06l7\xcd\x84J\xaas\x82\x89\x09\
\xe8I\xd9\xddT\x22\xa1\xa0\x02\x1a\x1e\xa7\xf1\x92\xdf\xbf\
\xc65\xff2\xecD=\x9bD\x0d\x93H\xdbcH\xfa\
\x97\x22\xcbF\xd1\xcd\x7f\x0ey>\x8b~\xb6\x8cno\
\x19\xfd\xee<\xf2\xce\xb2\xc9\xe8\xa3D\x22\x82\xfe4\x16\
F\x22\x14\x99Y23\xe1\xfa\x0f\x14IH\xef\xf5\xe9\
\x9c\x0a#\x80\xbcWA\xd9!\xe2\xa7Z\x0f\x09\x8a\x0e\
\xf5\x81\xa8\xa0\x5c\x1b\xc3|w\x14\x1f\x9e^\xc2W\xbf\
\xf95t\xd7\xd7L\x98+\x951\x13\x86\xcb\x81>\x12\
\xd3\xaf\xd4/7\xd7\xba\x13\xb3q\xdd\xfa\xb5\x14}\xde\
\xdba\x8c\xc3\xd2\xae@\xa8\xfaGz\xbf?\x5c\x09/\
\xfb\x9fnc\xefRzu\xf3\x0e\x0a\xed%?\x7f\x85\
`\x7f\x05#\xcd\x06\xd6V\x971?s\x86\xdd}\x5c\
r\xbd\x9a`\xacUe\xe2\xa7\x12\xed\xdbFjx\xf1\
+j\xb8\xe4%\xaf\xc5\xdf\xfd\xfa\xa7p\xef\x9e\xa3X\
\xa2\xe4\xb8\x0e\xeds\x13B/\xe1\xbflx\x8dlH\
\xfa\xd0[\xfa\x89\x10\xff\x13+\x08\xa2\xdd\x0d\x02I\x14\
\xa4f[\xbe\xadx\xcb\xe0\xceZ\xea\xa8\xb1\x0c\x95\xaf\
2}\xeb\x13,\xae\xf5qx\xa1\x83O\xbc\xff$6\
_\xf2i<\xff\x9f\xfd\x0c\xda\xbf\xf5\x0e<t\xaa`\
\x22\xe6\x12\xd86\xfe\x9d\xc2b\xd7\xbb\x1d\x10Y4\x1b\
-\x93b\xd9+\x8c\x91\x84`5\xd7\x9b3\xa4\xceD\
M\x88\x80\x86g\xdd\xe7\x82J\xbc\x9bI\xa5\x89\xca\xe6\
\x91g\xb3\x12\xc3\x9e\x16\xda\x0f\x068\xc3 \x02\x90r\
i\xe6~\xe2?\xf6\xe6Kb\x8e47\xa4\xea\xac\xac\
\xf70\xb1i\x0c\xdfz\xe0\x18\xee\xbb\xff\x08\x1a#\x14\
\x07`\xce\xa5\xcdGh\xc9X\xfe\xa5\x1e\xbf\xc9\xcf7\
e\xd5\xcc\xdf\xe42\xa48\x02\x8a\xb8\xa3\xca\xbe\x14n\
[\xb3\x06A\xaa\xdf\xcfi\xbc\x8d\x12S\xa3\xc0\xc4(\
Y\xe2\x81\xcdS\x05\xea\xf5\x0a\x16\x16\x80\xf9\x85\x12\xb3\
\xcb%\xe6Vh<\x09:]2\xc8\x1a\xf7^\xb7O\
\x8dI2\xeeK`\xdc\xba\xe6}\xb6\xd5\x10s w\
\xa0\xf5\x0aPug\x81\xadR\x1c\xd6d\x1a\x92\x8b\x97\
\xa0m\x81j\xb1\x09\x93\x84@\xd2:\xba\xf9\x92U\x17\
}\x90\xb5GV\x9e\xe0\x03\xf6\xaa\x83|\xf8\x97\xdd|\
\xb6\xe1\x8b\x97\xd8\xe2\xad\xf2X\xcf\x1b\xf1T\x8d;\x84\
a\xbdF\xcf\xf7:>\x054i\xa4 \x95|\x98\x09\
\xb0\x8b\xcf\xb8\xf9\xea\xb5\x0a\x9a\xad&V\x96\x16\x1c\xf1\
\x93\xdb\x93\x82\x9f\xc6[\x19\xc6Z\x15\x8c\x8dT0\xd5\
\xac\xe1\x96\x1bK<\xed\xa7~\x02\x0f|t?\xbe\xfc\
\xe5\xbb1\xd7I\xb1\xde.\xd9\xedG\xd2\x9f\xcb\xebs\
*\xb7\x14\xdc\x8d\x5c\x7f\x91\xfa\xad\x11,\xfe>\x10\x80\
,OL\x0b\x81\x15V\x85\x07\xb3=\xc0\xea\xbd\xcca\
\xd9 H\xe9\xa1\x05\xe6\x97;8\x986\xf1\xb1?y\
\x00?\xf7k\xdb\xf0\xe2\x7f\xfe\x8f\xd0{\xdb\xbb\xd0/\
I\xf7\xa42a\x16\xd2\xf3\x8dRtz]\xb4\xd7s\
\xd4\x9b\xa3,\xfd\xa8\xcc\x15\xc1$\x82L\x02\x07Y\xf5\
P\xcc\x88\x13\x8a\xf4J;i\x1f\xa6\x17\x89\xb5\x9f_\
\xab}bT\x01-]B#\x93\xc4\x91\xcbE\x9cA\
P\xc5\x1a\xf8I2'p\x85WB94/\xbd\x02\
\x09u\xcbE\x8e.\x05\xdd\xd8\x01\x93\x9b\xbe\xe7\x10\x8e\
\xef\x1bG\xc6\xd4\xb6\xb4\xec\x96\xe6\x1a\xc4\x1c\xb8\xae\xbc\
q\xd9\x11\xf1s\x06^\xa5\xe4\xf0\xdb\xdaj\x893K\
%\xea\xd5\x02\xa3\x0d`\xfb\x94\x89?\x98\x9e/\xb1\xb0\
\x0a\xf6\xd0\xac\xf7h>\x89\xd0\xa9roj:\xd1X\
+\xbd\x18t\x0d,M\x90s\x8b*\xe3\xfbg4`\
\xbbB\x99\x80\x15\xf3\xc3\xa3\xb2\xeeBBDu\xea\x1c\
T\xe9\xa2\x9b\xaf\xf13\x1a\xf6\xee\xa3<e\x02%\x98\
\x8c\xe7W\x02?\xc4\xb0\x18\xedC7\xd5\x81t\xf7\x0c\
X\xe2\x01\xcc\xda\x19\xddP\xab\x0b\x89\xfb\x09Sx\xc9\
\x80)\xc5O\xa5q\x0dY\xfa\x09ue\x19y\x5c\xa8\
v\x9f1\xf85\x1buV\xe7\xe6\xe7f\xb08?\xc3\
\x06?.\xecQM\x99\xf0\xc7GH\xf2g\xd84R\
\xc7\xd3\xaf\xe8\xe1Eo\xfd\x11\x1c\xf9V\x07\x1fy\xf7\
\x87qb\x99\x8c\xc1\x06\xfas\xe0\x8fJ\xfc\x91(m\
g\xc4\x8e\x08\xf0;\xd1\xfb\xbf#\x06P\x9e\xcf6 \
-\xa9m\xbe\xb9pgI\x12\xa2I\xa5\x87u\x95R\
\xb0\x8e\x87\x8f6\xf1\xe1\xdf\xfe\x02\xde\xfcko\xc0\xf7\
\xbd\xf5\xa7\xd1\xfb\xe3w\x03\xa8[\x023\x1dg\xc4\x88\
\xd3\xed\xe7h\xaf-\xa3^or0\x05%\x14\xa5d\
4\xe1\xd0r\x93\xf9\x96\xda^\x05\xb6\xd2\x1c\x1b#\xc5\
m\xc4\x868\xabw:\x7f\xbe\x85\xe8\xbe\xf9D\x98,\
\x12\x10\x7f\xf4\xe0\xc6\x8e\xa0\xbe%\xef\xe9#24\x1a\
\xdf:\xd0!\x1bG\x8fz\xbe\xe4X\xeb\xf7l\xee\xbe\
\x0eI5\xf5\xfc$\xb6\x9ec\x00\xb8h\x87\xea\xd6C\
\x04O\x7f\xcby\x1c\x0f@\xa9\xb7\x84\x08L\xa1Ib\
\x0c\x14\xbbO\x90\x94\x8c\xb3T\x87\x80\x90\xc4\xf4r\x8a\
\x85\x95\x92\x89\x9f\xab\xce\xd84n\x96\xf4,\xedm\x98\
\xaf\x8bF3\x12]\x88\x9e\xd5;\x1b\xf8\xc5\xd2\x9e\x91\
\x97'b\xe9\x17A\xf3\xc3\x85\xc6\xc9k\x816\xd6\xfa\
m\xa5\xcb*\x04 \x8c\xd7\xd9k\xb4\xcb\x16\x1b\xce\xa9\
\xac\x8fU$\x1c\xc3\xf7M=\x84Yx\x9d^\xdeO\
\x15\xf1\x07\xd6}\xe9\xe3h\x8b\xb7r\xd7^\x9aK\xb2\
\xf2\xb3\xab\x8f\x88\xbf\xc1k4}\xfa\x04\xda\xeb\xcb\xc6\
\xc2_3\x91\x8f\x14\xdf?\xda\xa81\x13\xd82\xde\xc0\
\x0d\x17\xb7\xf1\xaa\x7f\xfe\x0a\xcc\xcen\xc3\xfb\x7f\xe7\x0f\
\xf1\xe8\xc96V\xd7\x0b\xacu\x05\xfa\xdb\xb4_\x1b\xf0\
#\x84o\xaa:\xf9X\x9b\xc0[\xf2\x04*\x00\x9d\x93\
\x01|\xbb\xba\x84\xb3\xd5\xa8\x08A\xb9\x86K\xd4\xb1q\
\x01\xf4~?X<\xa3\xc7\x1b\xf7\xdd\x1a\xee\xdc;\x82\
\xec7>\x88\x9f\xfa\xd5\xb7\xe2\xfb\x7f\xe9_ \xfb\x93\
\xb7\xe3\x91\x92\xea\xc9\x89\xbb\x0b\xc8\xda\xc6\xeaJ\x9e\x85\
N{\x0d\x95j\x0d\xcdZ\x9d!\xf1:\xa9\x16\xd4C\
\x8f+\xddP\xd1K\xb9\x95\xd4\x17\xb45\xf3\xed\x10L\
\x12k\x19\x06\x0f\x89\xf5?\xb0\xea\xa9P\xb1`rT\
\xc5?\x89<s\xcdI\xcc\x17t]ag\xbc\xb2+\
H\xdf \xa99\xb3\xd6\xc6\x08\xb5\x07\xb0L\xcb\xeb\xa1\
6P\xc6nRRs\xb8P\x88-\x18B6\x04\xaa\
\xa8D5\xfex\xc8\x1c\x89fb!\x88(I\x82s\
c\xd1\xc2\x84\xf9SY>b\x024w\x047\xb9A\
)\xbb\x9c\xe8w\xea\xa4;'q\xd9\x1f\x17}\xc60\
\xd4\xdc\x87\x98\x94\xa0\x02\x13\x02\x5c(_\xbe5v\xb2\
T\xf7\x9d}L\xe06}\xbf\x8b\xa5\xce\x0a\xd6\xfa\x1d\
\x1b\xb9i\x15\x1e\x95|b\x5ct\xdae\x1b/\x81J\
\xb8\xe2\xcb\x8bRg\xbf\xef\xbc\x02B\xfcq\xd8\xaf]\
\x0e\xc9\xdaK|a\x0fa\xa0R\xa0\xd6\x18\xfbl1\
T\x0e\xee!\xbd\xbe\xca]\xaf\x1b\xdcMy\x09\xb3g\
Os\xd9\xb3\x11.\xeaa\x22\x1e'FkL\xfc\xcd\
z\x8a\xa9\x91\x1a\xae\xdb\xda\xc1\xab\xff\xc5k\xd1\xaf\xdd\
\x84\xf7\xfe\xe7\xdf\xc2\xbd\x07\xe61\xbf\x9ac\xb9M\xee\
\xee\xd2\xe9\xfe\x1c\x1bb\xd7/p\xff\xc5tw\x01D\
\x1a\xf1\x89\x0di\xfb;\xb1\x1f\xc4\xea\xb0\xa3\x17]\x06\
\xc9pY\x93\x83b`\xab\x89X\xab\xda\xb0H\x0a\x0f\
\x1dm&\x18o%\xb8lS\x0b/{V\x05\xaf\xff\
\x8f?\x8f\xe4l\x0f_\xfd\xd3\xf7\xe3\xe13\x15\xcc,\
w0\xb7\xd4\xc7\xc2j\x8e\xd5.\x85\x16\x13\x8a\xa0\xca\
\xc24=\xd4\x86\xbc\x09\xf2\x9dQ\xd4 \xa9\x05\x844\
\xd8\x9dh\x93U\x8cG\xc2P\xbf\x04+I=C\xc4\
\x06\x16\xd7q\xd5\x07<\xc4]d=\x11+K\x8c\xae\
/\xab\xf5\xcd\x81U\xf1\xd2\x8a\xf5|\xd6'S\x0e\x9d\
1\xb0\xd5'\x948\xfe\xe3\xf4T\xf3}\xdf]\xc6\x90\
\x88A\x03\x86\xa8\x8d\xdad\xd0\x01\xab\x05\x5cn\xda\xfc\
\xd4+\xa5\xb1\x07\xb4\x0c#e\xf8\xdf1L\x81\x18\x86\
\x91\xfc\xbe\xc1\x8b!p[\xf1\xc9&{1\x13\xb0\xfa\
\xbdNP\x11\xd3\x9c\xf4\xafw\xb6\x16\x8b\x0e$\x9d\x95\
\xd6\xa1\x9f\xf7\xd1/\x0c\xb2\x13\x14`\xce\x0eex\xbc\
\xb1\xa2P0\xef\x03P\x11\x99.e\xd7\x9e%Z\x84\
v\x1d\x861\xfc\x89*\xd7M\xf3j|\xfa\xc6\xcdG\
\xf9\x0c\xc6\xc5G\x96\xfeF\xbd\x8a\x89\xb1QV\x05f\
\xa7\xcf2\xe4\xe7\xd8\xfez\x8a\x0a\x85IW\x13L\x8d\
\xd61>Z\xc5\xe4H\x05c\x8d\x1a\xae\xbd\xb8\x8b\xd7\
\xfe\xcb\xd7 \x9dx\x0e\xde\xf3\x9f\xff\x1b\xber\xffQ\
\x9c]\xce\xb1\xbc\x0a\xact\xa8\x0b\xb4)\x8ac\x98\xae\
ET\x8e\xe9\x86j\x80\x93\xa9O\x82\xe4\x7f\xa2\xe7o\
x\x11\xfe\x1dY[!\xc1\xa1\x96\xab\xba^r\x1c.\
i$\x12YI)Id\xb4\x91b\xbc\x99`\xe7\xe6\
&^\xf84\xe0\xc7\xff\xc3[\xd0@\x03_\xfb\xc3\xf7\
\xe2[Gs\xcc\xac\xe5\x98]\xe8ai\x9d\xe2\x09\xc8\
=Xp:\xb1\xb1\x9aR\xa9\xa9*j5\xd3\xa6\x9a\
\x98\x83\xf1\x22H\xe7\x1c\xc9Z3VgS+O\xd5\
\xd0\x17\xbb\x85\x9a\xd9\xe2\x5c\xa6>W*-T\x15\xf4\
\xa9^ri=V\xce\xb1\x86>\xbbA\x0d\xec\xf4\x01\
\xcc^*\x89\x9a\xe2\xe1\xb0O7\x96\xf7$\x1f@\xe7\
\x05Xc\xab\xb5\x19T\xa5\x81(\xcf7\xcd\xb51d\
\x91\xeeI\xc9Z\x5c\x99I\x11?\xc3y!vN\xf8\
\xb1z\xa9\x83\xa6\xc2\x8a\xa40\xacw\xad\xfa\xcflL\
\x883\x1c\x0bB\xa0u!\xdb\x82\x84\x01\x87\xb5\x9e\xb5\
q)6\xb0\x9a\xbd\xa5\x8a\xb2+[\x8cx\x11\x84\x17\
\xb8\xbd\xc8\x90\xc2\x16:\x1dH\xe4\x81\xf1\xa4\xc8\xdf\xca\
\xbao\xc2zST\xab\x15&\xfc\x91V\x83a\xff\xea\
\xca*f\xcf\x9eA\x91w\xd1\xa2\xa8>\xaeqiZ\
y\x8f\xb5H\xeag\x98\x1c\xaba\xdbx\x0d\xd7_\x96\
\xe3\x95\xff\xf4\x87QTw\xe2\xdd\xbf\xfa\xfb\xb8\xed\x81\
\xd3\x5c gi\xb5d\xbb\x0b!\xb16\x11\xbfM\xf9\
\xd5\xf1\xfe.\xfaO\x04\x942\xb8\xcb\x04\xe8y\x88Q\
\xc1P\x97}4\x97\xe7B\x06\xe7=D:\xa90|\
\xcf\x8cu\x90\x85\x92V\xac\xc3:c\x96\x94C6L\
\xa0AL\xa0\x9ebb$\xc1\x8e\xc9&\x9es}\x8a\
\xd7\xff\xf2\x0fb\xeb\xf6+\xf0\xcdw\xfe-\xee\xdf=\
\x87\x99n\x15s\x0b]\xee=\xb8\xdc)8r\x8a7\
0\xc1Z*\x88I\x89n\xf5\x1a\xa7^\xd2D\x12\x1a\
`\xcb*sV\xa3\x1a\x98\x09\x96\x1a\xf8\x86\x88\x19f\
i\xfdUo?W\xa6:\x04U\x01\x17\x1ex\x11[\
\x05\xd5\xe1\x90\x85,T\xd83\x9e\x0e\xae\x12lU\x17\
>G\x9do=\x81\xbe~\xbeBY\xfc\xdb2\x5c\x92\
\xfe\x86\xe9J\xd7Y\xf3\x9bk\xd0Q\xb5\x1f\xaa\xd9\xd0\
\xb7\xd6g\x22|B\x01.\xf0D\x13\xb8\xe8\xa5\x92\x8d\
\xa6J\x88\x89\x96\xed\xa4\x94\x0d\x82r\x9f\x99\xf9\xf3I\
\xbf\x86\x01H\x12\x90\xb6\xb5\xf8\xf3\xfd\xbc\xf8Y\xd5\xf9\
\x1c\xe1\x0c\x8b\x14\xf7F\xdb\x90Y\x04~\x7f;\xc7\x1c\
\xa4\xc8\xf3\x948\xdf>\x11\xbcyM\x95{L\x0a/\
[\xf7\xa9\xd9i\xa3\x86^\xa7\x83\xb9\xd9\x19\xac\xaf\xad\
p\x7f\x0b\xaa\xe2K\x86V\x92\xfa\x13#\xd4\x85\xb9\xc6\
\x8dp[\xf5\x0a6\xb5\x12<\xfbiM\xbc\xf4\x9f\xfc\
\x1c\x96W\xfbx\xdf\xaf\xbf\x13\xb7?4\x83\xd9\xd5\x1e\
\x16\xad\xd1\x95C~\xd9\xe7o\xd44\xcf|\x15\x03p\
\x8ct\x90\x98\x87\xd5\xec\xb8\xd0#f\xac\x17v\x99\x0d\
\xce\x1c\xc6\xa5\x85\x11\xe8\x10Jv\xabXW\x96\xb7h\
\x9b\xc2\x12\x02Q\xc9mB\xd2\x89,\xd5['Z\xb8\
\xf5\xca\x04?\xfa\xd6g\xe3\xca\xe7\xbd\x04\xfb?\xfcy\
\xdcs\xfb.\x1c[jr4\xe1\xfc\xaaA\x03lE\
\xed\x19F@pJ\xbc\x0dd\x1f\xc8*\x14\xaa\x9ar\
\x981G\x19\x12*\xb0\xe9\xca\xceHe'\xda\xa4[\
\x86\xe6V\xad\x16\x0c\x16\xa7\xf4\x9bU\x08\x22.h=\
8S\xeeD?O\xfc\xdb\xa3\x04S[^}\xc3I\
{?\xd3~\x83\xfb\xce\xc3Ad\x9b\x85\xff\x0e\x15\xb0\
\x91\x10\x9e\x01\xd4\xcck\xdat\xcc@E\xe7\xa7\xfa\x81\
\xf6\xb9]\xe0I,\xc9\xad\xadBF%\x1e\x12q\x97\
zE\xc5\x97\x1b3\x8c\xd5\x1bJu\xd3\x17}8\xd5\
\xcb\xa1\x1d\xc5\x87UV\xa0\xfb\xdc\xdd\xce\x07u\xb9y\
U\x1d\x87\x99\x09\xa8P^\x91\xfc\xa9\x0d\xe6a\x03\x1f\
\x15\xeb\xb4\x89<\xcdF\x15\xcdf\x93\x8d~\xedv\x1b\
\xcb\x8b\x0b\xc6\xe6\x94\x9a\x88>\xeevM\xd1}\xb5\x14\
\x93\xa3\x0d\x8c\xb6\xea\x8c`'ZULUW\xf1\x82\
\xef\xdb\x89g\xbd\xe5\x9f\xe0\xe8\xee\x87\xf0\xfe\xdfy?\
\xbeup\x15s\xab\x1d,\xadPR\x1cI}\xa5\xf3\
\xb3\xdb\xcf\xe8\xfd\x03A?j\xbbh\xc9\x1f\xbd\xfc\x8e\
\x8esz\x01\x02\x18\xb1\xc1\x1d\xf5\xdbNP)\xc2\x10\
\xe9@\x04&5 l\x86\xaf'&\x96\xc2\x229L\
\xa4_\xb7\xbf\x86^\xd1\xc2\xf2\xdb\x1f\xc4\xab\x8f\x9e\xc4\
\xb3\x7f\xf2'\xb1\xed\xa97\xe0\x9b\x1f\xfc(\xf6\x1dO\
\x18\xee\xd7*=,\x93\xcb\xab\x9b`\x95]bf\x13\
\x13\x13\xa0\xa6#\x9dN\xd7\x06jT\xd9\x1a\xce\xee-\
.CfK\x90\x93\xc4\xa3\xda\xf8\x92\xcc\xa4z\x1dx\
#\x9fa\xb7\xa6\xd3\x8fjDE\xc8@\xb5\xa2r\xcc\
c\x08\xae\x0a5W\x8f\x9c\xdc<s\x7f8\x09!\xd6\
\x1f\xa8\xcb\xe9\xb0D\xb1\xbc\xda\x9dA\xa5\xd3$!\x8b\
5q\xfb\xda\xa1\x01\x9b\xf6J\x9f\x11\xa1g\xb6\x1b\x10\
\xe7jX\xc2g\xb7\x93\x0dU\xf6z\xa7\xed\xfe\xac\xf5\
N!~\xc5\xf0\x8c)/\xb2\x94F\xe6\xea\xd0U*\
\x0aC\xbc\x97B\xe3\x9e\x93\xfa\xae\xf2\x8b\x8a\xc0\xb4\x12\
\xc6\x18Z\xd5\xdc\xd8\xdf\x1e\xe6[\x96As\xc4\x01=\
\xb6\xee\xa1t\xe9\xc9L0O\xbdZE\xa3Qe\xd7\
\x1e=wg}\x05s\xab+\xe8v\xdaL\xf8\x94\xcc\
c\xbc)$\xf5)\x8f\xbf\xc6\x92\x9f\x1a\xa3\x92*0\
\xd5\xccp\xe5\x966^\xf0\x9a[q\xe9\xcb_\x8f\xfb\
>\xfe\x09|\xe4/\xbf\x84\xbd\xa7\xfaX\x5c\xed`y\
\x9d\x12\xe2\xac\xc1\xcf\xba\xae\x99\xf8m\xb5\x1f\xd3\xe0U\
\x90\xe8`\xb1S\xcd\xdf\x9e\xcc\xe3I1\x02:}7\
\xd6C0\x08]\xb5\xce\xeam\x02\xd60\xc8\xbek*\
\x97-j\x01\xb8\xbf\xfdS/\xaa\xe3E\xcf\xad\xe1\xa5\
?\xff\xa3\x18\xdfr\x09\xf6~\xf8\xe3\xb8\xfb\xab{p\
l\xa5\x81\xc56\xb0Dh`\x8d\x5c*\xc6\xa0\xc2?\
\xb6$\x99I\xa9$=\x8f\xfc\xb8\x94\xa3N-\xa9\x8c\
\xcb\xca@/\xa3\x1a\x88qP\xf7\xd7\x93\xb1\x1bC\x98\
\x95e\x92\xb9\x16,\x880\x0e\xffN0\x15V:\x06\
\xc6C\xfbJ\xb2\xd9\x06\xe66\x19>\xd3\x8ex\x02~\
b\xab\x06\xd9k;\xd7\xa1\xb6\xbfX\x15\x8c2\xf28\
e\xd82K\xb1\x8fh\xa3\x9e\x97\xfc\xb2\xf1T\xcb6\
G\xdb\xbel\xbc\xd3\xff\xddh=R\x8a\xe7B\x7f\xe2\
$\x9b\x9b#\xc58T\x86\x8f\xc0wwu\x9d\x96\xab\
&\xcb}C\xb5\xe06\x19{\xe6*\xa6\x05\xb7\xb1\x7f\
p\xa5\x9eJ\x85\xddz\x04\xf99f\xa5\xdf\xc3\xfaz\
\x1b\xed\xf6:Jj^\xcb\xc5<\xe8<\x83\xa0\xc86\
@\xae\xe7\x89\xb1:g\xf5\x11\xf1\x8f\xd42ln\xf5\
\xf1\xf4\xa7\x8d\xe3\xf9o\xfc1\x94c\x93\xf8\xf8;\xde\
\x83/}f\x1fN\xaf\x95X\x5c\xeb`y\x8d\xf2Z\
(\xcb\xcf U\x93\xe7o`>\xa9\xad\xba\xdc\xb7\xd3\
\xf7\xf5\x5ck\xbb\xd2\x93|<\xa9F\xc0\x01U@1\
\x01m\x0f\xa0\xc3Y\xb2\x1d\x030\x9b\x94;\xd7\x90J\
@\xb6\x81:\x5c\x16\xd5\x15[F\xf1\x8c+{x\xe9\
\x8f\xdd\x80\x1b\x7f\xf0\x07\xb1\xb2\xff\x14\xbe\xf9\xc1\xcf`\
\xdf\xc1y\xccvG\xb0\xb4^`y\xb5\xc7\xc6\xc1\xb5\
^a\x0c\x5c})TJ\x0dKl~\x01#\x0f\x8a\
\xa37\x86\x1eSe\xd0@[\xb1\x15\x88:\xe0\x930\
\xa2\xbf\x9dD\xb6i\xa5\x22\x89\x1d\x81\xc7\x15h\xcc$\
x\x06\xe1s\x0ada]\xd6Z\x14\x0d\x17\xc3\xdaX\
\x0d\xd0sL\x1f9[\x80\xd8\x0f\x22\x86k\xbc16\
\x87\x2206I|\x84\x81\xf8\x03\x99f\xd6 \xa8\xe3\
'Bk\xf4`M\xa4\xb0\xaa\x8f\xda\x0b\xc2D5\xe2\
\x09M#v\xec>\x97\x82\xf7\x8fK\xe3S\x86f\xfe\
mZ\x99\xf1+\xd7\x8e\x0b\x01\xc4\xe7\x84\x1d\x96\xf6\xb6\
N\x019,\x0a\xea\xabHEN\xbb\x5c\xec\x94\xb0\x0e\
\x9dO\x95\x8fL\x1d\xff\xc2\x14\xf1 aT\xaf\x9aN\
\xc8\xad\x0aj\xb5\x0cc\xcd\x1a\xb66\x0b\xec\xdcQ\xe2\
\x99?\xf0|l\x7f\xde\xcbp\xf8\xa1\x07\xf1\x89\xff\xf9\
a\xdc\xf3\xd0\x12f\xd7{XY\xefc\xb5c\x8d\xad\
\x0c\xf9-:\xb5%\xf3\x9c\xc1\xcf\xc6\xcch\xd8/\xbf\
\x825\xd8\x80\xf6\xce\xa7x~'\x9f_\xf0\xc1\x17R\
W\xd3\x9c^{\x05\xbc^\x16Z\xaf\xc50(\xc6A\
\xd3>\xcc\xd8\x05\xe8\xa7U/\xb1}\xb2\x85\xa7l\xad\
\xe29\xb7\xd4\xf1\xa27\xbe\x10SW\x5c\x87Sw\xed\
\xc2\x83_\xf8&\x0e\x1c\xed`\xb1_\xc7J'\xc7\xd2\
Z\x1f+\xeb\x85\x83[D\xd8\xd4\xa8$\xd0\xb9\xac\xd4\
\xa7 \x16+C]l\xbd\xa1K_{\xce\x10\x83!\
\x0c\xd7x\x93\x1e&\xb0\xd2Z\xd5\xc1\xa6\xad\x9a\xcf\xed\
\xf7\x11\x1a\xc5\xdc{\xea:BQ\x0e\xf8ji\xe8\xe6\
\xd8\x7f\xd7m~\xedr\x95\xf7\x02\xc6km\x01b\x80\
\xb5\xaf9\x7f\xc2n@3\x04\xb1\xfa\x0fq9\xd9?\
\xc4\x0e\x22\xde\x09_\x8b\xd1\xdb\x00\x1c\xd1\xbb\xdc\x07A\
\xef\x82v\xf43x\xbb\x80\xde\x8a\xaeX\x870<k\
\x1b1\xc2C7\xe4\x10\xfb\x87m\xbea\xa3\x07\x8d\x81\
\xcf\xc0|a\x9cf}(\xc1\x8c\xa2G\xa9g\x02\x85\
\x9c\x9b\x1e\x0bF\xf7\xb7\xa5\xd9\xa57\x02\xbb\xf5\xc8(\
]c\x1d\x9f\x18\x00\xf9\xf5)\xa7\x7f\xbcV\xe0\xea\x1d\
%\x9e\xfe\xc2\xa7\xe0\x8a\x97\xfe\x08\xd6\xd7r|\xe5\xfd\
\x1f\xc4m\x9f}\x18\x87gs,\xb4\xbbX\xb5\xf6)\
\xda\x83\xe4\xb6\x167\x9fC]\xca\xab\x22\xaeV!x\
\xf9-B\xe1\x5c~\xff\xef\x94\x80c\xba}b\x17\xd8\
\xe0\xbd r\x96\x0e\xc9\x8f\x8f\x98\x00\xbd\x16u\xc0t\
O\x91\x86\x12\x84\x08(\x9c\xd5dT\x91\xbb\x90b\xab\
wL\x8e\xe2\x86Kr\xbc\xe0\xa5[\xf1\xccW\x7f?\
\x1a\x93\x138q\xc7\xfd\xd8}\xfb.\x1c<\xb2\x8a3\
k5\xac\xf4\xa9\xa8\x22U\xcd\xa5\xf6\xd8\xb9\xf9m3\
\xad\x0c\xec5\xee-\x09S\xe6\xf6\xda:6\xc0\x93\x91\
\xedf\xebk\xfb9\x82s%\xd1-\x03\xd0\xba\xb12\
\x96\x99=le\x99\xcb\xe3\xf6\x9b\xde\x9f\x96\x0c\x0b3\
Rh\xc2DR\x0a\xeap4b\xe7P\x04\xa4H_\
q%\xd2kg\x14\xb4s\xecs7\xbc\xd1O\xd7\x9d\
S\xc6\x06\xdb\x9b@t\x7fe|\x93T\xe9`\xf1\xad\
\xf1\xcf~\xee\x1ap\xd8\xd6\xefzS8\x86\x16\xa3\x1e\
\xfb\xb9\xd4j\x1c$x\x9f\xd9iF\xa6\xe7E1b\
\x1b\xb8d\xbek\xc2\x91\x1c2\xb0I=U\xeaa \
\x82'!\xdb\x12\x05\xfbT\xd0$\xd7_\x93~*\xc6\
F\x90%\x98j\xe6\xb8tk\x89\x1bo\xb9\x0a\xd7\xbe\
\xec%\xdc\xc0\xe3\xbe\xcf\x7f\x0d\xb7}\xec\xb3x\xe4\xd0\
:\xce\xae\xf4\xb0\xda\xeesw&6L[\x0f\x0b\x09\
\x1e\xb3\xef|u\x1f\x09\xf5\x15\xd8/\xc2@3^\xb6\
\x01\xa8\xac\xd4\xef\xc6\xf1\xa4!\x80\xf8\x82\x03\xeb\xa9\x0d\
4\x112\xd8H_ek\xab]$*\x96Kv\x01\
Sb\xba\xe4\xf0\xca\x9dS\x0d\x5c\xb3#\xc7\xb3_r\
\x19\x9e\xf9\xca\x9b\xd1\x9a\xdc\x82\xb9\xdd\xc7\xb1\xfb\xeb\x0f\
\xe3\xe0\xfe3\x98[I\xb0\xd4\xabr\xb0\xcbZ\x97\x16\
\xa6\xb4\x85G\x0c\x0c3\x06C\x93vL(\x81\x16\xc9\
\xd8\x02\x8c!\xd23\x04+\xfd\xadQ,\xd6j\x99\x09\
8\xca1\x0f%1\x05Z\xd2k\x88\xebs\x08t\xa8\
\xab\xefg(EK\x9c\x10t\xd6q}\xae\x9e\xf9\xe0\
\xeav^%\x09FT/s\x0d\x99c3N\xa5\xdf\
\xb3d\xd2i\xd0\xde\x8d\x86\xa0e\x82\xae\xdd\xe7\x13\xac\
\xf5\xac\x18\x86\xa8\x10\x80\xcd\xc8\xd2\xb3\x17\xa84\xaa\xe4\
\xb6\xcc9\xc3\xfa@\xaf\x94\xc8>M*\x1e1\xe9\xb8\
\x00\xd1\xfdM<\x84%x;\x17\xb46\xb4\xb7j\x95\
\xd4\xd8\x9c\xa8\xddy\x8d\x0c\xc5\xa6Z\x0f\xa5\xf1R\xa2\
O\xa3\x9a\xa2\x99\x15\xd84\x96\xe3\xca+'q\xfd-\
7\xe2\x92g\xde\x8a~Y\xc1\xae;\xee\xc1\x9d\x9f\xf9\
*v=:\x8d3\xab)\x16\xd6\xbaX\xe7\xd8\x14J\
\xa8\x12\x1b\x94\xf1\xaex\x1f\xff9\xd2{7\xc8\xf6\x1b\
f?\xb9\xe0\xe3\x02\xbe\xf0]a\x00t\xc4\xfa\x9c\xfb\
\x5c\x04\x80r\x15\xca{\xdem\xe57\xa9I\xbd\x94\x9a\
\xf9\x86\x11\x10\x13hU\xc9%C>\xd8:v\x8c\xd7\
p\xdde)\x9ey\xeb\x16\xdc\xf4\xe2\x1b\xb0\xe5\x8a+\
\xd0_n\xe3\xc4C{\xb1\xff\xfe\xc38rx\x1eg\
\x97J\xac\x12*\xe0^k\xe4\x86\xc9\xd1\xe9\x123 \
\x17!\x05cP1\x12\x9f\x8c\xa1k\xb0\xf1\xf3D\x8b\
\xa5\x1f\xd4|f\x11\x80\xed\xb6\x1b,p\xfc\x05M\x9c\
Z\xcc+\x8a\xe6\xb0`\xf9\x86r\xc5hy\xab\x99\x81\
\xdcS.f\xdc\xae\xe6\x13\x91\x80.\x5cG\xb9\x0e=\
r\x11#\xa0e\x12\xae\xbe\xbe\xbd\xbe\x8b\xa0\xd4k\xe8\
\xd3f\xc9\x8f\xe3\x1f\xc5{t|\x195;\x02uO\
\x87`\xdcSx\xdb\x88Wst\xd2\x96\xdc/\x84\x95\
a\xa1\x0fS\x8a\x5c\x8c~\x86\x01\x90\xfeo\xed\x016\
\xd2\x8f\xfc\xfc\xadz\x85\x0dyd\xe8\xa3s(\xfb\x8f\
\x222\x9b\x95\x1c[\xc7\x12\xec\xb8\xa4\x89\x9d\xd7o\xc1\
U\xcf\xbc\x1e\xadK\xaf\xc3\xea\xdc2\x1e\xfa\xda}\xb8\
\xe7+\x0f`\xcf\x81yL\xaf\x96V\xcf'\x84I\xd1\
\xa9\xb4\x8f\xa4'\x86\x96\xf6F\xd54j\xe7\x90\xec\xbe\
H\xe5\xf2Ov\xe1\xc7\x13%\xe4'\x9d\x01\x9c\xeb\xa2\
j\xbf\xfa\x05\xf3\x05W\x1d\x120!\x99\xde6@\xef\
\x9b\xbak\x9e\x11\x10\x13\xe0\xf0\xd6*\xb5W2\xfe\xd8\
\xad\xa3\x19\xb6\x8f\xf7q\xdd5\x0d<\xeb\xc5\xd7\xe1\x8a\
g\x5c\x85\xe6\xe88z\xf3\xcb8\xbd\xff\x18\x8e>v\
\x02'\x8e\xccaf\xb6\x83\xf9\xe5\x12+\xb4h\x94\xcf\
N\x0d.\xc8 d+\xb1\x904\xa7\xbf\xb5\xeek\x1a\
3\x08\x91\x0b9\x89.Lg\x99-+\x1d\x5c\xe5{\
\x1aEH\x9a\xaa<\xb9\xb6\x8d8\x9dX\xf2\x11dv\
\x98X\x8c\x82\xc8o\xdb^\x00t\x13S\xa3@\x1b\x17\
\xd5\x9c\x92N\xec$\xac\xd5\xa3\x85X\x5c\x12\x8cfl\
\xc2\xe9|n\x83.c\xa67\xa9H\xea`\x15\xad\xaa\
\xa1\x95\x10Y\xd3\x0dC|\x03\xfc\xa3v\x8d\xab\xd3\xaf\
\xec!\x8e\xfc\xc58h\x5c\xa7\xae\x1d\xb7r\xfb\x89\xf1\
\xcf\x94\xe86\x16\x7fN\xe4qI=\x82,\x13\x86\xf6\
\xcdj\x82\x91z\x82\xcdSU\x5c\xbc\xbd\x81K\xae\xd9\
\x8c\x1dO\xdd\x81\xd6\xb6\x1d\xe8R1\xdb\xbd'\xb0\xe7\
\xfe\xbd\xd8u\xdf1\xec;\xb2\x86\xd95\xda;]\x16\
 \xa6~\xbfx\x9f\xacWI\xd4KB\x94\xb2\x7f\x9c\
\xa7\xc5\xe7\xa4\x04\xf3\xaa\x99\xc0w\x8b0\x87\x1c\x7f_\
\xf7\x09n\xe8~+\x1b\x81\xfc-\x0c`xt\x9bA\
\x03\xe4%\x90\xd0Vb\x06\x94\x80A\xef\x91\x1b\x91\xb8\
\xfaT\xab\x8am\xa3\x19.\xdf\x92\xe1\xcak\x1a\xb8\xea\
\xe9\xdbp\xf9\x0d;\xb0e\xc76\xbeI\xfb\xec\x0a\xe6\
\x8e\xcf\xe2\xcc\xb1Y\x9c>\xbe\x80\xa5\xb95,\xadt\
\xb0B\xc6CZ\xdc6\x11\xb9\xf1\x10P\xbd\x01^P\
K\xc4L\x8e\xc2\x08\xac\xe4T\xb6-\x17hD\x87 \
\x03\xda\x0c\xfa\xd9\xa5\xbd\x93#\x0d\x05\xb9cU!\x8c\
=Pi\xec\xce\x08`\x0d]J\xda\x9b\x1f\x93\xcb.\
\x0cH\x8c\x8aR\xf7N\xa2\x09\x8dt\x0f]\x91\xf6\x0c\
\x171ij\xf2\xd9|y\x81\xf1\xea3\x13hc$\
s\x10\xc8c9\x1c\xf7\x09P\xdd\xa6M\xff\x06\xa5j\
\x88\xda#\xaeT\xe7\xf1\xf0cu%\xb8\xe5o\x1b\xc5\
\xc7\xa7\x93k\x97\xe7\xd8\xec\x0f\xe7r\x86\xb8\xfc\xcc~\
!\x82\xa7 \xa8V\xa3\xc4\xe4d\x15\x9b\xb7\xd4\xb1i\
k\x1d\xdb.\xadc\xcb\xa5-\xb4\xb6\xd4\x80\xca\x08\xe6\
\xe7S\x9c\xdc\xbf\x88C\xbb\xce\xe2\xb1G\xa7q\xec\xd4\
*N.\xe5\x98[\xe9s_D#(\xa8\xb9-!\
IC\xecR\xc4C\xeb\xf8\xda\xb5\xe7\xac\xfc\x8a\xd0}\
g\xab'.\xf9\xbfg\x18\xc0\xa0f\xecU\xe2aw\
\xf0\x90-|/\xb6j\x8b\xc5:\xf4\x16X\xa3\x96\xb5\
\x0f\xb0j\xc0E\x19\x8d\xfb\xb0n{\xedQ\x0e\xfa\x18\
\x95a\x1aI\xb1m*\xc3\xa5\x974p\xc9\xe5c\xd8\
~\xf9V\x5c|\xf9\x14\xa6\xb6\x8e\xa09^\xe5^u\
\xfdN\x07\x9dv\x1b\xab\xcb\xabX<\xbb\x84\xf5\x95\x0e\
z\xdd\x1ck+]\xac\xafv\xd1i\x17\xe8\x91E\xb7\
\x0bt:\xd4\xcb\xd0tnebw}\x08ld\xa1\
\x95\xceb\x170\xe7\x18I.\x9b\x9dS\x7f\x03(h\
6\xbc0\x0f\xd3\x91L\xb71\xb7\x04n\x19\x053!\
\x1b\xbaj{FY(\xeem\x06\x92](\x1c\x96\xa4\
\x9e\xd4\xb17\x05Ttn\x81\xaf\x9e)(A$\x94\
\xe8\xd2\x9c\xf5gG\x22\xfa\xac1\xde\x9a\x1b\x88A\x97\
\xef\xcb\xebdR\x87\x85\x09\xb0\xad\x84S\xc2\xbd'\xc5\
\xa8\x05*\x00\xcb}\xd7+\xf6\xce\x93A\xfez;7\
\xd4QY\xf4|\x92\xee\xd4\xdc\x88\x10V\xb5J?\xa6\
\x05\x19\xb9\x91[T\x8a|\xa4\x8a\xe6X\x15#\x935\
\x8cN\xd5\xd0\x98\x18G\xb55\xc2\xf7\xeb\xacu0?\
\xb3\x843\xa7r\x9c>\xb2\x86c\x87\xd6p\xfc\xe8\x12\
\xce\xceu8n\x7f\xb9[`\xbd\xd7c#r\xb7'\
\xee\xe4\xf0\xc7X\xf4\xad~\xaf\x88?6\xf2\x05\xe5\xbc\
b\xc9\xef5\xa5\xef\xca\x11\xd8^6x\xfd\xf7v\x0c\
\x00A\xed\xba\xb2G\xa0\x16h4\x100\x03[\x98Q\
|\xdcT\x09\x87\x1b3\x90\xba`2\xe1\xe87\x1b{\
\xaaT\x9c1C#\x03&\xea\x09&[\x15L\x8eg\
\xb8hk\x1dS\x9b\xaa\x18#\x89pQ\x13\x93\x9b\x1a\
h\x8d\xd5\xd0\x1c\xab\xa11\xda`F\x92em\xa4Y\
\x17I\xd2\x01\xf2\x1eJr\x19\xb0e\xa7\xcb\xfd\x898\
\x92\x8f[\x99Y\x07\xa0\xac\xb43p\x14\xdc+\xa1\xe4\
\xa0\xfa\xbe\x0f[u\xbd\xbb%\x89\xc6?\xb4\x03\xcdV\
\x9ac\x88=\x80\x89\x85Ss=\xb7\x95\xf6i\xa6 \
)\x95\x07\xb3\x1d{e(\x22\xa9-\xa3\x12\xcc\xe1\xec\
\x07\x0e\xdaX\xbc\xc3\xb1\x1a&\xc3\xd0\xc7*H\xb2\x90\
\x84vr\x09(s-)\xbfd\xea\x97I\x0fr\xd3\
\x88D\x18\x82\xa8\x19\xf6\x9a\x12\x0f@\x92\xdc\x15\xe4\x13\
\xc6$z\x0a\xdf\xdb\x04q\x05\xfb\xc6\xa6\x9a\x9a\xeb\x9b\
R\xea}4P\x80\x12\xc3\xa8\xed\x1c\x15:\xc9\xb8\xb8\
\xec\xc2\x5c\x1f+\x8b\x05\x96\x16s\xccM\xe7\x989\xd3\
\xc5\xccL\x17s\x8b},\xadv\xb1\xda)\xb0\xd2\xed\
q[{jT\xc3\xf6 6\xe2\x19\xc2\x97r]F\
E\x94\x1c\x09q\x0f\x0fZ\xf6\xe5\xb5Y\xb7\xe1\xc6\xbe\
a\xc6\xbf\xbf\xcf\xc3\x0b\xea\x0b\xe8$\xfa\xdd\xb8\xb9\xbe\
\xf7Fh\x80\x0e\xcd\x00|\xa0\x87\xad\xd4b\x8be\xf8\
\x94Xa\x08\xe2I\x10\xc3\xa2\x91$\x84\x14\xa8\xdc\x16\
\xb5\xe5\xaeQ\x90\x88-\xdd\xc5\xfa \x15r\xacQ\x86\
\x17I\x12\xb23\x98\x16N\x8dz\x82\x8c\x8cE\x15j\
\xb1m\x02Eh\x8f\xd7\xaa\xd4\xf2\xda\xba\xfc\x18v\x8b\
\xaeo{\x19\xba\x98|k\x9c\xa3D\x18)\x19\xa6\xa2\
\x07\x8dt\x95.\xb7\xca\x9f\xce\xe7\xda\x06\xa5\xe9\xb0\xb8\
x\xbb\x01\x03o\x82a\x00^\xa2\xabv\xe7\xa2+\xdb\
JMN\xed\xd2\xbe}\xb9\x0a\xdb=\xbc\x1bM\xfb2\
\xc4\x0e\xe2a\xba\xd1\xcb\x8dm\xc2\xdc\x8ck\x1epa\
\x06j\x15n\xd0\x07g\x17\xf2c\x1a\x1f\xbc\xd7\xf7\xc5\
u(\x05Tm\x8bm;7\x06B\xcb\xfd\x0c'\xe2\
\xf7\xf8ef\xc6c\xdd\xb9\x9d\x0e\xc5|\x98\x04'r\
\x05\xb3\xe7\xa7G\x09c\x05\xba\xa4\xb7\x17d\xf8\xcd\xd1\
\xa3\xd4\xe4\xb2@\xaf\xc8\xd1\xe7\x10q\x9b\xfd\xc8Dn\
+7i\xbf\xbd}\xed\xa4\xbc\xd2\xeb]\xee\xbeX\xf9\
e\xfe\x06\x22(\x87\xd3\xd9\x13%=\xa1\x99'J\xbb\
\xff \x08`\xd8 \xdc\xeb\x01]T\xa9\x05J\xa8\x06\
h\xc0\x12\xbf\xd7\x15\xad\xcfW\x18\x84c\x00>\xde\xc0\
\xb9\x1dm.\xbd\xbe.\xf7\xb4sI9>\x1d\xd7\x8d\
\xca\x09'9\xc3\xff\xedb\xcf\x95'\x80\x88\x9a|\xcc\
toK\x9a\x1e\x12\x06%\xea\xbc\xad \x80i\xca(\
 \x04,\x06\x019\x8f6\xa6\x0e\x5c\x12\x17\xa2\xb7\x0b\
D.8\xfa\xc7y\x0a4\x04U\x0c@\xf4u\xb1%\
\xd87\xf5\x1a\x89\xb1M \xbc6\xf5\x05*\xa1}H\
\xc3\xbc\xa4\xe5\xbbHv\x9f84h&\xf4W\x8a\x1c\
%.\x0eC~X\xe5\xb2\xa8E\x9a\xd6r\xc0\x8f\xac\
\x08\xa91\xaa\xc8I)W\xe7\x94g\xaf\xab\x9b\xb8|\
S=\xc9\xbfo\xf3\x22t\xa3N\x1b\xc1\xa7\xc3\xa7\xf5\
\xbaj\x88\x1fK\xfdx~\xfe\xa1\xa8s\xe8-\x9e\xec\
\xfb^\xe8\xf5\x82\xc5\x8f<\x05\x81\x9a\xe0\xa4\x96\xb5\x13\
X\xc4\xc9\xcc@1\x09]\xd3M\x10\x80\xff\x8e\x84\x8d\
\x12\xf4\xb4\x8544\x93Q\xc6$\xef\x84\xf2\xc4g\xc6\
\xa1\xa44]C\xce\x93\xb1\xaa\x1ee\xce\x1an\xbf\x22\
\xd00\xa8\x1a\xe4\x08EIk\x99=\xa5#\xca\x18\xcd\
\x98\xac\xb1.0&\xaa2\xd8\xc1\x22\x845\x0a\x8d\xea\
\x1e8\x16]f\x9f\x10\x9b\xcb\x03\x900g\xad\xdd\xb8\
1\x0b\xe3\xf1c\xf5\xe5\xd5\x07\xf7A\x10f,\xf0^\
13\xc7B\x95\x01T\xde\xd75\x1b<\xa4\xb6\xb3\x12\
\xb9\xd8\x5c\xe97)\x18j\xcb\xd5\x19d\xe3-\xf4\xbc\
\x1e6\x1d<6\xd89\xe2V\xa1\xba\x1a\xde\xf3\x18\xa2\
\xb6]z}e\x9cj\x88\x03\xd2z\x18}8\xa1\xf0\
\xbf\x03\x038\xef \xb4\xdb'vi\xb9\x8d\x1e\x1e\xda\
F \x9e\x02\xd9o\xe9\x10\x94 \xdf\xd1FF\x81\xe5\
\x1aY\xf8kj7\x9dT\x96\xf5\x15f\x1d\x91\xda?\
<\xb1\x1aI\xc3m\xcaTj\xaf\x7f \xf3\xcbI;\
w\x1d/]\x03)\xad*\x5c\xf8\xe4\xc30\x8f^N\
s6\x03u}}\xbd\xd8\xfc\xe3\x18\xabc\x0c1\xf6\
\xd0:\x7f\xd4'\xc11\x94d\xc8N\x8f\xef\xe5\x91E\
\xfc\xaeOa\x12\x03\xa60[\xef5\x88\x9fU\x9f7\
\xb0O\x95\xe4\x15o\x8bv\xbd\x0a3\xf3\xc6\xb8\xc4#\
\x9c v#n\xe7\xe6\x99\xdfP?~\xac\xeb\xc7\xc3\
\xba@\xa9\x7f!\xb4\xf7d\xd1\xe7\xe0j\xff\x03\x1c\x1b\
q\xbf\x81\xf3\x86\xf5jW\xcc!~-\x7f\x07\xf0>\
\x80\xebJ\x8a\x0d\x89\xa3Wjsx\x8e=\x02\x22\x0d\
\xa0\xb9\xf9\xd4\xe7\xad\xcb3\xfa\x8d\x1d\x13\x98C\x16J\
\xc2;(\xad\xaf\xab6\xbdH\xc4\xf8\xd9\x99\xf9\x18\x91\
\x1a\xc2\x89\xe0\xf0\xef]\xc8\x06\xf0q\x0eJ\xfd\x10\xd8\
>\xe4\xd2\xfa\xae\x16\x94\x07\xfd\xff\xc2$!uw\xe7\
z\xf0\x9f\xe8\x90\x88a\x035{b\xd8\xca\x08z\x89\
r7\x22K<\x1dL\xd4\xf4B\xa2?5!\x0f\xd3\
\xe7c\x06p\x0e\x02\x8f\xdd{\xc3\xd4\xa3\x7fP\xe1\xfb\
\x0f\xcd\x00\xcew\xc4K\xeb\x08Ro\xfcP\xb0\x85D\
\xa1\xdd\x8a\x01l\xddX\xc5\x88\xcf\x8d\x89\x7f\xd8\x08}\
\xc4]\xc8\x08\x823\xf5\xdb\xd1\x05\x87o\xe1H\x8aK\
\xf1\x8d\xe8\xbe\xc1\xf8\x94j\xe0\x19\x85G\x0d\x1a\xee\xeb\
\xbb9\xcd]\x979\x1fr^<p\xb3\xf9=\xf2\xf0\
\xe7x\xd8.\xd0\xdaa`\xb7^J\xb6\xab~}\x81\
\x04\x1d\xb0\x92\xeb\xda\x80a\xc5`\x85\x0f\xe4Q\x02b\
\x8f\xa54\x1d\xee\xf79\x08\x1e\x1b\xfd\xad\xaf=\x04\xda\
\xcb\x11<\xf2\xf7\xd8\xf1\x0f:\xaeXR\x0c\xfbl\xa3\
\xf7b&\xa0\xcf\xb1h}@}p\xde%%\xdd5\
\xc3\xd0\x0cF#\x86sB\x92h\xa0\xc1=u\xa8o\
\xfc\xcc\x81p\xf6\xc4\x1c\xd1\xc5\xc0u]!\x12E,\
\xa2\xcb;b\x1e2\xa9\xc3\xd4\xac\x8d\x16\xde\x15\xd2\x1c\
\x98\xd8h\xccJR\xbb\xaf\xc8\xc3\xd92\xeb\xfc\xb9S\
f\xc5\x08\x182\xc1`\x8e\xec\xf8\xb4\xd4\x96\xfb'\x17\
\xe0>\x0b\xa4l$\x955\xb1\xc6\xd7)\xd5\x89\xc3$\
\xbb\xfe^|\x1d\xcd\x14\xf48\xe2\xe9\xfb\xff$\x03x\
2\xf5\x95\x18\x0d\x06{F\x08b\x03\xc9\x1e_\x8b\xfe\
\xd1\x06\xb8\x800c5\xc3\xdeX3\x09}\x0cJ!\
\xffG\xcc\x00\xf4\xfd\x99\x19\x9d\xe7\x9aN\xe6\x0f\xc6\xeb\
\x04\xf7\x0b\xe4t\xb9\xc1\xb56\x861\xe1\xf8\xd4\xf3\xcb\
\x9cl\xc4\x98\xe2'\xd3!\xc5:\xd7_\xb4\x92\x0d\xc7\
.\x00D\x9f8\xa4\xb3\xef\xe00\xa4\xdf\xc3\x90\x85P\
\x92Y\xf8\x9e\xbb\xbe\xfa\x1c1\x03\xb0\xff\xc85\x871\
\x12\x8dV\xe2M\x1e0!|o\x1fO*\x03\xf8n\
\xc7\x12l4X\xbdY\xe3\xf1\xc4\xdf\x8b\x99\xc2\x00s\
\x88\xa4u\xfc\xde\xb0\xf1\x0c#`}/:\x86\xc59\
\x9cK\xb5\xd0\x108\x86J\xc3PI\x80!\xa2\x0d\xab\
\xef\xa5\xa5\xd50\xe6\x13\xbc\xd6\xdcO\x11\xb13I\xa8\
\xf7\x07\xa4\xee\x06Lh\xf8$\xa9\xf3\xe2\x09\xd5H\xe1\
|\xf3\xa4\x9e0\xbe_,\xf5\xf9\xcc2\x1c\xc3P&\
0\xf0}[&\xde\xa9 \xfa\x93\xf3<\xeb\xf7 \xf1\
\xf25\xbeW\xe1\xc9\xb0c#\xd5\x00\xe7\x22D\xdd\xda\
<\xd6\x97\xb5\xe5]KY\xe51\x1b\xe6\x89\x08$\xa3\
\x82\xb11\xc2\xd5\xc6\xcb\xf0\xcb!!\xbb\xde\x84C\x9e\
S\xa3\xee\x811n\xc0A\x06\x5cM\x11\x038\x1f\xf7\
r\xc8\xe5|\xbbZ\x07\xf2l\x80\xc9\x83~\xaa\xf1\xa5\
\xd4gA5\x9c!\xd1\xa1\xfaY\xe2k\xb1t\xd7\xf3\
s\x9ea;\x09\x1f3\xd9\x98Yl4\x9fj\xfa\xfe\
W>\xbe+\xb4\x1f\x09\xac'6\x80\x8d(\xfd\x02F\
\xbb\x11C\x08\xde\xdfH\xf4j\xc8\xaf\xde.U\xf7\xa0\
\x8d\xa4\xb0;W\x8d16P\x0a\xb1\xb8X\x9e!\xf5\
\x14c\x82\x1f\x06\x83\x87=p0\xde!\xf3\x14\x0cE\
\x0d\xc01\xb3\xf8\xb9\xcf\xf1|\xda1\xa1\xd7;\xe0z\
\xe7\xd1\xd3\xe3\xe7\x0a\xa5y\x84,\x86?\xb2\xba\x96\x0d\
'\xbeP\xe4\xb1\xc1\xb8\xf4\x11\xdbR\x86\x01\x93'*\
=7\xe0=C?\x7f2\x8es\xcd\xe3w\x85\x89i\
)\xf5\xdd\xba\xfe\x85\x5c:\xf9v\xcf\x89\xf4\xdd\xf8\xb3\
s\xdd{\xe8$o$a\xed?\x01\x14\x8dN\x08\xee\
\xb3!\xb5D_\xd3\xe3\x8fv\x99\x1b\xc60\xc6\x13\x11\
tp\xad\xf8\x88\x99\xc6\x10\x95\xca\xe9\xfb\xe7\x18\xef\xb0\
\xa99\x1f\xb3\xf3\x0cl\xf0\x19\x87\xa1\xa7o\xfb(#\
`\xa4\xe6e\xd8\xf1\xddF\xcf\xff\xab_\xffI\x1f\xd4\
\x93=\xe0\x8d$Q\xf2\x1d0\xbb\x0d\x19\xc4F\x04\x19\
\x9d?\xf0}u\xfe\x85H\xc9sI\x94\xe8\x92\xe7\x9c\
g}\xde\xb0\xd7\xfa^\xe7b\x8a\x03D\xad\xe0\xfa0\
\xd5(\xf8\xfb<\x17t\x7f\x0eAP\x1a\xad\x95\xe7p\
\xde$\xc3\xa4?\xfe\xfe\x8e\xbfO\x22\x8c\xefu\xce{\
\x7f/r\x87':\xa6o\xf7{\xe7;\xff|\x0c\xe2\
B\x98\x88f\x08\x1b1\x8c@\xc2\xda\xd7\xb2\xe1e\x93\
\x0f\xdcG\xceS\xd2<(\xd8:D-\x09\xc6\xf4\xed\
r@%!\x07T+}\x9fh|\xc38\xc7\x05\xad\
\x93\xf6\xae\x9c'\x9bn\xa3G\xb9@@\xf5\xa4\x1d\xdf\
+\xb44\xc8\xc0\xa3^\x14\x7f_\x83\xf8^\x98\x8c'\
\xe3\xd8 \x1c\xc0|f\x7f_\x08#\xd9\x08\xfa\xda\xcc\
\xd9\x81\xbf7\x92\xc6\xf2\xb7\xbe\x8e\x8c-\xe6\xfc\xdf\xf1\
\x11=\xb4\xa8\x05\xc1\xa0\xceq\x0c\x1b\xcf\xf9\xa4\xd3P\
$3\xac7\xdey\x00\xc6\xff.\xfb\xef;=\xfew\
\xa2\xc5\xef\x89\xe3;\xd9`C\xbf\x1bI\xee(\x9fg\
c\x94\xac\xbfw\x1e4\xed\x90\xc4\x10iz>\x88?\
\xec<=\xaeo\x0br>\xc1\xe3\xff'\xea'~\xc4\
\xc9h\xdf\xf6\xf1\xa4H\x92\x7f\xc8#yb_\xe1\x9f\
\xd8\xf2\xa5$\xad\x9c\xe3\xbe\xb3\x91!P}\xae\xa5\xb4\
\xfb\xbe\x96\xb0\xf6\xb5\x9c\xb7\x11!\xc5:\xf1FG\x19\
\xff\x8e]o\x02\xdb\xe3\xe0\xa3!\xcf\xa2\xafq\xbe{\
^\xf0\x94\x9f\xe3\xc48\xc6\xe3{A\x8a%O\xf0\xbc\
\x0b\x0d\xd0\xfan\x1c\xff/\xe2P\x19m0\x18\xaaY\
\x00\x00\x00\x00IEND\xaeB`\x82\
\x00\x00\x01\x15\
<\
svg xmlns=\x22http:\
//www.w3.org/200\
0/svg\x22\x0a     widt\
h=\x2210\x22\x0a     heig\
ht=\x226\x22\x0a     view\
Box=\x220 0 10 6\x22>\x0a\
    <path\x0a      \
  d=\x22M1 5 L5 1 L\
9 5\x22\x0a        fil\
l=\x22none\x22\x0a       \
 stroke=\x22#EDEDED\
\x22\x0a        stroke\
-width=\x221.6\x22\x0a   \
     stroke-line\
cap=\x22round\x22\x0a    \
    stroke-linej\
oin=\x22round\x22/>\x0a</\
svg>\
"

qt_resource_name = b"\
\x00\x05\
\x00o\xa6S\
\x00i\
\x00c\x00o\x00n\x00s\
\x00\x0d\
\x02A\xd0G\
\x00s\
\x00p\x00i\x00n\x00_\x00d\x00o\x00w\x00n\x00.\x00s\x00v\x00g\
\x00\x07\
\x08sO_\
\x00a\
\x00p\x00p\x00.\x00i\x00c\x00o\
\x00\x0b\
\x067\xbaG\
\x00s\
\x00p\x00i\x00n\x00_\x00u\x00p\x00.\x00s\x00v\x00g\
"

qt_resource_struct = b"\
\x00\x00\x00\x00\x00\x02\x00\x00\x00\x01\x00\x00\x00\x01\
\x00\x00\x00\x00\x00\x00\x00\x00\
\x00\x00\x00\x00\x00\x02\x00\x00\x00\x03\x00\x00\x00\x02\
\x00\x00\x00\x00\x00\x00\x00\x00\
\x00\x00\x00\x10\x00\x00\x00\x00\x00\x01\x00\x00\x00\x00\
\x00\x00\x01\xa0%\x1dZv\
\x00\x00\x00D\x00\x00\x00\x00\x00\x01\x00\x01\xf4\x9a\
\x00\x00\x01\xa0%\x1dZv\
\x00\x00\x000\x00\x00\x00\x00\x00\x01\x00\x00\x01\x19\
\x00\x00\x01\xa0\x056\xc8\x8c\
"

def qInitResources():
    QtCore.qRegisterResourceData(0x03, qt_resource_struct, qt_resource_name, qt_resource_data)

def qCleanupResources():
    QtCore.qUnregisterResourceData(0x03, qt_resource_struct, qt_resource_name, qt_resource_data)

qInitResources()
